ticker,date,open,high,low,close,sma_7,sma_20,sma_50,ema_12,ema_26,macd,macd_signal,macd_hist,rsi_14,bb_middle,bb_std,bb_upper,bb_lower,daily_return,volatility_7,volatility_30,sentiment_polarity_mean,sentiment_polarity_std,sentiment_polarity_count,sentiment_subjectivity_mean,sentiment_subjectivity_std,sentiment_class_safe_value_counts,positive_ratio,negative_ratio,neutral_ratio,sentiment_score
USDT,2017-03-05,0.9,0.999,0.9,0.999,,,,0.999,0.999,0.0,0.0,0.0,,,,,,,,,0.0,0.0,0.0,0.0,0.0,0,0.0,0.0,0.3333333333333333,0.0
USDT,2017-03-06,0.999,1.0,0.99,0.99,,,,0.9976153846153846,0.9983333333333333,-0.0007179487179487243,-0.00014358974358974486,-0.0005743589743589794,,,,,,-0.009009009009009028,,,0.0,0.0,0.0,0.0,0.0,0,0.0,0.0,0.3333333333333333,0.0
USDT,2017-03-07,0.99,0.99,0.981,0.982,,,,0.9952130177514793,0.9971234567901234,-0.001910439038644074,-0.0004969596026006107,-0.001413479436043463,,,,,,-0.008080808080808133,,,0.0,0.0,0.0,0.0,0.0,0,0.0,0.0,0.3333333333333333,0.0
USDT,2017-03-08,0.982,0.982,0.982,0.982,,,,0.9931802457897132,0.9960032007315958,-0.0028229549418825606,-0.0009621586704570007,-0.0018607962714255598,,,,,,0.0,,,0.0,0.0,0.0,0.0,0.0,0,0.0,0.0,0.3333333333333333,0.0
USDT,2017-03-09,0.982,0.982,0.982,0.982,,,,0.9914602079759112,0.9949659266033294,-0.0035057186274182195,-0.0014708706618492447,-0.002034847965568975,,,,,,0.0,,,0.0,0.0,0.0,0.0,0.0,0,0.0,0.0,0.3333333333333333,0.0
USDT,2017-03-10,0.982,1.0,0.982,1.0,,,,0.9927740221334633,0.9953388209290087,-0.0025647987955453866,-0.001689656288588473,-0.0008751425069569135,,,,,,0.018329938900203624,,,0.0,0.0,0.0,0.0,0.0,0,0.0,0.0,0.3333333333333333,0.0
USDT,2017-03-11,1.0,1.0,0.9953,1.0,0.9907142857142858,,,0.9938857110360074,0.9956840934527859,-0.0017983824167784324,-0.001711401514226465,-8.698090255196736e-05,,,,,,0.0,,,0.0,0.0,0.0,0.0,0.0,0,0.0,0.0,0.3333333333333333,0.0
USDT,2017-03-12,1.0,1.0,1.0,1.0,0.9908571428571429,,,0.9948263708766216,0.9960037902340609,-0.0011774193574393133,-0.0016046050828690348,0.00042718572542972157,,,,,,0.0,0.008965012198800042,,0.0,0.0,0.0,0.0,0.0,0,0.0,0.0,0.3333333333333333,0.0
USDT,2017-03-13,1.0,1.0,1.0,1.0,0.9922857142857142,,,0.9956223138186798,0.9962998057722786,-0.0006774919535987856,-0.001419182457014985,0.0007416905034161995,,,,,,0.0,0.008023712109555685,,0.0,0.0,0.0,0.0,0.0,0,0.0,0.0,0.3333333333333333,0.0
USDT,2017-03-14,1.0,1.03,1.0,1.03,0.9991428571428571,,,1.000911188615806,0.9987961164558136,0.002115072159992404,-0.0007123315336135073,0.002827403693605911,,,,,,0.030000000000000027,0.01226311118228255,,0.0,0.0,0.0,0.0,0.0,0,0.0,0.0,0.3333333333333333,0.0
USDT,2017-03-15,1.03,1.03,1.03,1.03,1.006,,,1.0053863903672204,1.0011075152368645,0.0042788751303559636,0.0002859097991803869,0.003992965331175577,,,,,,0.0,0.01226311118228255,,0.0,0.0,0.0,0.0,0.0,0,0.0,0.0,0.3333333333333333,0.0
USDT,2017-03-16,1.03,1.05,1.03,1.03,1.012857142857143,,,1.0091730995414943,1.003247699293393,0.005925400248101287,0.0014138078889645669,0.00451159235913672,,,,,,0.0,0.01226311118228255,,0.0,0.0,0.0,0.0,0.0,0,0.0,0.0,0.3333333333333333,0.0
USDT,2017-03-17,1.03,1.03,1.03,1.03,1.0171428571428571,,,1.012377238073572,1.005229351197586,0.007147886875985998,0.0025606236863688534,0.004587263189617144,,,,,,0.0,0.011338934190276827,,0.0,0.0,0.0,0.0,0.0,0,0.0,0.0,0.3333333333333333,0.0
USDT,2017-03-18,1.03,1.05,1.0,1.0,1.0171428571428571,,,1.0104730476007149,1.0048419918496168,0.005631055751098124,0.003174710099314708,0.0024563456517834163,50.52631578947368,,,,,-0.029126213592232997,0.017069598933035095,,0.0,0.0,0.0,0.0,0.0,0,0.0,0.0,0.3333333333333333,0.0
USDT,2017-03-19,1.0,1.01,1.0,1.01,1.0185714285714285,,,1.0104002710467588,1.005224066527423,0.005176204519335759,0.0035750089833189182,0.0016011955360168404,55.23809523809524,,,,,0.010000000000000009,0.017471142872027112,,0.0,0.0,0.0,0.0,0.0,0,0.0,0.0,0.3333333333333333,0.0
USDT,2017-03-20,1.01,1.03,1.01,1.03,1.022857142857143,,,1.013415613962642,1.007059320858725,0.0063562931039169435,0.0041312658074385234,0.00222502729647842,67.24137931034483,,,,,0.01980198019801982,0.018735108695548897,,0.0,0.0,0.0,0.0,0.0,0,0.0,0.0,0.3333333333333333,0.0
USDT,2017-03-21,1.03,1.03,1.03,1.03,1.022857142857143,,,1.0159670579683895,1.0087586304247453,0.007208427543644147,0.004746698154679648,0.002461729388964499,72.22222222222223,,,,,0.0,0.01494651297554091,,0.0,0.0,0.0,0.0,0.0,0,0.0,0.0,0.3333333333333333,0.0
USDT,2017-03-22,1.03,1.03,1.03,1.03,1.022857142857143,,,1.0181259721270988,1.0103320652080976,0.00779390691900117,0.0053561399075439525,0.0024377670114572175,72.22222222222223,,,,,0.0,0.01494651297554091,,0.0,0.0,0.0,0.0,0.0,0,0.0,0.0,0.3333333333333333,0.0
USDT,2017-03-23,1.03,1.03,1.03,1.03,1.022857142857143,,,1.0199527456460067,1.011788949266757,0.008163796379249577,0.0059176712018850774,0.0022461251773644997,72.22222222222223,,,,,0.0,0.01494651297554091,,0.0,0.0,0.0,0.0,0.0,0,0.0,0.0,0.3333333333333333,0.0
USDT,2017-03-24,1.03,1.03,1.02,1.02,1.0214285714285716,1.01025,,1.019960015546621,1.0123971752469973,0.00756284029962373,0.006246705021432809,0.0013161352781909212,60.0,1.01025,0.01873885633762389,1.0477277126752478,0.9727722873247523,-0.009708737864077666,0.015400530087137347,,0.0,0.0,0.0,0.0,0.0,0,0.0,0.0,0.3333333333333333,0.0
USDT,2017-03-25,1.02,1.02,1.02,1.02,1.0242857142857145,1.0113,,1.019966167000987,1.0129603474509234,0.007005819550063519,0.006398527927158951,0.0006072916229045676,60.0,1.0113,0.018663502238044048,1.0486270044760881,0.973972995523912,0.0,0.009387057563275602,,0.0,0.0,0.0,0.0,0.0,0,0.0,0.0,0.3333333333333333,0.0
USDT,2017-03-26,1.02,1.02,1.02,1.02,1.0257142857142856,1.0128,,1.0199713720777581,1.0134818031952995,0.006489568882458663,0.006416736118218894,7.28327642397688e-05,60.0,1.0128,0.018057218996698744,1.0489144379933975,0.9766855620066024,0.0,0.008867775441667497,,0.0,0.0,0.0,0.0,0.0,0,0.0,0.0,0.3333333333333333,0.0
USDT,2017-03-27,1.02,1.03,1.0,1.0,1.0214285714285716,1.0137,,1.0168988532965646,1.0124831511067587,0.0044157021898059146,0.0060165293325362985,-0.001600827142730384,50.0,1.0137,0.01684948851324263,1.0473989770264853,0.9800010229735148,-0.019607843137254943,0.00770223808267426,,0.0,0.0,0.0,0.0,0.0,0,0.0,0.0,0.3333333333333333,0.0
USDT,2017-03-28,1.0,1.0,1.0,1.0,1.0171428571428571,1.0146000000000002,,1.0142990297124777,1.0115584732469989,0.0027405564654787717,0.005361334759124793,-0.0026207782936460214,33.33333333333333,1.0146000000000002,0.0154932922667572,1.0455865845335146,0.9836134154664857,0.0,0.00770223808267426,,0.0,0.0,0.0,0.0,0.0,0,0.0,0.0,0.3333333333333333,0.0
USDT,2017-03-29,1.0,1.02,1.0,1.02,1.0157142857142858,1.0165000000000002,,1.0151761020644041,1.012183771524999,0.0029923305394050637,0.004887533915180847,-0.0018952033757757836,45.45454545454546,1.0165000000000002,0.013484884325167862,1.0434697686503358,0.9895302313496644,0.020000000000000018,0.012016150879531158,,0.0,0.0,0.0,0.0,0.0,0,0.0,0.0,0.3333333333333333,0.0
USDT,2017-03-30,1.02,1.02,1.0,1.0,1.0114285714285713,1.0165000000000002,,1.0128413171314188,1.0112812699305547,0.001560047200864112,0.0042220365723175,-0.002661989371453388,38.46153846153846,1.0165000000000002,0.013484884325167862,1.0434697686503358,0.9895302313496644,-0.019607843137254943,0.013806261519064344,,0.0,0.0,0.0,0.0,0.0,0,0.0,0.0,0.3333333333333333,0.0
USDT,2017-03-31,1.0,1.05,1.0,1.0,1.0085714285714287,1.0165000000000002,,1.0108657298804313,1.0104456203060692,0.00042010957436211527,0.003461651172726423,-0.003041541598364308,38.46153846153846,1.0165000000000002,0.013484884325167862,1.0434697686503358,0.9895302313496644,0.0,0.013639318667465587,,0.0,0.0,0.0,0.0,0.0,0,0.0,0.0,0.3333333333333333,0.0
USDT,2017-04-01,1.0,1.0,1.0,1.0,1.0057142857142858,1.0165000000000002,,1.0091940791295957,1.0096718706537677,-0.0004777915241720443,0.0026737626333467298,-0.003151554157518774,50.0,1.0165000000000002,0.013484884325167862,1.0434697686503358,0.9895302313496644,0.0,0.013639318667465587,,0.0,0.0,0.0,0.0,0.0,0,0.0,0.0,0.3333333333333333,0.0
USDT,2017-04-02,1.0,1.01,1.0,1.01,1.0042857142857142,1.0170000000000001,,1.0093180669558117,1.0096961765312664,-0.00037810957545469925,0.002063388191586444,-0.002441497767041143,50.0,1.0170000000000001,0.01301820587525509,1.0430364117505102,0.9909635882494899,0.010000000000000009,0.014472976708188789,,0.0,0.0,0.0,0.0,0.0,0,0.0,0.0,0.3333333333333333,0.0
USDT,2017-04-03,1.01,1.01,1.01,1.01,1.0057142857142858,1.016,,1.0094229797318406,1.0097186819733948,-0.00029570224155417435,0.0015915701049583203,-0.0018872723465124946,37.5,1.016,0.012732056517228264,1.0414641130344566,0.9905358869655435,0.0,0.012034944816782973,,0.0,0.0,0.0,0.0,0.0,0,0.0,0.0,0.3333333333333333,0.0
USDT,2017-04-04,1.01,1.01,1.01,1.01,1.0071428571428573,1.0150000000000001,,1.0095117520807881,1.0097395203457358,-0.00022776826494763647,0.001227702430977129,-0.0014554706959247655,37.5,1.0150000000000001,0.012354415362426844,1.0397088307248539,0.9902911692751465,0.0,0.012034944816782973,0.011861952764746905,0.0,0.0,0.0,0.0,0.0,0,0.0,0.0,0.3333333333333333,0.0
USDT,2017-04-05,1.01,1.01,1.01,1.01,1.0057142857142858,1.014,,1.0095868671452823,1.0097588151349406,-0.00017194798965824987,0.0009477723468500533,-0.0011197203365083033,37.5,1.014,0.011876558069531242,1.0377531161390625,0.9902468838609375,0.0,0.008862658337246702,0.011727952823852077,0.0,0.0,0.0,0.0,0.0,0,0.0,0.0,0.3333333333333333,0.0
USDT,2017-04-06,1.01,1.01,1.01,1.01,1.0071428571428571,1.0130000000000001,,1.0096504260460082,1.0097766806805006,-0.0001262546344924509,0.0007329669505815525,-0.0008592215850740034,37.5,1.0130000000000001,0.011285761872936725,1.0355715237458736,0.9904284762541267,0.0,0.0037796447300922787,0.011610745960494863,0.0,0.0,0.0,0.0,0.0,0,0.0,0.0,0.3333333333333333,0.0
USDT,2017-04-07,1.01,1.01,1.01,1.01,1.0085714285714285,1.0135,,1.0097042066543147,1.0097932228523154,-8.901619800072424e-05,0.0005685703208650972,-0.0006575865188658214,42.857142857142854,1.0135,0.010894228312566076,1.0352884566251321,0.9917115433748679,0.0,0.0037796447300922787,0.011610745960494863,0.0,0.0,0.0,0.0,0.0,0,0.0,0.0,0.3333333333333333,0.0
USDT,2017-04-08,1.01,1.01,1.01,1.01,1.01,1.0135,,1.0097497133228817,1.0098085396780698,-5.882635518816848e-05,0.00044309098565444406,-0.0005019173408426125,42.857142857142854,1.0135,0.010894228312566076,1.0352884566251321,0.9917115433748679,0.0,0.0037796447300922787,0.011610745960494863,0.0,0.0,0.0,0.0,0.0,0,0.0,0.0,0.3333333333333333,0.0
USDT,2017-04-09,1.01,1.09,1.01,1.01,1.01,1.0125,,1.0097882189655152,1.0098227219241387,-3.450295862350572e-05,0.0003475721967988541,-0.00038207515542235983,42.857142857142854,1.0125,0.010195458225163464,1.0328909164503268,0.992109083549673,0.0,0.0,0.011140244253643392,0.0,0.0,0.0,0.0,0.0,0,0.0,0.0,0.3333333333333333,0.0
USDT,2017-04-10,1.01,1.01,1.0,1.01,1.01,1.0115,,1.0098208006631282,1.0098358536334617,-1.505297033355113e-05,0.0002750471633723731,-0.0002901001337059242,60.0,1.0115,0.009333020044867343,1.0301660400897348,0.9928339599102654,0.0,0.0,0.011140244253643392,0.0,0.0,0.0,0.0,0.0,0,0.0,0.0,0.3333333333333333,0.0
USDT,2017-04-11,1.01,1.01,1.0,1.0,1.0085714285714287,1.01,,1.0083099082534162,1.0091072718828349,-0.0007973636294187347,6.056500481415152e-05,-0.0008579286342328863,50.0,1.01,0.008583950752789577,1.0271679015055792,0.9928320984944209,-0.00990099009900991,0.0037422225050418602,0.011297794768085151,0.0,0.0,0.0,0.0,0.0,0,0.0,0.0,0.3333333333333333,0.0
USDT,2017-04-12,1.0,1.0,1.0,1.0,1.0071428571428571,1.0085000000000002,,1.0070314608298137,1.008432659150773,-0.001401198320959418,-0.0002317876603405624,-0.0011694106606188557,25.000000000000014,1.0085000000000002,0.007451598203706001,1.0234031964074122,0.9935968035925882,0.0,0.0037422225050418602,0.011297794768085151,0.0,0.0,0.0,0.0,0.0,0,0.0,0.0,0.3333333333333333,0.0
USDT,2017-04-13,0.9932,0.9954,0.9902,0.9939,1.0048428571428571,1.0071949999999998,,1.0050112360867653,1.0073561658803454,-0.0023449297935800306,-0.000654416086988456,-0.0016905137065915746,38.314176245210746,1.0071949999999998,0.007615253045524419,1.0224255060910488,0.991964493908951,-0.006099999999999994,0.004055113028887503,0.009825701133294935,0.0,0.0,0.0,0.0,0.0,0,0.0,0.0,0.3333333333333333,0.0
USDT,2017-04-14,0.9939,0.996,0.9689,0.9899,1.0019714285714285,1.00569,,1.0026864305349552,1.0060631165558753,-0.0033766860209201166,-0.0011988700737747882,-0.0021778159471453284,33.222591362126266,1.00569,0.007919655760727312,1.0215293115214545,0.9898506884785454,-0.004024549753496309,0.003961222734595198,0.009837043792508774,0.0,0.0,0.0,0.0,0.0,0,0.0,0.0,0.3333333333333333,0.0
USDT,2017-04-15,0.9899,0.9899,0.9676,0.9896,0.9990571428571429,1.00417,,1.0006731335295775,1.0048436264406253,-0.004170492911047763,-0.0017931946412293833,-0.0023772982698183794,32.89473684210532,1.00417,0.007945876123400185,1.0200617522468003,0.9882782477531996,-0.00030306091524390233,0.00392624609236259,0.009835843979468128,0.0,0.0,0.0,0.0,0.0,0,0.0,0.0,0.3333333333333333,0.0
USDT,2017-04-16,0.9896,0.9896,0.9515,0.9515,0.9907,1.001745,,0.9931080360634886,1.0008922467042827,-0.007784210640794043,-0.0029913978411423153,-0.004792812799651727,0.0,1.001745,0.014214021061502678,1.0301730421230055,0.9733169578769948,-0.0385004042037187,0.0137804340263191,0.011947336634970553,0.0,0.0,0.0,0.0,0.0,0,0.0,0.0,0.3333333333333333,0.0
USDT,2017-04-17,0.9515,0.9698,0.9211,0.9392,0.9805857142857144,0.998705,,0.9848144920537212,0.9963224506521136,-0.011507958598392376,-0.004694709992592328,-0.006813248605800048,0.0,0.998705,0.019950899597182093,1.0386067991943642,0.9588032008056357,-0.012926957435627884,0.013325139583668951,0.011037068411246966,0.0,0.0,0.0,0.0,0.0,0,0.0,0.0,0.3333333333333333,0.0
USDT,2017-04-18,0.9392,0.9628,0.9207,0.945,0.9727285714285714,0.994955,,0.9786891855839179,0.9925207876408458,-0.013831602056927905,-0.0065220884054594435,-0.007309513651468462,7.5718015665795235,0.994955,0.0226090683948766,1.0401731367897533,0.9497368632102469,0.0061754684838160046,0.014709044127474806,0.010914742079224311,0.0,0.0,0.0,0.0,0.0,0,0.0,0.0,0.3333333333333333,0.0
USDT,2017-04-19,0.945,0.9549,0.9372,0.946,0.9650142857142857,0.9922549999999999,,0.973660080109469,0.9890748033711535,-0.015414723261684471,-0.00830061537670445,-0.007114107884980021,8.76288659793805,0.9922549999999999,0.025065776101667863,1.0423865522033355,0.9421234477966641,0.0010582010582009804,0.014809512773455066,0.010122107592070256,0.0,0.0,0.0,0.0,0.0,0,0.0,0.0,0.3333333333333333,0.0
USDT,2017-04-20,0.946,0.9549,0.92,0.949,0.9586,0.9897050000000001,,0.9698662216310892,0.9861062994177348,-0.0162400777866456,-0.00988850785869268,-0.006351569927952921,12.15880893300239,0.9897050000000001,0.026772461794282405,1.0432499235885648,0.9361600764114353,0.003171247357293794,0.015390393524743052,0.010168610246340127,0.0,0.0,0.0,0.0,0.0,0,0.0,0.0,0.3333333333333333,0.0
USDT,2017-04-21,0.949,0.95,0.9,0.9363,0.950942857142857,0.98652,,0.9647021875339985,0.98241694390531,-0.01771475637131148,-0.011453757561216442,-0.006260998810095038,10.503751339764136,0.98652,0.029165365183994915,1.0448507303679897,0.9281892696320101,-0.01338250790305573,0.015547331218717963,0.01033928073261873,0.0,0.0,0.0,0.0,0.0,0,0.0,0.0,0.3333333333333333,0.0
USDT,2017-04-22,0.9363,0.95,0.915,0.915,0.9402857142857143,0.9817699999999998,,0.9570556971441526,0.9774230962086203,-0.020367399064467717,-0.013236485861866697,-0.00713091320260102,8.551483420593314,0.9817699999999998,0.03266601485207188,1.0471020297041436,0.916437970295856,-0.02274911887215636,0.016046397962468997,0.010920323172358045,0.0,0.0,0.0,0.0,0.0,0,0.0,0.0,0.3333333333333333,0.0
USDT,2017-04-23,0.915,0.94,0.901,0.915,0.9350714285714286,0.9770200000000001,0.9965080000000001,0.9505855898912061,0.9727991631561299,-0.02221357326492379,-0.015031903342478116,-0.007181669922445675,8.551483420593314,0.9770200000000001,0.03515705514282699,1.0473341102856542,0.9067058897143461,0.0,0.010798066588116365,0.010885442840491592,0.0,0.0,0.0,0.0,0.0,0,0.0,0.0,0.3333333333333333,0.0
USDT,2017-04-24,0.915,0.9286,0.901,0.915,0.9316142857142856,0.97227,0.9948279999999999,0.9451108837540975,0.9685177436630833,-0.023406859908985833,-0.01670689465577966,-0.0066999652532061735,8.551483420593314,0.97227,0.036843839733607775,1.0459576794672154,0.8985823205327844,0.0,0.010419332948135664,0.010885442840491592,0.0,0.0,0.0,0.0,0.0,0,0.0,0.0,0.3333333333333333,0.0
USDT,2017-04-25,0.915,0.925,0.89,0.904,0.9257571428571428,0.9669700000000001,0.993108,0.9387861324073132,0.9637386515398919,-0.024952519132578677,-0.018356019551139465,-0.0065964995814392115,8.47750865051897,0.9669700000000001,0.038707636945371895,1.044385273890744,0.8895547261092563,-0.012021857923497303,0.009803896452952631,0.01097094361090034,0.0,0.0,0.0,0.0,0.0,0,0.0,0.0,0.3333333333333333,0.0
USDT,2017-04-26,0.904,0.9367,0.903,0.9201,0.9220571428571429,0.9624749999999999,0.9918700000000001,0.9359113428061882,0.9605061588332332,-0.024594816027045052,-0.019603778846320585,-0.004991037180724467,19.665907365223973,0.9624749999999999,0.03866758298218536,1.0398101659643706,0.8851398340356291,0.01780973451327439,0.013309799673700067,0.01125363491108511,0.0,0.0,0.0,0.0,0.0,0,0.0,0.0,0.3333333333333333,0.0
USDT,2017-04-27,0.9201,0.937,0.9199,0.92,0.9179142857142857,0.957975,0.9906299999999999,0.9334634439129285,0.9575057026233641,-0.024042258710435638,-0.020491474819143596,-0.003550783891292042,20.604614160700052,0.957975,0.03807814506483903,1.034131290129678,0.881818709870322,-0.0001086838387132083,0.013075796813969415,0.011252749848691661,0.0,0.0,0.0,0.0,0.0,0,0.0,0.0,0.3333333333333333,0.0
USDT,2017-04-28,0.92,0.9649,0.9199,0.94,0.9184428571428571,0.9544750000000001,0.98979,0.9344690679263241,0.9562089839105223,-0.02173991598419822,-0.02074116305215452,-0.0009987529320437012,32.39237826393784,0.9544750000000001,0.03621606033675897,1.026907120673518,0.8820428793264822,0.021739130434782483,0.015538775313724214,0.011377586803095452,0.0,0.0,0.0,0.0,0.0,0,0.0,0.0,0.3333333333333333,0.0
USDT,2017-04-29,0.94,0.9524,0.931,0.931,0.9207285714285715,0.9505250000000001,0.9884099999999999,0.9339353651684281,0.9543416517690022,-0.020406286600574086,-0.020674187761838433,0.00026790116126434657,30.518617021276555,0.9505250000000001,0.03408693027817917,1.0186988605563585,0.8823511394436417,-0.009574468085106314,0.01278343712457677,0.01100340751962373,0.0,0.0,0.0,0.0,0.0,0,0.0,0.0,0.3333333333333333,0.0
USDT,2017-04-30,0.931,0.9529,0.912,0.935,0.9235857142857143,0.946775,0.9871099999999999,0.9340991551425161,0.9529089368231501,-0.018809781680634075,-0.020301306545597562,0.0014915248649634873,42.90627687016337,0.946775,0.0312030341810734,1.009181068362147,0.8843689316378532,0.004296455424275036,0.012743728277599281,0.011062464053952887,0.0,0.0,0.0,0.0,0.0,0,0.0,0.0,0.3333333333333333,0.0
USDT,2017-05-01,0.935,0.94,0.9151,0.9156,0.9236714285714286,0.9425549999999999,0.9854219999999999,0.9312531312744367,0.9501453118732872,-0.01889218059885056,-0.02001948135624816,0.0011273007573976007,40.437601296596384,0.9425549999999999,0.029273456182044418,1.0011019123640887,0.8840080876359111,-0.020748663101604392,0.015677338398129893,0.011559050134781597,0.0,0.0,0.0,0.0,0.0,0,0.0,0.0,0.3333333333333333,0.0
USDT,2017-05-02,0.9156,0.94,0.9121,0.9283,0.9271428571428572,0.93897,0.983988,0.9307988033860618,0.948527140623414,-0.017728337237352232,-0.019561252532468976,0.0018329152951167445,43.591711435149676,0.93897,0.02608488370483379,0.9911397674096676,0.8868002325903324,0.013870685889034506,0.015364864877318099,0.011728023471064102,0.0,0.0,0.0,0.0,0.0,0,0.0,0.0,0.3333333333333333,0.0
USDT,2017-05-03,0.9283,0.948,0.9212,0.9347,0.9292285714285714,0.9360099999999999,0.9820819999999999,0.9313989874805139,0.9475029079846427,-0.016103920504128788,-0.01886978612680094,0.0027658656226721527,45.836403831982324,0.9360099999999999,0.022657284177847837,0.9813245683556956,0.8906954316443042,0.006894322955940835,0.01422960237344882,0.011850486733800108,0.0,0.0,0.0,0.0,0.0,0,0.0,0.0,0.3333333333333333,0.0
USDT,2017-05-04,0.9347,0.9639,0.9155,0.959,0.9348,0.9344650000000001,0.9806620000000001,0.9356452970988963,0.9483545444302247,-0.012709247331328388,-0.01763767836770643,0.004928431036378043,53.18471337579618,0.9344650000000001,0.01964201391218016,0.9737490278243605,0.8951809721756397,0.025997646303626887,0.01668980949247767,0.01294083176102753,0.0,0.0,0.0,0.0,0.0,0,0.0,0.0,0.3333333333333333,0.0
USDT,2017-05-05,0.959,0.98,0.9306,0.979,0.9403714285714286,0.933935,0.979642,0.9423152513913738,0.950624578176134,-0.008309326784760152,-0.015772008051117177,0.0074626812663570255,62.99452221545952,0.933935,0.018163360313958963,0.9702617206279179,0.897608279372082,0.02085505735140769,0.016554250720473045,0.01357673895028379,0.0,0.0,0.0,0.0,0.0,0,0.0,0.0,0.3333333333333333,0.0
USDT,2017-05-06,0.979,0.9929,0.955,0.983,0.9478000000000001,0.9355100000000001,0.978702,0.9485744434850086,0.9530227575704945,-0.004448314085485849,-0.013507269257990912,0.009058955172505063,73.12925170068027,0.9355100000000001,0.020922762723884332,0.9773555254477687,0.8936644745522314,0.004085801838610736,0.01516738820037111,0.013607047421978725,0.0,0.0,0.0,0.0,0.0,0,0.0,0.0,0.3333333333333333,0.0
USDT,2017-05-07,0.983,0.983,0.928,0.9281,0.9468142857142857,0.9349550000000001,0.977264,0.9454245291026996,0.9511766273800875,-0.005752098277387874,-0.011956235061870305,0.006204136784482431,53.24418028727093,0.9349550000000001,0.020966903116954413,0.976888806233909,0.8930211937660912,-0.055849440488301094,0.02861723553327758,0.016911316888678588,0.0,0.0,0.0,0.0,0.0,0,0.0,0.0,0.3333333333333333,0.0
USDT,2017-05-08,0.9281,0.972,0.9281,0.9711,0.954742857142857,0.9362600000000001,0.976486,0.9493746015484381,0.9526524327593402,-0.0032778312109020824,-0.010220554291676662,0.006942723080774579,61.453654552878724,0.9362600000000001,0.022389033969897575,0.9810380679397952,0.891481932060205,0.046331214308802826,0.03183484421274664,0.019133511786494226,0.0,0.0,0.0,0.0,0.0,0,0.0,0.0,0.3333333333333333,0.0
USDT,2017-05-09,0.9711,0.978,0.9527,0.97,0.9607,0.9374600000000001,0.975286,0.9525477397717553,0.9539374377401298,-0.0013896979683745148,-0.008454383027016232,0.007064685058641718,64.04255319148936,0.9374600000000001,0.02355154257993948,0.984563085159879,0.8903569148401211,-0.0011327360724950886,0.031947985467260034,0.019132322199670454,0.0,0.0,0.0,0.0,0.0,0,0.0,0.0,0.3333333333333333,0.0
USDT,2017-05-10,0.97,0.9946,0.965,0.994,0.9691714285714286,0.93971,0.9745659999999999,0.9589250105761007,0.9569050349445647,0.0020199756315359974,-0.006359511295305787,0.008379486926841784,65.21202140798684,0.93971,0.026656862452086174,0.9930237249041723,0.8863962750958277,0.024742268041237025,0.032666455665562776,0.019709000291638714,0.0,0.0,0.0,0.0,0.0,0,0.0,0.0,0.3333333333333333,0.0
USDT,2017-05-11,0.994,0.9986,0.9475,0.9725,0.9711000000000001,0.94152,0.973416,0.9610134704874698,0.9580602175412636,0.0029532529462061863,-0.004496958447003392,0.007450211393209579,59.931895573212266,0.94152,0.027624561916030486,0.996769123832061,0.8862708761679391,-0.021629778672032196,0.033554472050369044,0.020019023297307283,0.0,0.0,0.0,0.0,0.0,0,0.0,0.0,0.3333333333333333,0.0
USDT,2017-05-12,0.9725,0.9928,0.9601,0.9811,0.9714,0.944825,0.9724379999999999,0.9641037057970898,0.9597668680937625,0.004336837703327268,-0.0027301992169372607,0.007067036920264528,58.12574139976277,0.944825,0.028232136876820947,1.0012892737536419,0.8883607262463581,0.008843187660668272,0.03275616052861562,0.020095167971746784,0.0,0.0,0.0,0.0,0.0,0,0.0,0.0,0.3333333333333333,0.0
USDT,2017-05-13,0.9811,0.9857,0.956,0.9778,0.9706571428571429,0.947965,0.9715940000000001,0.966210827982153,0.9611026556423727,0.005108172339780226,-0.0011625249055937635,0.006270697245373989,59.46601941747572,0.947965,0.02823272224322579,1.0044304444864516,0.8914995555135483,-0.003363571501376006,0.03275149282045107,0.020074787969299762,0.0,0.0,0.0,0.0,0.0,0,0.0,0.0,0.3333333333333333,0.0
USDT,2017-05-14,0.9778,0.9886,0.9615,0.98,0.9780714285714286,0.951215,0.9707939999999999,0.9683322390618218,0.9625024589281229,0.005829780133698836,0.0002359361022647566,0.00559384403143408,59.168704156479215,0.951215,0.027978323846562732,1.0071716476931254,0.8952583523068746,0.0022499488647984567,0.021885386136003073,0.02006784914229081,0.0,0.0,0.0,0.0,0.0,0,0.0,0.0,0.3333333333333333,0.0
USDT,2017-05-15,0.98,0.992,0.9722,0.9773,0.978957142857143,0.95488,0.96994,0.9697118945907722,0.9635985730815952,0.006113321509176983,0.001411413183647202,0.004701908325529781,63.48928727590731,0.95488,0.026213166639365525,1.007306333278731,0.9024536667212689,-0.002755102040816415,0.014003392152271556,0.02007353294349192,0.0,0.0,0.0,0.0,0.0,0,0.0,0.0,0.3333333333333333,0.0
USDT,2017-05-16,0.9773,0.9898,0.97,0.9897,0.9817714285714286,0.9583600000000001,0.9697340000000001,0.9727869877306534,0.9655320121125882,0.007254975618065207,0.002580125670530803,0.004674849947534403,63.4413309982487,0.9583600000000001,0.025971693092774216,1.0103033861855486,0.9064166138144517,0.012688018008799817,0.014614629293949072,0.018845486973567457,0.0,0.0,0.0,0.0,0.0,0,0.0,0.0,0.3333333333333333,0.0
USDT,2017-05-17,0.9897,0.9897,0.9702,0.9766,0.9792857142857142,0.96119,0.9692660000000001,0.9733736050028606,0.9663518630672113,0.007021741935649306,0.003468448923554504,0.003553293012094802,58.911101658868574,0.96119,0.024620357430386687,1.0104307148607734,0.9119492851392266,-0.013236334242699765,0.011999454165644904,0.018853728518921167,0.0,0.0,0.0,0.0,0.0,0,0.0,0.0,0.3333333333333333,0.0
USDT,2017-05-18,0.9766,0.9868,0.9703,0.9799,0.9803428571428572,0.963185,0.968464,0.9743776657716513,0.9673554287659364,0.007022237005714915,0.004179206539986586,0.002843030465728329,54.88089677720692,0.963185,0.024428763783703827,1.0120425275674076,0.9143274724325923,0.003379070243702653,0.008573892935173083,0.018836593927577982,0.0,0.0,0.0,0.0,0.0,0,0.0,0.0,0.3333333333333333,0.0
USDT,2017-05-19,0.9799,0.9983,0.9706,0.9983,0.9828,0.96655,0.96843,0.978058024883705,0.9696476192277189,0.008410405655986053,0.005025446363186479,0.0033849592927995735,54.54117647058823,0.96655,0.024397206483745864,1.0153444129674918,0.9177555870325083,0.018777426267986508,0.010639605249934033,0.019102023259951705,0.0,0.0,0.0,0.0,0.0,0,0.0,0.0,0.3333333333333333,0.0
USDT,2017-05-20,0.9983,0.999,0.9801,0.99,0.9845428571428572,0.9692999999999999,0.9682299999999999,0.9798952518246734,0.9711552029886287,0.008740048836044734,0.005768366857758131,0.002971681978286603,51.61439114391145,0.9692999999999999,0.02374480552612916,1.0167896110522583,0.9218103889477416,-0.008314134027847309,0.011244322772154964,0.01919205584951914,0.0,0.0,0.0,0.0,0.0,0,0.0,0.0,0.3333333333333333,0.0
USDT,2017-05-21,0.99,1.0,0.977,0.9956,0.9867714285714285,0.9733,0.968142,0.9823113669285698,0.9729659286931747,0.009345438235395132,0.006483781133285531,0.0028616571021096004,70.1492537313433,0.9733,0.020775111628049348,1.0148502232560987,0.9317497767439014,0.005656565656565693,0.011339001253114222,0.01899364818496406,0.0,0.0,0.0,0.0,0.0,0,0.0,0.0,0.3333333333333333,0.0
USDT,2017-05-22,0.9956,1.0,0.9768,1.0,0.9900142857142856,0.976885,0.9679420000000001,0.9850326950934052,0.9749684524936802,0.010064242599724937,0.007199873426573413,0.0028643691731515247,61.210240496508945,0.976885,0.018682028375167106,1.0142490567503342,0.9395209432496658,0.004419445560466029,0.011126743000973164,0.018400278782402277,0.0,0.0,0.0,0.0,0.0,0,0.0,0.0,0.3333333333333333,0.0
USDT,2017-05-23,1.0,1.02,0.9827,0.999,0.9913428571428572,0.9801,0.9677220000000001,0.9871815112328813,0.976748567123778,0.010432944109103337,0.007846487563079398,0.0025864565460239387,61.2577639751553,0.9801,0.01643827369602085,1.0129765473920416,0.9472234526079583,-0.0010000000000000009,0.01038806813586562,0.018407049123976664,0.0,0.0,0.0,0.0,0.0,0,0.0,0.0,0.3333333333333333,0.0
USDT,2017-05-24,0.999,1.02,0.9801,1.01,0.9961142857142856,0.9826499999999999,0.967722,0.9906920479662842,0.9792116362257204,0.0114804117405638,0.00857327239857628,0.002907139341987521,56.9084628670121,0.9826499999999999,0.016940872406542965,1.016531744813086,0.948768255186914,0.011011011011011096,0.008587274332308728,0.01845289386540871,0.0,0.0,0.0,0.0,0.0,0,0.0,0.0,0.3333333333333333,0.0
USDT,2017-05-25,1.01,1.07,0.984,1.0,0.9989857142857144,0.9837,0.967522,0.9921240405868559,0.9807515150238152,0.011372525563040692,0.009133123031469162,0.0022394025315715296,63.18312559923298,0.9837,0.017348623485514317,1.0183972469710287,0.9490027530289714,-0.00990099009900991,0.010268099877400332,0.018395494010591325,0.0,0.0,0.0,0.0,0.0,0,0.0,0.0,0.3333333333333333,0.0
USDT,2017-05-26,1.0,1.05,1.0,1.02,1.0020857142857142,0.9855499999999999,0.967722,0.9964126497273396,0.9836588102072363,0.012753839520103227,0.009857266329195976,0.0028965731909072513,66.81071737251514,0.9855499999999999,0.019149371296537866,1.0238487425930756,0.9472512574069242,0.020000000000000018,0.010587610980451948,0.018458343162801698,0.0,0.0,0.0,0.0,0.0,0,0.0,0.0,0.3333333333333333,0.0
USDT,2017-05-27,1.02,1.05,1.0,1.0,1.0035142857142856,0.9891449999999999,0.9675219999999999,0.9969645497692873,0.984869268710404,0.012095281058883245,0.010304869275133431,0.0017904117837498137,58.383685800604226,0.9891449999999999,0.01379757701841124,1.0167401540368224,0.9615498459631775,-0.019607843137254943,0.01316739834258807,0.018930971361986203,0.0,0.0,0.0,0.0,0.0,0,0.0,0.0,0.3333333333333333,0.0
USDT,2017-05-28,1.0,1.04,1.0,1.0,1.0041428571428572,0.9905899999999999,0.967322,0.9974315421124739,0.9859900636207445,0.011441478491729384,0.010532191118452622,0.0009092873732767619,57.6804915514593,0.9905899999999999,0.013313107905568406,1.0172162158111366,0.9639637841888631,0.0,0.013043584888861414,0.018600437173514908,0.0,0.0,0.0,0.0,0.0,0,0.0,0.0,0.3333333333333333,0.0
USDT,2017-05-29,1.0,1.04,1.0,1.04,1.0098571428571428,0.9940899999999999,0.9679220000000001,1.0039805356336318,0.9899907996488375,0.01398973598479425,0.011223700091720948,0.002766035893073301,68.71641791044777,0.9940899999999999,0.016447585009101783,1.0269851700182036,0.9611948299817964,0.040000000000000036,0.01987625405564229,0.01968575276760744,0.0,0.0,0.0,0.0,0.0,0,0.0,0.0,0.3333333333333333,0.0
USDT,2017-05-30,1.04,1.04,1.01,1.02,1.012857142857143,0.9953899999999999,0.968122,1.006445068613073,0.9922137033785533,0.014231365234519733,0.011825233120280707,0.0024061321142390263,58.6521987435751,0.9953899999999999,0.017437796215180348,1.0302655924303605,0.9605144075696392,-0.019230769230769273,0.02199508501610588,0.02013238121751324,0.0,0.0,0.0,0.0,0.0,0,0.0,0.0,0.3333333333333333,0.0
USDT,2017-05-31,1.02,1.07,1.01,1.06,1.02,0.999765,0.9693220000000001,1.0146842888264465,0.9972349105356975,0.017449378290748996,0.012950062154374366,0.00449931613637463,70.64356435643563,0.999765,0.021818805867272955,1.0434026117345458,0.9561273882654541,0.03921568627450989,0.0259043536200399,0.020652851437093854,0.0,0.0,0.0,0.0,0.0,0,0.0,0.0,0.3333333333333333,0.0
USDT,2017-06-01,1.06,1.06,1.01,1.04,1.0257142857142858,1.00271,0.970122,1.0185790136223778,1.0004026949404605,0.01817631868191727,0.013995313459882947,0.004181005222034323,63.740283493369915,1.00271,0.023104064349671227,1.0489181286993425,0.9565018713006576,-0.018867924528301883,0.027086326230406844,0.021034839622086104,0.0,0.0,0.0,0.0,0.0,0,0.0,0.0,0.3333333333333333,0.0
USDT,2017-06-02,1.04,1.06,1.03,1.03,1.0271428571428571,1.00532,0.970844,1.0203360884497044,1.0025950879078338,0.017741000541870555,0.01474445087628047,0.002996549665590086,57.53685211602474,1.00532,0.023090385331061728,1.0515007706621236,0.9591392293378765,-0.009615384615384581,0.026834074852827856,0.021172257212910554,0.0,0.0,0.0,0.0,0.0,0,0.0,0.0,0.3333333333333333,0.0
USDT,2017-06-03,1.03,1.05,1.01,1.03,1.0314285714285716,1.00782,0.9716460000000001,1.0218228440728268,1.0046250813961424,0.01719776267668438,0.015235113236361252,0.001962649440323129,59.9009900990099,1.00782,0.022910755920357094,1.053641511840714,0.9619984881592858,0.0,0.025213694232253815,0.02074564939553374,0.0,0.0,0.0,0.0,0.0,0,0.0,0.0,0.3333333333333333,0.0
USDT,2017-06-04,1.03,1.05,1.02,1.02,1.0342857142857143,1.0099550000000002,0.972254,1.021542406523161,1.0057639642556875,0.015778442267473602,0.015343779042583723,0.00043466322488987935,55.910852713178286,1.0099550000000002,0.021883506766995277,1.0537220135339906,0.9661879864660096,-0.009708737864077666,0.025763537855740905,0.020567541245524696,0.0,0.0,0.0,0.0,0.0,0,0.0,0.0,0.3333333333333333,0.0
USDT,2017-06-05,1.02,1.03,1.02,1.02,1.0314285714285716,1.01147,0.973624,1.0213051132119055,1.0068184854219329,0.014486627789972673,0.015172348792061514,-0.0006857210020888415,54.95049504950495,1.01147,0.021452029716263362,1.0543740594325268,0.9685659405674734,0.0,0.020012701135085305,0.02056385486910015,0.0,0.0,0.0,0.0,0.0,0,0.0,0.0,0.3333333333333333,0.0
USDT,2017-06-06,1.02,1.04,1.01,1.01,1.03,1.01314,0.97504,1.0195658650254584,1.0070541531684563,0.012511711857002172,0.014640221405049647,-0.0021285095480474744,52.60663507109005,1.01314,0.0198336078412396,1.052807215682479,0.9734727843175207,-0.009803921568627416,0.018998628808277098,0.017653043187793982,0.0,0.0,0.0,0.0,0.0,0,0.0,0.0,0.3333333333333333,0.0
USDT,2017-06-07,1.01,1.02,1.01,1.02,1.0242857142857142,1.015145,0.9765400000000001,1.0196326550215418,1.0080131047856076,0.011619550235934195,0.014036087171226558,-0.002416536935292363,52.38095238095238,1.015145,0.01826101614167187,1.0516670322833437,0.9786229677166562,0.00990099009900991,0.009394520330142285,0.01571402437617364,0.0,0.0,0.0,0.0,0.0,0,0.0,0.0,0.3333333333333333,0.0
USDT,2017-06-08,1.02,1.02,1.0,1.01,1.02,1.01573,0.9778199999999999,1.0181507080951506,1.008160282208896,0.00999042588625465,0.013226954914232177,-0.0032365290279775267,52.38095238095238,1.01573,0.017876332486222685,1.0514826649724454,0.9799773350275547,-0.009803921568627416,0.007709073927328003,0.015848189293302395,0.0,0.0,0.0,0.0,0.0,0,0.0,0.0,0.3333333333333333,0.0
USDT,2017-06-09,1.01,1.01,0.999,1.0,1.0157142857142856,1.01623,0.97884,1.0153582914651273,1.0075558168600889,0.0078024746050384675,0.012142058852393436,-0.004339584247354969,45.0,1.01623,0.017247581066099256,1.0507251621321985,0.9817348378678015,-0.00990099009900991,0.007743516454933675,0.01534809573482932,0.0,0.0,0.0,0.0,0.0,0,0.0,0.0,0.3333333333333333,0.0
USDT,2017-06-10,1.0,1.02,0.9995,1.0,1.0114285714285713,1.01645,0.9801139999999999,1.0129954773935692,1.0069961267223044,0.00599935067126478,0.010913517216167706,-0.004914166544902926,50.0,1.01645,0.016996826329148777,1.0504436526582976,0.9824563473417025,0.0,0.007743516454933675,0.014779246322036605,0.0,0.0,0.0,0.0,0.0,0,0.0,0.0,0.3333333333333333,0.0
USDT,2017-06-11,1.0,1.01,0.984,0.9951,1.0078714285714285,1.016205,0.981716,1.0102423270253278,1.0061149321502818,0.004127394875045987,0.009556292747943363,-0.005428897872897376,48.6749594375338,1.016205,0.017279390675175726,1.0507637813503514,0.9816462186496486,-0.0049000000000000155,0.007376743357566036,0.014741802374394234,0.0,0.0,0.0,0.0,0.0,0,0.0,0.0,0.3333333333333333,0.0
USDT,2017-06-12,0.9951,1.01,0.995,1.0,1.0050142857142856,1.0162550000000001,0.983416,1.0086665844060465,1.0056619742132238,0.003004610192822721,0.008245956236919235,-0.005241346044096514,36.648865153538054,1.0162550000000001,0.017228357132175166,1.0507117142643505,0.9817982857356498,0.00492412822831878,0.007976644695208123,0.014743079178581316,0.0,0.0,0.0,0.0,0.0,0,0.0,0.0,0.3333333333333333,0.0
USDT,2017-06-13,1.0,1.04,1.0,1.01,1.0050142857142856,1.016255,0.985316,1.0088717252666548,1.0059833094566888,0.002888415809966016,0.007174448151528592,-0.0042860323415625755,46.42346208869814,1.016255,0.017228357132175166,1.0507117142643503,0.9817982857356495,0.010000000000000009,0.008567634830494893,0.014836016602497833,0.0,0.0,0.0,0.0,0.0,0,0.0,0.0,0.3333333333333333,0.0
USDT,2017-06-14,1.01,1.07,1.01,1.01,1.0035857142857143,1.016755,0.987436,1.0090453059948619,1.0062808420895266,0.002764463905335246,0.006292451302289923,-0.0035279873969546773,24.949899799599194,1.016755,0.016873226222568774,1.0505014524451377,0.9830085475548626,0.0,0.007405125453287536,0.014819778848492624,0.0,0.0,0.0,0.0,0.0,0,0.0,0.0,0.3333333333333333,0.0
USDT,2017-06-15,1.01,1.06,1.01,1.02,1.0050142857142859,1.016755,0.9894339999999999,1.010730643534114,1.007297076008821,0.003433567525293002,0.005720674546890539,-0.002287107021597537,38.86414253897551,1.016755,0.016873226222568774,1.0505014524451377,0.9830085475548626,0.00990099009900991,0.007415766013951369,0.014753887137547855,0.0,0.0,0.0,0.0,0.0,0,0.0,0.0,0.3333333333333333,0.0
USDT,2017-06-16,1.02,1.04,1.01,1.01,1.0064428571428572,1.017255,0.9912340000000001,1.010618236836558,1.0074972926007602,0.0031209442357977846,0.005200728484671988,-0.0020797842488742037,38.86414253897551,1.017255,0.016494511846451242,1.0502440236929025,0.9842659763070976,-0.009803921568627416,0.007391091853881509,0.014651754440032527,0.0,0.0,0.0,0.0,0.0,0,0.0,0.0,0.3333333333333333,0.0
USDT,2017-06-17,1.01,1.02,1.01,1.01,1.0078714285714285,1.017755,0.992634,1.0105231234770875,1.0076826783340371,0.002840445143050374,0.004728671816347666,-0.0018882266732972918,38.86414253897551,1.017755,0.016090548876840232,1.0499360977536805,0.9855739022463195,0.0,0.007391091853881509,0.014647605556458686,0.0,0.0,0.0,0.0,0.0,0,0.0,0.0,0.3333333333333333,0.0
USDT,2017-06-18,1.01,1.02,1.01,1.02,1.0114285714285713,1.016755,0.994414,1.0119811044806124,1.0085950725315158,0.0033860319490965907,0.004460143842897451,-0.0010741118938008606,50.0,1.016755,0.015233981233105614,1.0472229624662113,0.9862870375337889,0.00990099009900991,0.00739022277183411,0.014365384067625754,0.0,0.0,0.0,0.0,0.0,0,0.0,0.0,0.3333333333333333,0.0
USDT,2017-06-19,1.02,1.02,1.0,1.0,1.0114285714285713,1.015755,0.995714,1.0101378576374413,1.0079584004921442,0.0021794571452971034,0.0040040065033773815,-0.001824549358080278,40.89253187613843,1.015755,0.015660223665811532,1.047075447331623,0.9844345526683769,-0.019607843137254943,0.011377037164909082,0.014755570981383938,0.0,0.0,0.0,0.0,0.0,0,0.0,0.0,0.3333333333333333,0.0
USDT,2017-06-20,1.0,1.01,1.0,1.0,1.01,1.0127549999999998,0.997402,1.0085781872316812,1.007368889344578,0.0012092978871032223,0.0034450647801225497,-0.0022357668930193275,44.98997995991984,1.0127549999999998,0.012074787782817538,1.036904575565635,0.9886054244343647,0.0,0.010515473004345608,0.014722707534399799,0.0,0.0,0.0,0.0,0.0,0,0.0,0.0,0.3333333333333333,0.0
USDT,2017-06-21,1.0,1.01,1.0,1.01,1.01,1.011255,0.9990359999999999,1.0087969276575763,1.0075637864301648,0.0012331412274115827,0.0030026800695803564,-0.0017695388421687737,44.98997995991984,1.011255,0.010235411955305654,1.0317258239106113,0.9907841760893887,0.010000000000000009,0.011377037164909082,0.014812177799889031,0.0,0.0,0.0,0.0,0.0,0,0.0,0.0,0.3333333333333333,0.0
USDT,2017-06-22,1.01,1.02,1.0,1.01,1.0085714285714285,1.010255,1.000542,1.008982015710257,1.007744246694597,0.001237769015659973,0.00264969785879628,-0.001411928843136307,50.0,1.010255,0.009235826979760678,1.0287266539595212,0.9917833460404786,0.0,0.010533216321639565,0.01480995815286331,0.0,0.0,0.0,0.0,0.0,0,0.0,0.0,0.3333333333333333,0.0
USDT,2017-06-23,1.01,1.01,0.9969,1.0,1.0071428571428571,1.008755,1.001362,1.007600167139448,1.0071705987912936,0.000429568348154552,0.0022056719566679347,-0.0017761036085133827,50.0,1.008755,0.00824304970390969,1.0252410994078194,0.9922689005921806,-0.00990099009900991,0.010546243301906098,0.014788836161901804,0.0,0.0,0.0,0.0,0.0,0,0.0,0.0,0.3333333333333333,0.0
USDT,2017-06-24,1.0,1.02,0.9969,1.02,1.0085714285714287,1.0087549999999998,1.002182,1.0095078337333792,1.0081209248067533,0.0013869089266258516,0.002041919350659518,-0.0006550104240336664,59.107468123861565,1.0087549999999998,0.00824304970390969,1.0252410994078192,0.9922689005921804,0.020000000000000018,0.013323529251787687,0.01511829744990295,0.0,0.0,0.0,0.0,0.0,0,0.0,0.0,0.3333333333333333,0.0
USDT,2017-06-25,1.02,1.02,0.999,1.0,1.0057142857142858,1.007755,1.002522,1.00804509008209,1.0075193748210678,0.000525715261022297,0.001738678532732074,-0.001212963271709777,51.96156925540433,1.007755,0.008017118198617144,1.0237892363972343,0.9917207636027656,-0.019607843137254943,0.014802915650663542,0.015110478794378327,0.0,0.0,0.0,0.0,0.0,0,0.0,0.0,0.3333333333333333,0.0
USDT,2017-06-26,1.0,1.02,1.0,1.0,1.0057142857142858,1.007255,1.00396,1.0068073839156146,1.0069623840935813,-0.00015500017796665766,0.0013599427905923278,-0.0015149429685589854,50.0,1.007255,0.008179916033545873,1.0236148320670917,0.9908951679329082,0.0,0.012796240684243227,0.01467554694460095,0.0,0.0,0.0,0.0,0.0,0,0.0,0.0,0.3333333333333333,0.0
USDT,2017-06-27,1.0,1.01,0.993,1.01,1.0071428571428571,1.006755,1.0047380000000001,1.0072985556209046,1.0071873926792418,0.00011116294166280127,0.0011101868208064226,-0.0009990238791436213,50.0,1.006755,0.007648217886682896,1.0220514357733659,0.9914585642266343,0.010000000000000009,0.01333400168740367,0.014786276225613088,0.0,0.0,0.0,0.0,0.0,0,0.0,0.0,0.3333333333333333,0.0
USDT,2017-06-28,1.01,1.03,1.01,1.02,1.0085714285714287,1.007255,1.005738,1.0092526239869193,1.0081364747030017,0.0011161492839175668,0.0011113793134286515,4.769970488915313e-06,53.846153846153854,1.007255,0.008179916033545873,1.0236148320670917,0.9908951679329082,0.00990099009900991,0.013323529251787687,0.012911480741639798,0.0,0.0,0.0,0.0,0.0,0,0.0,0.0,0.3333333333333333,0.0
USDT,2017-06-29,1.02,1.03,1.0,1.02,1.01,1.008255,1.006258,1.01090606645047,1.0090152543546311,0.0018908120958389674,0.0012672658699107147,0.0006235462259282527,50.0,1.008255,0.008463884575378828,1.0251827691507576,0.9913272308492422,0.0,0.013323529251787687,0.012420977175628704,0.0,0.0,0.0,0.0,0.0,0,0.0,0.0,0.3333333333333333,0.0
USDT,2017-06-30,1.02,1.03,1.01,1.01,1.0114285714285713,1.008755,1.007008,1.0107666716119363,1.0090881984765103,0.0016784731354260174,0.0013495073230137752,0.00032896581241224215,50.0,1.008755,0.00824304970390969,1.0252410994078194,0.9922689005921806,-0.009803921568627416,0.01330974769855857,0.010102153036463139,0.0,0.0,0.0,0.0,0.0,0,0.0,0.0,0.3333333333333333,0.0
USDT,2017-07-01,1.01,1.03,1.01,1.01,1.01,1.0094999999999998,1.007586,1.0106487221331768,1.009155739330102,0.0014929828030747494,0.0013782024190259702,0.0001147803840487792,50.0,1.0094999999999998,0.007591546545167331,1.0246830930903346,0.9943169069096652,0.0,0.010533216321639567,0.00956024586736223,0.0,0.0,0.0,0.0,0.0,0,0.0,0.0,0.3333333333333333,0.0
USDT,2017-07-02,1.01,1.04,1.01,1.03,1.0142857142857142,1.011,1.00863,1.0136258418049957,1.0106997586389834,0.0029260831660122832,0.001687778568423233,0.0012383045975890503,53.846153846153854,1.011,0.008522416262272296,1.0280448325245446,0.9939551674754553,0.01980198019801982,0.00964846546511961,0.010130427730317242,0.0,0.0,0.0,0.0,0.0,0,0.0,0.0,0.3333333333333333,0.0
USDT,2017-07-03,1.03,1.03,1.01,1.01,1.0157142857142856,1.0110000000000001,1.00923,1.0130680199888424,1.0106479246657254,0.002420095323117044,0.0018342419193619953,0.0005858534037550488,53.846153846153854,1.0110000000000001,0.008522416262272296,1.0280448325245448,0.9939551674754555,-0.01941747572815533,0.013213682927003232,0.010735917829419482,0.0,0.0,0.0,0.0,0.0,0,0.0,0.0,0.3333333333333333,0.0
USDT,2017-07-04,1.01,1.02,1.01,1.01,1.0157142857142858,1.011,1.0098840000000002,1.0125960169136359,1.010599930246042,0.001996086667593877,0.0018666108690083717,0.00012947579858550544,53.846153846153854,1.011,0.008522416262272296,1.0280448325245446,0.9939551674754553,0.0,0.012670636238404545,0.010597236616124809,0.0,0.0,0.0,0.0,0.0,0,0.0,0.0,0.3333333333333333,0.0
USDT,2017-07-05,1.01,1.01,1.01,1.01,1.0142857142857142,1.0105,1.01029,1.0121966296961535,1.0105554909685575,0.001641138727596081,0.0018215164407259137,-0.00018037771312983276,50.0,1.0105,0.008255779474823475,1.027011558949647,0.993988441050353,0.0,0.011920560681424518,0.010597236616124809,0.0,0.0,0.0,0.0,0.0,0,0.0,0.0,0.3333333333333333,0.0
USDT,2017-07-06,1.01,1.03,1.01,1.01,1.012857142857143,1.0105,1.010958,1.011858686665976,1.010514343489405,0.0013443431765709501,0.0017260817878949212,-0.000381738611323971,50.0,1.0105,0.008255779474823475,1.027011558949647,0.993988441050353,0.0,0.011920560681424518,0.010443268025481716,0.0,0.0,0.0,0.0,0.0,0,0.0,0.0,0.3333333333333333,0.0
USDT,2017-07-07,1.01,1.02,1.01,1.01,1.012857142857143,1.0105,1.01156,1.0115727348712105,1.0104762439716712,0.0010964908995392264,0.0016001636102237822,-0.0005036727106845558,54.54545454545455,1.0105,0.008255779474823475,1.027011558949647,0.993988441050353,0.0,0.011322070356089968,0.010276423128954923,0.0,0.0,0.0,0.0,0.0,0,0.0,0.0,0.3333333333333333,0.0
USDT,2017-07-08,1.01,1.02,1.01,1.01,1.012857142857143,1.01,1.011794,1.011330775660255,1.0104409666404364,0.0008898090198186104,0.0014580926921427479,-0.0005682836723241375,44.444444444444436,1.01,0.007947194142394918,1.0258943882847897,0.9941056117152102,0.0,0.011322070356089968,0.010117681710034852,0.0,0.0,0.0,0.0,0.0,0,0.0,0.0,0.3333333333333333,0.0
USDT,2017-07-09,1.01,1.01,1.01,1.01,1.01,1.0105,1.012194,1.0111260409432927,1.0104083024448485,0.0007177384984442536,0.0013100218534030492,-0.0005922833549587955,57.142857142857146,1.0105,0.0075915465451673846,1.0256830930903347,0.9953169069096652,0.0,0.007339115980761697,0.009941863480039531,0.0,0.0,0.0,0.0,0.0,0,0.0,0.0,0.3333333333333333,0.0
USDT,2017-07-10,1.01,1.01,1.0,1.01,1.01,1.0110000000000001,1.0124819999999999,1.010952803875094,1.0103780578193042,0.0005747460557896655,0.0011629666938803725,-0.000588220638090707,57.142857142857146,1.0110000000000001,0.007181848464601299,1.0253636969292028,0.9966363030707975,0.0,0.0,0.009941863480039531,0.0,0.0,0.0,0.0,0.0,0,0.0,0.0,0.3333333333333333,0.0
USDT,2017-07-11,1.01,1.02,1.0,1.01,1.01,1.011,1.012682,1.010806218663541,1.0103500535363927,0.00045616512714818924,0.001021606380533936,-0.0005654412533857467,50.0,1.011,0.007181848464601299,1.0253636969292026,0.9966363030707973,0.0,0.0,0.009892262250031097,0.0,0.0,0.0,0.0,0.0,0,0.0,0.0,0.3333333333333333,0.0
USDT,2017-07-12,1.01,1.01,1.0,1.01,1.01,1.0110000000000001,1.012902,1.0106821850229961,1.0103241236448082,0.00035806137818794603,0.000888897380064738,-0.0005308360018767919,40.0,1.0110000000000001,0.007181848464601299,1.0253636969292028,0.9966363030707975,0.0,0.0,0.009857851924994838,0.0,0.0,0.0,0.0,0.0,0,0.0,0.0,0.3333333333333333,0.0
USDT,2017-07-13,1.01,1.02,1.0,1.0,1.0085714285714287,1.0110000000000001,1.012702,1.009038771942535,1.0095593737451927,-0.000520601802657561,0.0006069975435202782,-0.0011275993461778392,33.33333333333333,1.0110000000000001,0.007181848464601299,1.0253636969292028,0.9966363030707975,-0.00990099009900991,0.003742222505041869,0.009857683253607407,0.0,0.0,0.0,0.0,0.0,0,0.0,0.0,0.3333333333333333,0.0
USDT,2017-07-14,1.0,1.01,1.0,1.0,1.0071428571428573,1.0100000000000002,1.012702,1.0076481916436835,1.0088512719862894,-0.0012030803426059666,0.00024498196629502925,-0.0014480623089009959,40.0,1.0100000000000002,0.007254762501105196,1.0245095250022107,0.9954904749977899,0.0,0.003742222505041869,0.009857683253607407,0.0,0.0,0.0,0.0,0.0,0,0.0,0.0,0.3333333333333333,0.0
USDT,2017-07-15,1.0,1.01,0.999,0.999,1.0055714285714286,1.0099500000000001,1.012282,1.0063177006215784,1.008121548135453,-0.0018038475138746346,-0.0001647839297389035,-0.0016390635841357312,39.2156862745098,1.0099500000000001,0.007330362237051419,1.024610724474103,0.9952892755258973,-0.0010000000000000009,0.00369805498892303,0.009668377405607583,0.0,0.0,0.0,0.0,0.0,0,0.0,0.0,0.3333333333333333,0.0
USDT,2017-07-16,0.999,1.0,0.9803,0.99,1.0027142857142857,1.00945,1.0120820000000001,1.0038072851413355,1.0067792112365306,-0.002971926095195032,-0.0007262123628301293,-0.002245713732364903,0.0,1.00945,0.00831912824380748,1.0260882564876148,0.992811743512385,-0.009009009009009028,0.004538026824655695,0.009643476596947226,0.0,0.0,0.0,0.0,0.0,0,0.0,0.0,0.3333333333333333,0.0
USDT,2017-07-17,0.99,1.0,0.981,1.0,1.0012857142857143,1.00895,1.0120820000000001,1.0032215489657454,1.006277047441232,-0.0030554984754864734,-0.0011920695853613983,-0.001863428890125075,33.33333333333333,1.00895,0.008580731167475975,1.0261114623349519,0.991788537665048,0.010101010101010166,0.006689258461182442,0.009840253246657183,0.0,0.0,0.0,0.0,0.0,0,0.0,0.0,0.3333333333333333,0.0
USDT,2017-07-18,1.0,1.01,0.9943,1.0,0.9998571428571429,1.00795,1.011282,1.0027259260479384,1.0058120809641036,-0.0030861549161651514,-0.001570886651522149,-0.0015152682646430023,33.33333333333333,1.00795,0.008388431884074368,1.0247268637681486,0.9911731362318512,0.0,0.006689258461182442,0.009651068665047828,0.0,0.0,0.0,0.0,0.0,0,0.0,0.0,0.3333333333333333,0.0
USDT,2017-07-19,1.0,1.0,1.0,1.0,0.9984285714285714,1.0069500000000002,1.010882,1.002306552809794,1.005381556448244,-0.0030750036384499246,-0.0018717100489077042,-0.0012032935895422204,33.33333333333333,1.0069500000000002,0.008062094543052867,1.023074189086106,0.9908258109138945,0.0,0.006689258461182442,0.008959636486971857,0.0,0.0,0.0,0.0,0.0,0,0.0,0.0,0.3333333333333333,0.0
USDT,2017-07-20,1.0,1.0,0.9951,1.0,0.9984285714285714,1.0064499999999998,1.009682,1.0019516985313641,1.004982922637263,-0.0030312241058989553,-0.0021036128603059544,-0.0009276112455930009,33.33333333333333,1.0064499999999998,0.008172321708384521,1.022794643416769,0.9901053565832308,0.0,0.0055406293146409895,0.008959636486971857,0.0,0.0,0.0,0.0,0.0,0,0.0,0.0,0.3333333333333333,0.0
USDT,2017-07-21,1.0,1.01,0.9962,1.0,0.9984285714285714,1.00595,1.008882,1.0016514372188465,1.0046138172567252,-0.0029623800378786314,-0.00227536629582049,-0.0006870137420581413,33.33333333333333,1.00595,0.008249242389460343,1.0224484847789206,0.9894515152210792,0.0,0.0055406293146409895,0.008760058246315358,0.0,0.0,0.0,0.0,0.0,0,0.0,0.0,0.3333333333333333,0.0
USDT,2017-07-22,1.0,1.0,0.9969,0.9976,0.9982285714285715,1.00433,1.0082339999999999,1.0010281391851779,1.0040942752377084,-0.003066136052530588,-0.00243352024716251,-0.0006326158053680782,30.86419753086423,1.00433,0.0062060327186803715,1.0167420654373607,0.9919179345626392,-0.0023999999999999577,0.00560815239406519,0.008768230651555431,0.0,0.0,0.0,0.0,0.0,0,0.0,0.0,0.3333333333333333,0.0
USDT,2017-07-23,0.9976,1.0,0.9941,1.0,0.9996571428571429,1.00383,1.007634,1.0008699639259198,1.0037909955904707,-0.0029210316645509327,-0.0025310225306401945,-0.00039000913391073816,35.63218390804593,1.00383,0.006127513447777935,1.016085026895556,0.9915749731044441,0.002405773857257376,0.004061726082801189,0.008593306497211796,0.0,0.0,0.0,0.0,0.0,0,0.0,0.0,0.3333333333333333,0.0
USDT,2017-07-24,1.0,1.0,0.9951,0.9969,0.9992142857142857,1.0031750000000001,1.007172,1.000259200245009,1.003280551472658,-0.003021351227648905,-0.0026290882700419366,-0.00039226295760696854,32.71767810026381,1.0031750000000001,0.006133417953273783,1.0154418359065478,0.9909081640934526,-0.0030999999999999917,0.0018161314166277138,0.007734771852628126,0.0,0.0,0.0,0.0,0.0,0,0.0,0.0,0.3333333333333333,0.0
USDT,2017-07-25,0.9969,1.0,0.983,0.9869,0.9973428571428571,1.00202,1.00651,0.9982039386688538,1.002067177289498,-0.0038632386206441938,-0.002875918340162388,-0.0009873202804818056,25.887265135699337,1.00202,0.006906792994853043,1.015833585989706,0.9882064140102939,-0.01003109639883637,0.004024302388183332,0.007100600118825479,0.0,0.0,0.0,0.0,0.0,0,0.0,0.0,0.3333333333333333,0.0
USDT,2017-07-26,0.9869,1.0,0.9869,0.9985,0.9971285714285714,1.001445,1.00628,0.9982494865659532,1.0018029419347203,-0.0035534553687670556,-0.003011425745883322,-0.0005420296228837336,40.33613445378155,1.001445,0.006682536155813198,1.0148100723116262,0.9880799276883735,0.011753977100010138,0.006578601231876378,0.007440443685101304,0.0,0.0,0.0,0.0,0.0,0,0.0,0.0,0.3333333333333333,0.0
USDT,2017-07-27,0.9985,1.0,0.9918,0.9993,0.9970285714285714,1.00091,1.005866,0.998411104017345,1.0016175388284447,-0.003206434811099723,-0.0030504275589266026,-0.0001560072521731206,49.304174950298176,1.00091,0.006383193393185184,1.0136763867863703,0.9881436132136296,0.0008012018027039325,0.00658953851608686,0.0071987515082613885,0.0,0.0,0.0,0.0,0.0,0,0.0,0.0,0.3333333333333333,0.0
USDT,2017-07-28,0.9993,1.0,0.9966,1.0,0.9970285714285715,1.00041,1.005666,0.9986555495531381,1.0014977211374487,-0.00284217158431066,-0.003008776364003414,0.00016660477969275425,50.0,1.00041,0.006014710038079234,1.0124394200761584,0.9883805799238415,0.0007004903432403786,0.006596296995938021,0.00693916243571549,0.0,0.0,0.0,0.0,0.0,0,0.0,0.0,0.3333333333333333,0.0
USDT,2017-07-29,1.0,1.01,0.9984,1.0,0.9973714285714286,0.9999100000000001,1.005666,0.9988623880834245,1.001386778830971,-0.002524390747546401,-0.002911899240712012,0.00038750849316561073,51.0,0.9999100000000001,0.00557512331702767,1.0110602466340555,0.9887597533659447,0.0,0.006511458702569171,0.00693916243571549,0.0,0.0,0.0,0.0,0.0,0,0.0,0.0,0.3333333333333333,0.0
USDT,2017-07-30,1.0,1.01,0.9991,1.0,0.9973714285714286,0.9994099999999999,1.005666,0.9990374053013592,1.0012840544731212,-0.002246649171761983,-0.0027788492269220063,0.0005322000551600233,62.19512195121955,0.9994099999999999,0.005045884200859786,1.0095017684017196,0.9893182315982804,0.0,0.006448763017903479,0.006719936631660543,0.0,0.0,0.0,0.0,0.0,0,0.0,0.0,0.3333333333333333,0.0
USDT,2017-07-31,1.0,1.01,1.0,1.0,0.9978142857142858,0.9989100000000001,1.0057639999999999,0.9991854967934578,1.001188939326964,-0.00200344253350615,-0.0026237678882388353,0.0006203253547326852,50.0,0.9989100000000001,0.004394721714447175,1.0076994434288944,0.9901205565711058,0.0,0.006303782907552626,0.006719936631660543,0.0,0.0,0.0,0.0,0.0,0,0.0,0.0,0.3333333333333333,0.0
USDT,2017-08-01,1.0,1.01,0.995,1.0,0.9996857142857143,0.99841,1.0057639999999999,0.9993108049790796,1.0011008697471888,-0.0017900647681091675,-0.002457027264212902,0.0006669624961037346,50.0,0.99841,0.0035552629631163597,1.0055205259262328,0.9912994740737673,0.0,0.004362468048354005,0.005546388632532415,0.0,0.0,0.0,0.0,0.0,0,0.0,0.0,0.3333333333333333,0.0
USDT,2017-08-02,1.0,1.0,0.965,0.9991,0.9997714285714286,0.998365,1.005546,0.9992783734438366,1.000952657173323,-0.0016742837294863033,-0.0023004785572675827,0.0006261948277812793,48.589341692789944,0.998365,0.003539740549526126,1.0054444810990522,0.9912855189009477,-0.0009000000000000119,0.0005613810332546014,0.004316652714588012,0.0,0.0,0.0,0.0,0.0,0,0.0,0.0,0.3333333333333333,0.0
USDT,2017-08-03,0.9991,1.0,0.9902,0.9931,0.9988857142857144,0.99802,1.005208,0.9983278544524772,1.000370978864188,-0.0020431244117107283,-0.002249007728156212,0.00020588331644548355,40.89709762532977,0.99802,0.0037044212560357966,1.0054288425120717,0.9906111574879284,-0.00600540486437795,0.002304540321521902,0.004437297581960035,0.0,0.0,0.0,0.0,0.0,0,0.0,0.0,0.3333333333333333,0.0
USDT,2017-08-04,0.9931,1.0,0.9931,1.0,0.9988857142857144,0.99807,1.004808,0.9985851076136345,1.0003434989483222,-0.0017583913346876923,-0.002150884449462508,0.0003924931147748158,50.0,0.99807,0.003725036206120244,1.0055200724122404,0.9906199275877595,0.006947940791460994,0.0037671499031006273,0.004643664954755552,0.0,0.0,0.0,0.0,0.0,0,0.0,0.0,0.3333333333333333,0.0
USDT,2017-08-05,1.0,1.0,0.9972,1.0,0.9988857142857144,0.9985700000000002,1.0046080000000002,0.9988027833653831,1.0003180545817798,-0.0015152712163967186,-0.00202376180284935,0.0005084905864526316,52.83018867924524,0.9985700000000002,0.0032219804305429595,1.0050139608610862,0.9921260391389143,0.0,0.0037671499031006273,0.004643664954755552,0.0,0.0,0.0,0.0,0.0,0,0.0,0.0,0.3333333333333333,0.0
USDT,2017-08-06,1.0,1.0,0.9983,1.0,0.9988857142857144,0.9985700000000002,1.004408,0.9989869705399396,1.0002944949831294,-0.0013075244431898225,-0.0018805143309174447,0.0005729898877276222,50.0,0.9985700000000002,0.0032219804305429595,1.0050139608610862,0.9921260391389143,0.0,0.0037671499031006273,0.004643664954755552,0.0,0.0,0.0,0.0,0.0,0,0.0,0.0,0.3333333333333333,0.0
USDT,2017-08-07,1.0,1.0,0.9972,1.0,0.9988857142857144,0.9985700000000002,1.004008,0.9991428212261028,1.0002726805399347,-0.0011298593138319157,-0.001730383327500339,0.0006005240136684232,54.20054200542003,0.9985700000000002,0.0032219804305429595,1.0050139608610862,0.9921260391389143,0.0,0.0037671499031006273,0.004643664954755552,0.0,0.0,0.0,0.0,0.0,0,0.0,0.0,0.3333333333333333,0.0
USDT,2017-08-08,1.0,1.0,0.9974,1.0,0.9988857142857144,0.9985700000000002,1.004008,0.9992746948836254,1.000252481981421,-0.0009777870977955017,-0.0015798640815593715,0.0006020769837638698,74.34944237918212,0.9985700000000002,0.0032219804305429595,1.0050139608610862,0.9921260391389143,0.0,0.0037671499031006273,0.004643664954755552,0.0,0.0,0.0,0.0,0.0,0,0.0,0.0,0.3333333333333333,0.0
USDT,2017-08-09,1.0,1.0,0.9982,1.0,0.9990142857142857,0.9985700000000002,1.004008,0.9993862802861446,1.0002337796124268,-0.0008474993262821418,-0.0014333911305039256,0.0005858918042217838,54.90196078431356,0.9985700000000002,0.0032219804305429595,1.0050139608610862,0.9921260391389143,0.0,0.0037463728738396807,0.004643664954755552,0.0,0.0,0.0,0.0,0.0,0,0.0,0.0,0.3333333333333333,0.0
USDT,2017-08-10,1.0,1.0,0.9985,1.0,1.0,0.9985700000000002,1.003808,0.9994806987036609,1.0002164626040988,-0.0007357639004379468,-0.0012938656844907299,0.0005581017840527831,52.413793103448384,0.9985700000000002,0.0032219804305429595,1.0050139608610862,0.9921260391389143,0.0,0.0026260747797438844,0.004643664954755552,0.0,0.0,0.0,0.0,0.0,0,0.0,0.0,0.3333333333333333,0.0
USDT,2017-08-11,1.0,1.0,0.98,1.0,1.0,0.9986900000000001,1.003608,0.99956059121079,1.0002004283371284,-0.0006398371263384162,-0.001163059972860267,0.0005232228465218509,50.0,0.9986900000000001,0.0032286382986056136,1.0051472765972114,0.9922327234027889,0.0,0.0,0.004643664954755552,0.0,0.0,0.0,0.0,0.0,0,0.0,0.0,0.3333333333333333,0.0
USDT,2017-08-12,1.0,1.01,1.0,1.01,1.0014285714285713,0.9991899999999999,1.003808,1.0011666541014377,1.000926322534378,0.000240331567059604,-0.0008823816648762929,0.001122713231935897,71.00840336134452,0.9991899999999999,0.004099152672400048,1.0073883053448,0.9909916946551998,0.010000000000000009,0.0037796447300922874,0.004649428542869314,0.0,0.0,0.0,0.0,0.0,0,0.0,0.0,0.3333333333333333,0.0
USDT,2017-08-13,1.01,1.01,1.0,1.0,1.0014285714285713,0.9993449999999999,1.003408,1.0009871688550627,1.00085770605035,0.00012946280471259897,-0.0006800127709585146,0.0008094755756711136,50.0,0.9993449999999999,0.004066483674349359,1.0074779673486987,0.9912120326513012,-0.00990099009900991,0.0057449717799969114,0.0050118337195234714,0.0,0.0,0.0,0.0,0.0,0,0.0,0.0,0.3333333333333333,0.0
USDT,2017-08-14,1.0,1.0,0.9844,1.0,1.0014285714285713,1.0,1.003408,1.0008352967235146,1.0007941722688427,4.112445467185921e-05,-0.0005357853258324399,0.0005769097805042991,50.0,1.0,0.002820600906500348,1.0056412018130008,0.9943587981869993,0.0,0.0057449717799969114,0.005008194136729998,0.0,0.0,0.0,0.0,0.0,0,0.0,0.0,0.3333333333333333,0.0
USDT,2017-08-15,1.0,1.0,0.9891,1.0,1.0014285714285713,1.000075,1.003408,1.0007067895352815,1.0007353446933729,-2.8555158091414512e-05,-0.00043433929228423485,0.00040578413419282034,50.0,1.000075,0.0027984723276258294,1.0056719446552518,0.9944780553447484,0.0,0.0057449717799969114,0.0047076293179406856,0.0,0.0,0.0,0.0,0.0,0,0.0,0.0,0.3333333333333333,0.0
USDT,2017-08-16,1.0,1.0,1.0,1.0,1.0014285714285713,1.0001099999999998,1.0032079999999999,1.0005980526836997,1.000680874716086,-8.282203238629826e-05,-0.00036403584030464755,0.0002812138079183493,51.367781155015216,1.0001099999999998,0.0027926407046610334,1.0056952814093219,0.9945247185906778,0.0,0.0057449717799969114,0.0043320980865557655,0.0,0.0,0.0,0.0,0.0,0,0.0,0.0,0.3333333333333333,0.0
USDT,2017-08-17,1.0,1.0,0.9872,0.9999,1.0014142857142858,1.000105,1.002806,1.0004906599631305,1.0006230321445242,-0.00013237218139372509,-0.00031770310852246306,0.00018533092712873797,62.59259259259264,1.000105,0.0027929375216904704,1.005690875043381,0.9945191249566191,-9.999999999998899e-05,0.005745137143716279,0.004332143772880109,0.0,0.0,0.0,0.0,0.0,0,0.0,0.0,0.3333333333333333,0.0
USDT,2017-08-18,0.9999,1.0,0.9902,1.0,1.0014142857142858,1.000105,1.002406,1.0004151738149565,1.0005768816153002,-0.00016170780034374665,-0.0002865040468867198,0.00012479624654297315,50.0,1.000105,0.0027929375216904704,1.005690875043381,0.9945191249566191,0.00010001000100001711,0.00574526190634708,0.004332177691350767,0.0,0.0,0.0,0.0,0.0,0,0.0,0.0,0.3333333333333333,0.0
USDT,2017-08-19,1.0,1.01,0.9999,1.0,0.9999857142857144,1.000105,1.0022060000000002,1.0003513009203477,1.0005341496437965,-0.00018284872344875858,-0.0002657729821991276,8.292425875036901e-05,50.0,1.000105,0.0027929375216904704,1.005690875043381,0.9945191249566191,0.0,0.0037426685211470194,0.004332177691350767,0.0,0.0,0.0,0.0,0.0,0,0.0,0.0,0.3333333333333333,0.0
USDT,2017-08-20,1.0,1.01,1.0,1.0,0.9999857142857144,1.000105,1.0020060000000002,1.0002972546249096,1.0004945830035152,-0.00019732837860564345,-0.0002520840614804308,5.475568287478734e-05,50.0,1.000105,0.0027929375216904704,1.005690875043381,0.9945191249566191,0.0,5.773791401139042e-05,0.004332177691350767,0.0,0.0,0.0,0.0,0.0,0,0.0,0.0,0.3333333333333333,0.0
USDT,2017-08-21,1.0,1.01,1.0,1.01,1.0014142857142858,1.000605,1.001606,1.0017899846826157,1.0011986879662178,0.0005912967163979044,-8.340790590476377e-05,0.0006747046223026681,66.55629139072849,1.000605,0.00356229893247012,1.00772959786494,0.9934804021350597,0.010000000000000009,0.003780085077091219,0.004672572343453404,0.0,0.0,0.0,0.0,0.0,0,0.0,0.0,0.3333333333333333,0.0
USDT,2017-08-22,1.01,1.02,1.0,1.01,1.0028428571428571,1.00115,1.001606,1.0030530639622133,1.0018506370057572,0.0012024269564561152,0.00017375906656741204,0.0010286678898887031,66.55629139072849,1.00115,0.004111409029833265,1.0093728180596666,0.9929271819403335,0.0,0.003780085077091219,0.0046579807160478555,0.0,0.0,0.0,0.0,0.0,0,0.0,0.0,0.3333333333333333,0.0
USDT,2017-08-23,1.01,1.04,1.01,1.01,1.0042714285714287,1.001995,1.0016059999999998,1.004121823352642,1.0024542935238492,0.001667529828792924,0.0004725132190125145,0.0011950166097804097,66.55629139072849,1.001995,0.00410653843215994,1.0102080768643198,0.9937819231356801,0.0,0.003780085077091219,0.0046131549016605366,0.0,0.0,0.0,0.0,0.0,0,0.0,0.0,0.3333333333333333,0.0
USDT,2017-08-24,1.01,1.01,1.01,1.01,1.0057142857142858,1.0024950000000001,1.001606,1.0050261582214663,1.0030132347443048,0.0020129234771615323,0.000780595270642318,0.0012323282065192143,66.55629139072849,1.0024950000000001,0.004445633576309172,1.0113862671526186,0.9936037328473818,0.0,0.0037735287640218297,0.0041698395450449925,0.0,0.0,0.0,0.0,0.0,0,0.0,0.0,0.3333333333333333,0.0
USDT,2017-08-25,1.01,1.01,1.0,1.01,1.0071428571428571,1.0029949999999999,1.001606,1.0057913646489332,1.0035307729113934,0.0022605917375397855,0.0010765945640218116,0.0011839971735179739,66.55629139072849,1.0029949999999999,0.004705033698639645,1.012405067397279,0.9935849326027205,0.0,0.0037796447300922882,0.0036189736878020594,0.0,0.0,0.0,0.0,0.0,0,0.0,0.0,0.3333333333333333,0.0
USDT,2017-08-26,1.01,1.01,1.01,1.01,1.0085714285714287,1.003495,1.001606,1.0064388470106358,1.0040099749179567,0.0024288720926790575,0.001347050069753261,0.0010818220229257965,50.0,1.003495,0.0048974187615914745,1.013289837523183,0.993700162476817,0.0,0.0037796447300922882,0.0036187763711875206,0.0,0.0,0.0,0.0,0.0,0,0.0,0.0,0.3333333333333333,0.0
USDT,2017-08-27,1.01,1.02,1.0,1.0,1.0085714285714287,1.003495,1.001406,1.0054482551628456,1.003712939738849,0.0017353154239967417,0.0014247031406019572,0.00031061228339478446,50.0,1.003495,0.0048974187615914745,1.013289837523183,0.993700162476817,-0.00990099009900991,0.0057449717799969114,0.004073573588496865,0.0,0.0,0.0,0.0,0.0,0,0.0,0.0,0.3333333333333333,0.0
USDT,2017-08-28,1.0,1.0,1.0,1.0,1.0071428571428573,1.003495,1.001206,1.0046100620608693,1.0034379071656008,0.0011721548952685623,0.0013741934915352783,-0.000202038596266716,50.0,1.003495,0.0048974187615914745,1.013289837523183,0.993700162476817,0.0,0.003742222505041871,0.004073573588496865,0.0,0.0,0.0,0.0,0.0,0,0.0,0.0,0.3333333333333333,0.0
USDT,2017-08-29,1.0,1.02,1.0,1.01,1.0071428571428573,1.003995,1.001206,1.005439283282274,1.003923988116297,0.0015152951659771485,0.0014024138264236525,0.000112881339553496,66.55629139072849,1.003995,0.0050304833920775385,1.014055966784155,0.993934033215845,0.010000000000000009,0.0057449717799969114,0.004463384911428147,0.0,0.0,0.0,0.0,0.0,0,0.0,0.0,0.3333333333333333,0.0
USDT,2017-08-30,1.01,1.01,1.0,1.0,1.0057142857142858,1.003995,1.001006,1.0046024704696166,1.0036333223299045,0.0009691481397120505,0.0013157606890813322,-0.00034661254936928167,50.0,1.003995,0.0050304833920775385,1.014055966784155,0.993934033215845,-0.00990099009900991,0.006859709235416623,0.004839684165845068,0.0,0.0,0.0,0.0,0.0,0,0.0,0.0,0.3333333333333333,0.0
USDT,2017-08-31,1.0,1.01,1.0,1.0,1.0042857142857142,1.003995,1.000806,1.0038943980896755,1.003364187342504,0.0005302107471714113,0.0011586507006993482,-0.0006284399535279369,50.12468827930173,1.003995,0.0050304833920775385,1.014055966784155,0.993934033215845,0.0,0.006859709235416623,0.004839684165845068,0.0,0.0,0.0,0.0,0.0,0,0.0,0.0,0.3333333333333333,0.0
USDT,2017-09-01,1.0,1.07,1.0,1.01,1.0042857142857142,1.0039950000000002,1.001006,1.0048337214604948,1.0038557290208372,0.0009779924396575712,0.001122519048490993,-0.00014452660883342168,60.0,1.0039950000000002,0.0050304833920775385,1.0140559667841553,0.9939340332158452,0.010000000000000009,0.00812458827869321,0.005166992890232158,0.0,0.0,0.0,0.0,0.0,0,0.0,0.0,0.3333333333333333,0.0
USDT,2017-09-02,1.01,1.05,1.0,1.02,1.0057142857142856,1.004995,1.001406,1.007166995081957,1.0050516009452197,0.0021153941367373363,0.0013210940661402618,0.0007943000705970746,66.66666666666666,1.004995,0.0060741449474127724,1.0171432898948256,0.9928467101051746,0.00990099009900991,0.008939787606369957,0.005304028546002834,0.0,0.0,0.0,0.0,0.0,0,0.0,0.0,0.3333333333333333,0.0
USDT,2017-09-03,1.02,1.05,1.01,1.02,1.0085714285714285,1.005995,1.0018259999999999,1.0091413035308867,1.0061588897640923,0.002982413766794423,0.001653358006271094,0.0013290557605233288,66.66666666666666,1.005995,0.00681024576417749,1.0196154915283548,0.992374508471645,0.0,0.007515720776462807,0.00518133168043932,0.0,0.0,0.0,0.0,0.0,0,0.0,0.0,0.3333333333333333,0.0
USDT,2017-09-04,1.02,1.05,1.01,1.04,1.0142857142857145,1.007995,1.002826,1.0138887952953657,1.0086656386704558,0.005223156624909908,0.0023673177299988572,0.002855838894911051,71.42857142857143,1.007995,0.010056706324902928,1.028108412649806,0.9878815873501942,0.019607843137254832,0.009629945629390414,0.006225057864035519,0.0,0.0,0.0,0.0,0.0,0,0.0,0.0,0.3333333333333333,0.0
USDT,2017-09-05,1.04,1.05,1.01,1.02,1.0157142857142856,1.008995,1.0032260000000002,1.0148289806345403,1.0095052209911628,0.005323759643377501,0.002958606112674586,0.0023651535307029153,55.55555555555556,1.008995,0.010213019296857114,1.0294210385937144,0.9885689614062858,-0.019230769230769273,0.013133708711904982,0.007269011355195457,0.0,0.0,0.0,0.0,0.0,0,0.0,0.0,0.3333333333333333,0.0
USDT,2017-09-06,1.02,1.04,1.02,1.02,1.0185714285714285,1.0100000000000002,1.003626,1.0156245220753803,1.0102826120288544,0.005341910046525955,0.00343526689944486,0.001906643147081095,55.55555555555556,1.0100000000000002,0.01025978352085558,1.0305195670417113,0.989480432958289,0.0,0.012203665860920582,0.007269011355195457,0.0,0.0,0.0,0.0,0.0,0,0.0,0.0,0.3333333333333333,0.0
USDT,2017-09-07,1.02,1.02,1.01,1.01,1.02,1.0105,1.003826,1.0147592109868604,1.0102616778044948,0.004497533182365565,0.003647720156029001,0.000849813026336564,50.0,1.0105,0.009986833437348745,1.0304736668746974,0.9905263331253025,-0.009803921568627416,0.013119730421137699,0.007517056510238514,0.0,0.0,0.0,0.0,0.0,0,0.0,0.0,0.3333333333333333,0.0
USDT,2017-09-08,1.01,1.03,1.01,1.02,1.0214285714285716,1.0115,1.004226,1.015565486219651,1.010983035004162,0.004582451215489058,0.0038346663679210127,0.0007477848475680457,54.54545454545455,1.0115,0.009880869341685167,1.0312617386833705,0.9917382613166297,0.00990099009900991,0.01310908375064088,0.0077154799145123356,0.0,0.0,0.0,0.0,0.0,0,0.0,0.0,0.3333333333333333,0.0
USDT,2017-09-09,1.02,1.02,1.01,1.01,1.02,1.012,1.004426,1.014709257570474,1.0109102175964462,0.0037990399740277514,0.003827541089142361,-2.8501115114609472e-05,50.0,1.012,0.009514531821879621,1.0310290636437593,0.9929709363562408,-0.009803921568627416,0.013115629293025304,0.007949744053348116,0.0,0.0,0.0,0.0,0.0,0,0.0,0.0,0.3333333333333333,0.0
USDT,2017-09-10,1.01,1.03,1.01,1.02,1.02,1.0125,1.004874,1.0155232179442473,1.0115835348115243,0.003939683132722971,0.003849969497858483,8.971363486448775e-05,58.33333333333333,1.0125,0.009665456669587113,1.031830913339174,0.9931690866608257,0.00990099009900991,0.013799374092819103,0.008137488118582246,0.0,0.0,0.0,0.0,0.0,0,0.0,0.0,0.3333333333333333,0.0
USDT,2017-09-11,1.02,1.02,1.01,1.01,1.0157142857142858,1.0125,1.005074,1.0146734921066707,1.0114662359365965,0.003207256170074224,0.0037214268323016316,-0.0005141706622274075,53.846153846153854,1.0125,0.009665456669587113,1.031830913339174,0.9931690866608257,-0.009803921568627416,0.011071035532789694,0.008159629814004428,0.0,0.0,0.0,0.0,0.0,0,0.0,0.0,0.3333333333333333,0.0
USDT,2017-09-12,1.01,1.02,1.0,1.0,1.012857142857143,1.012,1.005136,1.0124160317825674,1.0106168851264783,0.0017991466560891567,0.003336970797059137,-0.0015378241409699802,46.15384615384615,1.012,0.010052493799004986,1.03210498759801,0.9918950124019901,-0.00990099009900991,0.009381346510361885,0.008159629814004428,0.0,0.0,0.0,0.0,0.0,0,0.0,0.0,0.3333333333333333,0.0
USDT,2017-09-13,1.0,1.01,1.0,1.0,1.01,1.0114999999999998,1.005398,1.0105058730467877,1.0098304491911836,0.0006754238556041514,0.00280466140876814,-0.0021292375531639885,50.0,1.0114999999999998,0.010399898784936688,1.0322997975698731,0.9907002024301265,0.0,0.009381346510361885,0.008159629814004428,0.0,0.0,0.0,0.0,0.0,0,0.0,0.0,0.3333333333333333,0.0
USDT,2017-09-14,1.0,1.01,1.0,1.01,1.01,1.0115,1.0056280000000002,1.010428046424205,1.0098430085103551,0.0005850379138498951,0.002360736709784491,-0.001775698795934596,53.846153846153854,1.0115,0.010399898784936688,1.0322997975698733,0.9907002024301267,0.010000000000000009,0.00988526086842538,0.008360065836398025,0.0,0.0,0.0,0.0,0.0,0,0.0,0.0,0.3333333333333333,0.0
USDT,2017-09-15,1.01,1.01,0.9953,1.01,1.0085714285714285,1.0115,1.0058420000000001,1.0103621931281734,1.009854637509588,0.000507555618585398,0.0019901004915446724,-0.0014825448729592744,50.0,1.0115,0.010399898784936688,1.0322997975698733,0.9907002024301267,0.0,0.00889855541132376,0.008360065836398025,0.0,0.0,0.0,0.0,0.0,0,0.0,0.0,0.3333333333333333,0.0
USDT,2017-09-16,1.01,1.03,1.0,1.01,1.0085714285714287,1.012,1.006042,1.0103064711084544,1.0098654051014704,0.00044106600698401444,0.001680293594632541,-0.0012392275876485265,45.45454545454546,1.012,0.010052493799004985,1.03210498759801,0.9918950124019901,0.0,0.008084662388458652,0.008359893761528042,0.0,0.0,0.0,0.0,0.0,0,0.0,0.0,0.3333333333333333,0.0
USDT,2017-09-17,1.01,1.02,1.0,1.01,1.0071428571428573,1.0125,1.006242,1.0102593217071538,1.009875375093954,0.00038394661319984813,0.0014210241983460025,-0.0010370775851461544,45.45454545454546,1.0125,0.00966545666958711,1.031830913339174,0.9931690866608257,0.0,0.00683972999845614,0.008360024600254626,0.0,0.0,0.0,0.0,0.0,0,0.0,0.0,0.3333333333333333,0.0
USDT,2017-09-18,1.01,1.02,1.0,1.0,1.0057142857142858,1.012,1.006242,1.0086809645214379,1.0091438658277352,-0.0004629013062973364,0.0010442390974173348,-0.0015071404037146712,30.0,1.012,0.010052493799004985,1.03210498759801,0.9918950124019901,-0.00990099009900991,0.006859709235416626,0.008567802815527093,0.0,0.0,0.0,0.0,0.0,0,0.0,0.0,0.3333333333333333,0.0
USDT,2017-09-19,1.0,1.01,1.0,1.0,1.0057142857142858,1.012,1.006242,1.0073454315181398,1.008466542433088,-0.0011211109149482645,0.000611169094944215,-0.0017322800098924795,37.5,1.012,0.010052493799004985,1.03210498759801,0.9918950124019901,0.0,0.005744971779996915,0.008567802815527093,0.0,0.0,0.0,0.0,0.0,0,0.0,0.0,0.3333333333333333,0.0
USDT,2017-09-20,1.0,1.01,1.0,1.0,1.0057142857142858,1.012,1.006242,1.0062153651307337,1.0078393911417483,-0.0016240260110145233,0.00016413007375246737,-0.0017881560847669907,37.5,1.012,0.010052493799004985,1.03210498759801,0.9918950124019901,0.0,0.005744971779996915,0.008358737572189544,0.0,0.0,0.0,0.0,0.0,0,0.0,0.0,0.3333333333333333,0.0
USDT,2017-09-21,1.0,1.01,1.0,1.0,1.0042857142857142,1.0115,1.00626,1.005259155110621,1.0072586955016187,-0.0019995403909978116,-0.00026860401919758843,-0.0017309363718002232,42.857142857142854,1.0115,0.010399898784936688,1.0322997975698733,0.9907002024301267,0.0,0.0037422225050418763,0.008358737572189544,0.0,0.0,0.0,0.0,0.0,0,0.0,0.0,0.3333333333333333,0.0
USDT,2017-09-22,1.0,1.01,1.0,1.0,1.002857142857143,1.0105,1.006398,1.0044500543243715,1.0067210143533507,-0.0022709600289791965,-0.0006690752211539101,-0.0016018848078252863,33.33333333333333,1.0105,0.010500626547726601,1.0315012530954533,0.9894987469045468,0.0,0.0037422225050418763,0.008358737572189544,0.0,0.0,0.0,0.0,0.0,0,0.0,0.0,0.3333333333333333,0.0
USDT,2017-09-23,1.0,1.0,0.9882,1.0,1.0014285714285713,1.0095,1.006398,1.0037654305821606,1.0062231614382877,-0.002457730856127105,-0.0010268063481485492,-0.0014309245079785558,40.0,1.0095,0.010500626547726537,1.0305012530954532,0.988498746904547,0.0,0.0037422225050418763,0.008358737572189544,0.0,0.0,0.0,0.0,0.0,0,0.0,0.0,0.3333333333333333,0.0
USDT,2017-09-24,1.0,1.0,0.996,0.9998,0.9999714285714285,1.0074900000000002,1.006394,1.0031553643387512,1.0057473717021184,-0.002592007363367177,-0.0013398465511922748,-0.0012521608121749022,24.87562189054728,1.0074900000000002,0.007874134873119719,1.0232382697462397,0.9917417302537608,-0.00019999999999997797,0.00373036840260531,0.00835857157503797,0.0,0.0,0.0,0.0,0.0,0,0.0,0.0,0.3333333333333333,0.0
USDT,2017-09-25,0.9998,1.0,0.995,1.0,0.9999714285714285,1.00649,1.006394,1.002669923671251,1.0053216404649243,-0.0026517167936732644,-0.0016022205996884728,-0.0010494961939847916,33.552631578947356,1.00649,0.007460908650748634,1.0214118173014974,0.9915681826985029,0.0002000400080015563,0.00011548160356628476,0.008358902666926253,0.0,0.0,0.0,0.0,0.0,0,0.0,0.0,0.3333333333333333,0.0
USDT,2017-09-26,1.0,1.01,0.9995,0.9998,0.9999428571428571,1.00548,1.00639,1.0022283969525971,1.0049126300601152,-0.002684233107518086,-0.0018186231012543956,-0.0008656100062636903,49.51456310679616,1.00548,0.006880452861478312,1.0192409057229566,0.9917190942770433,-0.00019999999999997797,0.00013802415551312562,0.00815986551699724,0.0,0.0,0.0,0.0,0.0,0,0.0,0.0,0.3333333333333333,0.0
USDT,2017-09-27,0.9998,1.0,0.992,0.9986,0.9997428571428572,1.0049100000000002,1.006362,1.001670182036813,1.00444502783344,-0.0027748457966270124,-0.002009867640328919,-0.0007649781562980933,46.78899082568817,1.0049100000000002,0.006958062343714975,1.0188261246874302,0.9909938753125702,-0.0012002400480095599,0.0004619726102862832,0.008162936738193549,0.0,0.0,0.0,0.0,0.0,0,0.0,0.0,0.3333333333333333,0.0
USDT,2017-09-28,0.9986,1.0,0.9952,0.9979,0.9994428571428572,1.003805,1.00632,1.0010901540311494,1.0039602109568888,-0.0028700569257393838,-0.002181905497411012,-0.0006881514283283716,1.599999999999838,1.003805,0.006142558613140347,1.0160901172262808,0.9915198827737194,-0.0007009813739234927,0.00048669943094371517,0.00794102538425993,0.0,0.0,0.0,0.0,0.0,0,0.0,0.0,0.3333333333333333,0.0
USDT,2017-09-29,0.9979,1.0,0.9939,0.9984,0.9992142857142856,1.003225,1.006288,1.0006762841802033,1.0035483434786008,-0.0028720592983975113,-0.002319936257608312,-0.0005521230407891991,5.384615384614833,1.003225,0.0060740929580664245,1.0153731859161328,0.9910768140838672,0.0005010522096402514,0.0005682204718978942,0.007734993763114536,0.0,0.0,0.0,0.0,0.0,0,0.0,0.0,0.3333333333333333,0.0
USDT,2017-09-30,0.9984,0.9999,0.9905,0.9998,0.9991857142857142,1.002215,1.006284,1.0005414712294027,1.0032706884061118,-0.0027292171767090423,-0.0024017924414284583,-0.000327424735280584,14.5833333333333,1.002215,0.004650554579274298,1.0115161091585487,0.9929138908414514,0.0014022435897436125,0.0008429821433111655,0.007739382207549175,0.0,0.0,0.0,0.0,0.0,0,0.0,0.0,0.3333333333333333,0.0
USDT,2017-10-01,0.9998,0.9998,0.9909,0.9928,0.9981857142857143,1.001355,1.00594,0.9993504756556485,1.002495081857511,-0.00314460620186241,-0.0025503551935152488,-0.0005942510083471611,9.813084112149497,1.001355,0.004724903229314517,1.010804806458629,0.991905193541371,-0.007001400280056025,0.0027763987911654554,0.007604865400626291,0.0,0.0,0.0,0.0,0.0,0,0.0,0.0,0.3333333333333333,0.0
USDT,2017-10-02,0.9928,0.9979,0.9906,0.9936,0.9972714285714286,1.0010350000000001,1.0058120000000002,0.9984657870932411,1.0018361869051027,-0.003370399811861602,-0.0027143641171845194,-0.0006560356946770825,23.77049180327883,1.0010350000000001,0.005028474185242415,1.011091948370485,0.9909780516295152,0.0008058017727639033,0.002828975694148233,0.007351153351576674,0.0,0.0,0.0,0.0,0.0,0,0.0,0.0,0.3333333333333333,0.0
USDT,2017-10-03,0.9936,0.9999,0.9926,0.9998,0.9972714285714286,1.001025,1.005808,0.9986710506173578,1.0016853582454655,-0.0030143076281076153,-0.002774352819369139,-0.00023995480873847648,49.456521739130494,1.001025,0.00503083910549061,1.0110866782109813,0.9909633217890188,0.006239935587761591,0.0039318083681163015,0.007463384475080105,0.0,0.0,0.0,0.0,0.0,0,0.0,0.0,0.3333333333333333,0.0
USDT,2017-10-04,0.9998,1.0,0.993,0.9961,0.9969142857142858,1.00033,1.00573,0.9982755043685335,1.0012716280050606,-0.002996123636527126,-0.0028187069828007364,-0.00017741665372638955,41.17647058823526,1.00033,0.004673114593081285,1.0096762291861625,0.9909837708138374,-0.0037007401480296798,0.004166324259503202,0.006423724110210247,0.0,0.0,0.0,0.0,0.0,0,0.0,0.0,0.3333333333333333,0.0
USDT,2017-10-05,0.9961,1.0,0.996,0.9984,0.9969857142857143,0.9997499999999999,1.005698,0.9982946575426053,1.0010589148195006,-0.002764257276895332,-0.002807817041619656,4.355976472432367e-05,46.721311475409735,0.9997499999999999,0.004093705051991405,1.0079374101039826,0.9915625898960171,0.0023090051199678996,0.004277964764284906,0.005501508048222761,0.0,0.0,0.0,0.0,0.0,0,0.0,0.0,0.3333333333333333,0.0
USDT,2017-10-06,0.9984,0.9999,0.994,0.9969,0.9967714285714286,0.999095,1.005638,0.9980800948437429,1.0007508470550932,-0.002670752211350269,-0.0027804040755657787,0.00010965186421550959,44.01544401544402,0.999095,0.003347343801640801,1.0057896876032815,0.9924003123967183,-0.0015024038461537437,0.004311938056406864,0.005501767887490141,0.0,0.0,0.0,0.0,0.0,0,0.0,0.0,0.3333333333333333,0.0
USDT,2017-10-07,0.9969,0.9984,0.9933,0.9943,0.9959857142857143,0.99831,1.0055239999999999,0.9974985417908594,1.0002730065324936,-0.0027744647416342305,-0.002779216208779469,4.751467145238612e-06,39.99999999999992,0.99831,0.0023467558794984795,1.003003511758997,0.9936164882410031,-0.002608085063697474,0.00432890520582565,0.005244200663094214,0.0,0.0,0.0,0.0,0.0,0,0.0,0.0,0.3333333333333333,0.0
USDT,2017-10-08,0.9943,0.9972,0.9933,0.9954,0.9963571428571428,0.9980799999999999,1.0054319999999999,0.9971756892076502,0.9999120430856423,-0.0027363538779920926,-0.002770643742621994,3.428986462990138e-05,42.517006802720964,0.9980799999999999,0.0023972791594819697,1.0028745583189638,0.9932854416810359,0.0011063059438800593,0.003363858282205093,0.004875039961924214,0.0,0.0,0.0,0.0,0.0,0,0.0,0.0,0.3333333333333333,0.0
USDT,2017-10-09,0.9954,0.9972,0.9949,0.997,0.9968428571428571,0.99793,1.005372,0.997148660098781,0.9996963361904095,-0.002547676091628537,-0.0027260502124233027,0.00017837412079476592,45.12987012987013,0.99793,0.002364451644464865,1.0026589032889297,0.9932010967110703,0.0016073940124572417,0.003394333094240954,0.004584994695174385,0.0,0.0,0.0,0.0,0.0,0,0.0,0.0,0.3333333333333333,0.0
USDT,2017-10-10,0.997,0.9972,0.9941,0.9942,0.9960428571428571,0.99764,1.005056,0.9966950200835839,0.9992892001763052,-0.0025941800927212766,-0.0026996761884828975,0.00010549609576162092,41.616766467065816,0.99764,0.0024512939655063474,1.0025425879310126,0.9927374120689872,-0.0028084252758274753,0.0024257668218843876,0.004166370849275636,0.0,0.0,0.0,0.0,0.0,0,0.0,0.0,0.3333333333333333,0.0
USDT,2017-10-11,0.9942,0.9972,0.993,0.9962,0.9960571428571429,0.99745,1.00478,0.9966188631476479,0.999060370533616,-0.0024415073859680447,-0.0026480424279799273,0.00020653504201188257,46.491228070175346,0.99745,0.0024055856054872524,1.0022611712109744,0.9926388287890254,0.0020116676725006055,0.0022409303493886984,0.003835633500141938,0.0,0.0,0.0,0.0,0.0,0,0.0,0.0,0.3333333333333333,0.0
USDT,2017-10-12,0.9962,0.9972,0.9904,0.9937,0.9953857142857142,0.9971349999999999,1.004454,0.996169807278779,0.9986633060496444,-0.0024934987708653544,-0.002617133696557013,0.00012363492569165838,44.16666666666669,0.9971349999999999,0.002465824299042394,1.0020666485980847,0.9922033514019151,-0.002509536237703225,0.002157889766104697,0.0034228940764701662,0.0,0.0,0.0,0.0,0.0,0,0.0,0.0,0.3333333333333333,0.0
USDT,2017-10-13,0.9937,0.9972,0.9915,0.9945,0.9950428571428571,0.9968599999999999,1.004144,0.9959129138512746,0.99835491300893,-0.0024419991576554168,-0.002582106788776694,0.0001401076311212772,44.62809917355387,0.9968599999999999,0.0024360019013172076,1.0017320038026343,0.9919879961973654,0.0008050719533059247,0.002185934614434972,0.0034277090621076508,0.0,0.0,0.0,0.0,0.0,0,0.0,0.0,0.3333333333333333,0.0
USDT,2017-10-14,0.9945,0.998,0.9921,0.9958,0.9952571428571428,0.99666,1.00386,0.99589554248954,0.9981656601934537,-0.00227011770391361,-0.002519708971804077,0.00024959126789046715,44.475138121546955,0.99666,0.0023443998222100575,1.0013487996444201,0.9919712003555798,0.0013071895424836555,0.0020027661029467566,0.0028576532586296354,0.0,0.0,0.0,0.0,0.0,0,0.0,0.0,0.3333333333333333,0.0
USDT,2017-10-15,0.9958,1.0,0.9952,0.9992,0.9958,0.9966199999999998,1.003644,0.9964039205680724,0.9982422779569016,-0.0018383573888292037,-0.0023834386552091026,0.0005450812663798988,59.815950920245356,0.9966199999999998,0.0022906216118084017,1.0012012432236166,0.9920387567763831,0.0034143402289616986,0.0023358477557431268,0.0029436288419203045,0.0,0.0,0.0,0.0,0.0,0,0.0,0.0,0.3333333333333333,0.0
USDT,2017-10-16,0.9992,1.0,0.9805,0.9924,0.9951428571428572,0.9962500000000001,1.003492,0.9957879327883689,0.9978095166267607,-0.002021583838391794,-0.002311067691845641,0.0002894838534538472,48.44559585492217,0.9962500000000001,0.002346890439902157,1.0009437808798043,0.9915562191201958,-0.006805444355484469,0.003548641879340289,0.003169000375632906,0.0,0.0,0.0,0.0,0.0,0,0.0,0.0,0.3333333333333333,0.0
USDT,2017-10-17,0.9924,1.0,0.9874,1.0,0.9959714285714286,0.9963199999999999,1.003492,0.9964359431286198,0.997971774654408,-0.0015358315257881783,-0.0021560204586341487,0.0006201889328459704,50.24999999999997,0.9963199999999999,0.002439715255184081,1.001199430510368,0.9914405694896317,0.00765820233776715,0.0045530139099991184,0.0035077518948514103,0.0,0.0,0.0,0.0,0.0,0,0.0,0.0,0.3333333333333333,0.0
USDT,2017-10-18,1.0,1.01,0.9997,1.0,0.9965142857142857,0.996425,1.003292,0.9969842595703706,0.9981220135688963,-0.0011377539985256702,-0.001952367166612453,0.0008146131680867828,55.3719008264463,0.996425,0.0025538155149252336,1.0015326310298505,0.9913173689701495,0.0,0.00453017936812629,0.003005609477574305,0.0,0.0,0.0,0.0,0.0,0,0.0,0.0,0.3333333333333333,0.0
USDT,2017-10-19,1.0,1.01,0.9989,0.9989,0.997257142857143,0.9964500000000001,1.0032699999999999,0.9972789888672366,0.9981796421934225,-0.0009006533261858296,-0.0017420243985271284,0.0008413710723412988,50.7122507122508,0.9964500000000001,0.0025765133519339563,1.001603026703868,0.9912969732961322,-0.0010999999999999899,0.004400853662804926,0.003012366663035964,0.0,0.0,0.0,0.0,0.0,0,0.0,0.0,0.3333333333333333,0.0
USDT,2017-10-20,0.9999,1.0,0.993,0.993,0.9970428571428572,0.99611,1.0031299999999999,0.9966206828876618,0.9977959649939097,-0.0011752821062478436,-0.0016286759400712715,0.0004533938338234279,45.0632911392405,0.99611,0.0025597902874749793,1.00122958057495,0.9909904194250501,-0.0059064971468615335,0.005068403367976019,0.003197512451198246,0.0,0.0,0.0,0.0,0.0,0,0.0,0.0,0.3333333333333333,0.0
USDT,2017-10-21,0.993,0.994,0.9901,0.9901,0.9962285714285715,0.9959749999999999,1.002732,0.9956175009049446,0.9972258935128793,-0.001608392607934661,-0.0016246192736439494,1.6226665709288303e-05,44.72361809045229,0.9959749999999999,0.0028031701978217948,1.0015813403956435,0.9903686596043564,-0.0029204431017120225,0.0051099460652083775,0.003234536390570951,0.0,0.0,0.0,0.0,0.0,0,0.0,0.0,0.3333333333333333,0.0
USDT,2017-10-22,0.9901,0.9951,0.9901,0.9901,0.9949285714285715,0.9958,1.002134,0.9947686546118762,0.9966980495489622,-0.001929394937085993,-0.0016855744063323582,-0.0002438205307536349,43.15245478036181,0.9958,0.0030570023156608794,1.0019140046313217,0.9896859953686783,0.0,0.004792787345992705,0.003234536390570951,0.0,0.0,0.0,0.0,0.0,0,0.0,0.0,0.3333333333333333,0.0
USDT,2017-10-23,0.9901,1.04,0.9901,1.02,0.9988714285714285,0.99681,1.002134,0.998650400056203,0.9984241199527428,0.00022628010346015248,-0.0013032035043738562,0.0015294836078340087,67.16417910447761,0.99681,0.006184862675585667,1.0091797253511714,0.9844402746488287,0.030198969801030318,0.012273338217821833,0.006445273316591587,0.0,0.0,0.0,0.0,0.0,0,0.0,0.0,0.3333333333333333,0.0
USDT,2017-10-24,1.02,1.02,0.9911,1.0,0.9988714285714285,0.997005,1.001334,0.9988580308167871,0.9985408518080953,0.0003171790086918813,-0.0009791270017607088,0.00129630601045259,53.44418052256534,0.997005,0.006222664431868597,1.0094503288637373,0.9845596711362629,-0.019607843137254943,0.014949960788585757,0.007434717040809542,0.0,0.0,0.0,0.0,0.0,0,0.0,0.0,0.3333333333333333,0.0
USDT,2017-10-25,1.0,1.0,1.0,1.0,0.9988714285714285,0.997085,1.000934,0.9990337183834352,0.9986489368593474,0.0003847815240878294,-0.0007063452965910011,0.0010911268206788304,52.31143552311437,0.997085,0.006251759752266855,1.0095885195045338,0.9845814804954663,0.0,0.014949960788585757,0.007434651926264318,0.0,0.0,0.0,0.0,0.0,0,0.0,0.0,0.3333333333333333,0.0
USDT,2017-10-26,1.0,1.0,1.0,1.0,0.9990285714285714,0.99724,1.000534,0.999182377093676,0.9987490156105069,0.0004333614831690813,-0.0004784039406389847,0.000911765423808066,53.95232120451691,0.99724,0.006285271002829661,1.0098105420056593,0.9846694579943407,0.0,0.014941086328402922,0.007434531484623069,0.0,0.0,0.0,0.0,0.0,0,0.0,0.0,0.3333333333333333,0.0
USDT,2017-10-27,0.994,1.03,0.98,0.9971,0.9996142857142856,0.9973799999999999,1.000276,0.9988620113869566,0.9986268663060249,0.00023514508093169795,-0.00033569413632484815,0.0005708392172565462,51.58924205378969,0.9973799999999999,0.00624740788353235,1.0098748157670647,0.9848851842329353,-0.0029000000000000137,0.014776856519002776,0.007450714795048479,0.0,0.0,0.0,0.0,0.0,0,0.0,0.0,0.3333333333333333,0.0
USDT,2017-10-28,0.9971,1.02,0.99,1.0,1.0010285714285714,0.9976099999999999,0.999876,0.9990370865581941,0.998728579912986,0.00030850664520809534,-0.00020685398001825945,0.0005153606252263548,52.51798561151078,0.9976099999999999,0.00625534718629728,1.0101206943725944,0.9850993056274053,0.0029084344599337175,0.014704104762025457,0.007468518484567973,0.0,0.0,0.0,0.0,0.0,0,0.0,0.0,0.3333333333333333,0.0
USDT,2017-10-29,1.0,1.01,0.9672,0.9717,0.9984,0.996345,0.99911,0.9948313809338566,0.9967264628823945,-0.0018950819485379355,-0.0005444995737221947,-0.0013505823748157409,37.30378578024011,0.996345,0.00852985314861308,1.0134047062972262,0.9792852937027738,-0.028299999999999992,0.018571691480912273,0.009089878076779443,0.0,0.0,0.0,0.0,0.0,0,0.0,0.0,0.3333333333333333,0.0
USDT,2017-10-30,0.9717,0.9989,0.96,0.977,0.9922571428571428,0.9954849999999998,0.9982500000000001,0.9920880915594171,0.9952652434096245,-0.0031771518502073937,-0.0010710300290192347,-0.002106121821188159,42.79026217228466,0.9954849999999998,0.009562111361214709,1.0146092227224293,0.9763607772775704,0.00545435834105179,0.012744983514402314,0.00915457804632844,0.0,0.0,0.0,0.0,0.0,0,0.0,0.0,0.3333333333333333,0.0
USDT,2017-10-31,0.977,0.985,0.975,0.9786,0.9892000000000001,0.994605,0.9976220000000001,0.9900130005502761,0.9940307809348375,-0.004017780384561465,-0.0016603801001276806,-0.0023574002844337838,39.38492063492067,0.994605,0.010276056739105838,1.0151571134782116,0.9740528865217883,0.0016376663254862311,0.011445436016106767,0.0090860600051703,0.0,0.0,0.0,0.0,0.0,0,0.0,0.0,0.3333333333333333,0.0
USDT,2017-11-01,0.9786,0.999,0.975,0.9947,0.9884428571428572,0.9946550000000001,0.997516,0.9907340773886951,0.9940803527174422,-0.0033462753287470948,-0.0019975591458515638,-0.001348716182895531,47.73310521813518,0.9946550000000001,0.010273854142795092,1.0152027082855903,0.9741072917144099,0.01645207439198848,0.01364821076098313,0.00959485019972344,0.0,0.0,0.0,0.0,0.0,0,0.0,0.0,0.3333333333333333,0.0
USDT,2017-11-02,0.9947,1.0,0.9774,0.9891,0.9868857142857143,0.9943850000000001,0.997298,0.9904826808673575,0.9937114377013354,-0.0032287568339779416,-0.0022437986834768393,-0.0009849581505011022,45.96375617792422,0.9943850000000001,0.010348825257515237,1.0150826505150305,0.9736873494849696,-0.005629838142153454,0.013766945508206898,0.009576852519886691,0.0,0.0,0.0,0.0,0.0,0,0.0,0.0,0.3333333333333333,0.0
USDT,2017-11-03,0.9891,1.02,0.9752,0.9878,0.9855571428571429,0.993985,0.996854,0.9900699607339178,0.9932735534271624,-0.00320359269324455,-0.0024357574854303814,-0.0007678352078141688,47.77397260273974,0.993985,0.010445410727358509,1.014875821454717,0.973094178545283,-0.0013143261550904173,0.013752771992865702,0.009557645787681668,0.0,0.0,0.0,0.0,0.0,0,0.0,0.0,0.3333333333333333,0.0
USDT,2017-11-04,0.9878,0.9975,0.98,0.9827,0.9830857142857142,0.9931599999999999,0.996308,0.9889361206210074,0.9924903272473726,-0.003554206626365186,-0.0026594473136173427,-0.0008947593127478434,46.89075630252103,0.9931599999999999,0.01066121351836964,1.0144824270367392,0.9718375729632607,-0.005162988459202267,0.013683618445471113,0.009586386156222747,0.0,0.0,0.0,0.0,0.0,0,0.0,0.0,0.3333333333333333,0.0
USDT,2017-11-05,0.9827,0.995,0.9752,0.9843,0.9848857142857144,0.992755,0.9957940000000001,0.9882228712946985,0.9918836363401599,-0.0036607650454613117,-0.0028597108599861367,-0.000801054185475175,47.59535655058042,0.992755,0.010843891076743025,1.014442782153486,0.971067217846514,0.0016281672941893532,0.00754373165500201,0.009591953144430834,0.0,0.0,0.0,0.0,0.0,0,0.0,0.0,0.3333333333333333,0.0
USDT,2017-11-06,0.9843,1.0,0.981,1.0,0.9881714285714286,0.992755,0.9955940000000001,0.9900347372493603,0.992484848463111,-0.0024501112137507164,-0.0027777909307390527,0.0003276797169883363,40.60150375939849,0.992755,0.010843891076743025,1.014442782153486,0.971067217846514,0.01595042161942506,0.00923033415005667,0.01003163750631803,0.0,0.0,0.0,0.0,0.0,0,0.0,0.0,0.3333333333333333,0.0
USDT,2017-11-07,1.0,1.01,0.9925,0.9992,0.9911142857142856,0.9927150000000001,0.995578,0.9914447776725357,0.9929822670954732,-0.0015374894229375213,-0.0025297306291787464,0.000992241206241225,49.541284403669714,0.9927150000000001,0.01081720243043963,1.0143494048608794,0.9710805951391208,-0.0008000000000000229,0.009351589601002087,0.010031992916090672,0.0,0.0,0.0,0.0,0.0,0,0.0,0.0,0.3333333333333333,0.0
USDT,2017-11-08,0.9992,1.0,0.9752,0.9999,0.9918571428571428,0.992765,0.9955760000000001,0.9927455811075302,0.9934946917550678,-0.0007491106475375764,-0.0021736066328505127,0.0014244959853129363,49.94311717861206,0.992765,0.01084955856487664,1.0144641171297533,0.9710658828702468,0.0007005604483587557,0.007235952172083355,0.01002889575045766,0.0,0.0,0.0,0.0,0.0,0,0.0,0.0,0.3333333333333333,0.0
USDT,2017-11-09,0.9999,0.9999,0.9805,0.9881,0.9917142857142858,0.9925200000000001,0.995338,0.9920308763217563,0.993095084958396,-0.0010642086366396963,-0.0019517270336083495,0.0008875183969686532,44.0320962888666,0.9925200000000001,0.010899183938551172,1.0143183678771024,0.9707216321228977,-0.01180118011801179,0.00842375747280326,0.010252137971951566,0.0,0.0,0.0,0.0,0.0,0,0.0,0.0,0.3333333333333333,0.0
USDT,2017-11-10,0.9881,0.9999,0.981,0.9973,0.9930714285714286,0.9928800000000001,0.9952840000000001,0.9928415107337938,0.993406560146663,-0.0005650494128691674,-0.0016743915094605132,0.0011093420965913457,50.0943396226415,0.9928800000000001,0.010933897075755497,1.014747794151511,0.9710122058484891,0.009310798502175865,0.009101471102067377,0.010390986445526473,0.0,0.0,0.0,0.0,0.0,0,0.0,0.0,0.3333333333333333,0.0
USDT,2017-11-11,0.9973,1.02,0.9938,0.9992,0.9954285714285714,0.9933349999999999,0.995268,0.9938197398516717,0.9938357038395027,-1.59639878309914e-05,-0.0013427060051346088,0.0013267420173036174,49.619047619047606,0.9933349999999999,0.011001257105203676,1.0153375142104073,0.9713324857895925,0.0019051438884989391,0.008631473627747611,0.010384176064117828,0.0,0.0,0.0,0.0,0.0,0,0.0,0.0,0.3333333333333333,0.0
USDT,2017-11-12,0.9992,1.05,0.981,1.0,0.9976714285714285,0.992335,0.995268,0.9947705491052606,0.9942923183699099,0.00047823073535069316,-0.0009785186570375486,0.0014567493923882417,68.258064516129,0.992335,0.009213621209357876,1.0107622424187157,0.9739077575812842,0.0008006405124099114,0.008649668803124923,0.010384167722849048,0.0,0.0,0.0,0.0,0.0,0,0.0,0.0,0.3333333333333333,0.0
USDT,2017-11-13,1.0,1.03,0.9901,1.01,0.9991,0.992835,0.995472,0.9971135415506052,0.9954558503425092,0.0016576912080960016,-0.00045127668401083855,0.00210896789210684,70.07299270072991,0.992835,0.009897435872091406,1.0126298717441828,0.9730401282558172,0.010000000000000009,0.007265686999595155,0.010535273395301276,0.0,0.0,0.0,0.0,0.0,0,0.0,0.0,0.3333333333333333,0.0
USDT,2017-11-14,1.01,1.02,0.9999,1.01,1.0006428571428572,0.9933350000000001,0.995672,0.9990960736197428,0.9965331947615825,0.0025628788581603112,0.00015155442442339146,0.00241132443373692,69.47890818858556,0.9933350000000001,0.010511961858060585,1.0143589237161212,0.9723110762838789,0.0,0.007230693797018444,0.010521425032780547,0.0,0.0,0.0,0.0,0.0,0,0.0,0.0,0.3333333333333333,0.0
USDT,2017-11-15,1.01,1.02,0.999,1.01,1.0020857142857142,0.993835,0.9958760000000001,1.000773600755167,0.9975307358903542,0.0032428648648128444,0.0007698165125012821,0.002473048352311562,61.86046511627903,0.993835,0.011068745709383952,1.015972491418768,0.9716975085812322,0.0,0.007249386643483064,0.0104334459084185,0.0,0.0,0.0,0.0,0.0,0,0.0,0.0,0.3333333333333333,0.0
USDT,2017-11-16,1.01,1.01,0.9851,0.9852,1.0016714285714285,0.9932399999999999,0.995608,0.998377662177449,0.9966173480466243,0.0017603141308247805,0.0009679160361659818,0.0007923980946587987,47.67025089605735,0.9932399999999999,0.011203025907036967,1.0156460518140737,0.9708339481859259,-0.024554455445544576,0.011496106120322086,0.011307127761137676,0.0,0.0,0.0,0.0,0.0,0,0.0,0.0,0.3333333333333333,0.0
USDT,2017-11-17,0.9852,1.0,0.9831,0.9997,1.0020142857142857,0.993225,0.995644,0.9985810987655338,0.9968456926357632,0.0017354061297706336,0.0011214140548869121,0.0006139920748837215,56.140350877192986,0.993225,0.011193695358974664,1.0156123907179493,0.9708376092820507,0.014717823792123497,0.01240047184931377,0.011641012077936958,0.0,0.0,0.0,0.0,0.0,0,0.0,0.0,0.3333333333333333,0.0
USDT,2017-11-18,0.9997,1.01,0.9902,0.9986,1.0019285714285713,0.9945699999999998,0.9956480000000001,0.9985840066477594,0.9969756413294103,0.0016083653183490698,0.0012188043075793437,0.0003895610107697261,58.55758880516684,0.9945699999999998,0.010026443983159154,1.0146228879663182,0.9745171120336815,-0.001100330099029656,0.012392099070087944,0.011641013208036143,0.0,0.0,0.0,0.0,0.0,0,0.0,0.0,0.3333333333333333,0.0
USDT,2017-11-19,0.9983,1.0,0.9888,0.9938,1.0010428571428571,0.99541,0.9955280000000001,0.9978480056250272,0.9967404086383429,0.0011075969866842783,0.0011965628434003307,-8.896585671605236e-05,54.94276795005205,0.99541,0.009141685897726586,1.0136933717954533,0.9771266282045469,-0.004806729421189648,0.01251091615341996,0.011623308712350339,0.0,0.0,0.0,0.0,0.0,0,0.0,0.0,0.3333333333333333,0.0
USDT,2017-11-20,0.9938,0.9989,0.9029,0.9941,0.9987714285714286,0.996185,0.9955539999999999,0.997271389375023,0.9965448228132805,0.0007265665617425254,0.0011025635870687697,-0.00037599702532624423,46.344485749690215,0.996185,0.008255669503282666,1.0126963390065653,0.9796736609934347,0.0003018716039444591,0.011618074022671962,0.011609389023994979,0.0,0.0,0.0,0.0,0.0,0,0.0,0.0,0.3333333333333333,0.0
USDT,2017-11-21,0.9939,0.9967,0.9611,0.9807,0.9945857142857143,0.9954850000000001,0.9952959999999998,0.9947219448557887,0.995371132234519,-0.0006491873787303204,0.0007522133939089517,-0.0014014007726392721,40.085744908896075,0.9954850000000001,0.008952346061232309,1.0133896921224648,0.9775803078775355,-0.013479529222412245,0.012289207789490301,0.011875188204633635,0.0,0.0,0.0,0.0,0.0,0,0.0,0.0,0.3333333333333333,0.0
USDT,2017-11-22,0.9807,1.0,0.9789,0.9982,0.9928999999999999,0.9959399999999998,0.9952640000000001,0.9952570302625904,0.995580677994925,-0.00032364773233461985,0.0005370411686602375,-0.0008606889009948574,49.22797456857401,0.9959399999999998,0.00884131450098489,1.0136226290019696,0.97825737099803,0.017844396859386213,0.014869061380917883,0.010961956685413823,0.0,0.0,0.0,0.0,0.0,0,0.0,0.0,0.3333333333333333,0.0
USDT,2017-11-23,0.9982,0.9989,0.9801,0.9948,0.9942714285714285,0.9962899999999999,0.995238,0.9951867179144995,0.9955228499953009,-0.0003361320808014101,0.000362406518767908,-0.0006985385995693181,53.29400196656836,0.9962899999999999,0.008638341702461434,1.0135666834049228,0.9790133165950771,-0.0034061310358645125,0.011092432933432244,0.010380003023076173,0.0,0.0,0.0,0.0,0.0,0,0.0,0.0,0.3333333333333333,0.0
USDT,2017-11-24,0.9948,1.0,0.9863,0.9907,0.9929857142857142,0.9966900000000001,0.9950840000000001,0.9944964536199611,0.9951656018475009,-0.0006691482275398286,0.00015609556950636067,-0.0008252437970461893,46.58385093167705,0.9966900000000001,0.008147191960557292,1.0129843839211146,0.9803956160788855,-0.004121431443506185,0.009505545583582312,0.010405582737394095,0.0,0.0,0.0,0.0,0.0,0,0.0,0.0,0.3333333333333333,0.0
USDT,2017-11-25,0.9907,0.9974,0.9781,0.9957,0.9925714285714287,0.99726,0.9950600000000001,0.9946816146015055,0.9952051868958341,-0.0005235722943286447,2.0161996739359596e-05,-0.0005437342910680043,48.24473420260785,0.99726,0.007616215388378299,1.0124924307767567,0.9820275692232434,0.005046936509538691,0.009801312714608067,0.010450611955171118,0.0,0.0,0.0,0.0,0.0,0,0.0,0.0,0.3333333333333333,0.0
USDT,2017-11-26,0.9957,0.9999,0.9824,0.9947,0.9927,0.9969950000000001,0.995068,0.9946844431243508,0.9951677656442909,-0.0004833225199400992,-8.053490659653218e-05,-0.00040278761334356706,47.34734734734736,0.9969950000000001,0.007608061859844626,1.0122111237196894,0.9817788762803108,-0.0010043185698503931,0.009618384858175824,0.010438763532197328,0.0,0.0,0.0,0.0,0.0,0,0.0,0.0,0.3333333333333333,0.0
USDT,2017-11-27,0.9924,1.0,0.9727,0.9963,0.9930142857142857,0.9968499999999999,0.995086,0.9949329903359891,0.9952516348558249,-0.0003186445198357646,-0.00012815682924437866,-0.00019048769059138592,42.513661202185766,0.9968499999999999,0.00759144255066613,1.0120328851013323,0.9816671148986676,0.0016085251834723202,0.009634063570815277,0.010428850142041082,0.0,0.0,0.0,0.0,0.0,0,0.0,0.0,0.3333333333333333,0.0
USDT,2017-11-28,0.9963,0.9963,0.9765,0.9924,0.9946857142857143,0.9964749999999999,0.9949939999999999,0.9945432995150677,0.9950404026442823,-0.0004971031292145822,-0.00020194608923841938,-0.00029515703997616284,40.775681341719036,0.9964749999999999,0.007618044713915861,1.0117110894278316,0.9812389105721682,-0.003914483589280371,0.007859664315710297,0.00900598933982708,0.0,0.0,0.0,0.0,0.0,0,0.0,0.0,0.3333333333333333,0.0
USDT,2017-11-29,0.9924,0.9986,0.9624,0.9982,0.9946857142857143,0.99698,0.995074,0.9951058688204419,0.9952744468928539,-0.00016857807241199563,-0.00019527248587313464,2.669441346113901e-05,44.16996047430828,0.99698,0.007364180734800129,1.0117083614696003,0.9822516385303998,0.005844417573559024,0.004225626036307317,0.009013305592397507,0.0,0.0,0.0,0.0,0.0,0,0.0,0.0,0.3333333333333333,0.0
USDT,2017-11-30,0.9982,1.02,0.9906,1.0,0.9954285714285714,0.997115,0.99515,0.9958588120788355,0.9956244878637537,0.0002343242150818492,-0.00010935314568213787,0.00034367736076398707,59.46291560102304,0.997115,0.007395039233379541,1.0119050784667591,0.9823249215332409,0.0018032458425165654,0.0039755294708720785,0.009013915330736316,0.0,0.0,0.0,0.0,0.0,0,0.0,0.0,0.3333333333333333,0.0
USDT,2017-12-01,1.0,1.03,0.9917,1.01,0.9981857142857143,0.9976550000000002,0.995476,0.9980343794513223,0.9966893406145867,0.0013450388367356458,0.00018152525080141887,0.001163513585934227,56.98778833107191,0.9976550000000002,0.00793025353016519,1.0135155070603306,0.9817944929396698,0.010000000000000009,0.004620981453354305,0.008698050656185537,0.0,0.0,0.0,0.0,0.0,0,0.0,0.0,0.3333333333333333,0.0
USDT,2017-12-02,1.01,1.01,0.9828,0.9956,0.9981714285714285,0.9974350000000001,0.9954979999999999,0.9976598595357343,0.9966086487172099,0.0010512108185244395,0.000355462364346023,0.0006957484541784166,48.27586206896551,0.9974350000000001,0.007922803530918782,1.0132806070618376,0.9815893929381625,-0.01425742574257427,0.007741677021016994,0.009044980271086678,0.0,0.0,0.0,0.0,0.0,0,0.0,0.0,0.3333333333333333,0.0
USDT,2017-12-03,0.9955,0.998,0.9841,0.9978,0.9986142857142857,0.996825,0.9955380000000001,0.9976814196071598,0.9966968969603796,0.0009845226467802837,0.0004812744208328751,0.0005032482259474085,52.36966824644551,0.996825,0.0073536868662175195,1.011532373732435,0.9821176262675649,0.0022097227802329034,0.007766664306902537,0.009046739768000736,0.0,0.0,0.0,0.0,0.0,0,0.0,0.0,0.3333333333333333,0.0
USDT,2017-12-04,0.9976,1.0,0.9864,1.0,0.9991428571428571,0.9963249999999999,0.995554,0.9980381242829814,0.9969415712596107,0.0010965530233707499,0.0006043301413404501,0.0004922228820302998,53.418308227114736,0.9963249999999999,0.006723710989754652,1.0097724219795092,0.9828775780204906,0.002204850671477132,0.007784476342352682,0.008991038323291664,0.0,0.0,0.0,0.0,0.0,0,0.0,0.0,0.3333333333333333,0.0
USDT,2017-12-05,1.0,1.0,0.9851,1.0,1.0002285714285715,0.995825,0.995706,0.9983399513163689,0.9971681215366766,0.0011718297796923238,0.0007178300690108249,0.00045399971068149896,63.23731138545955,0.995825,0.005984442549782,1.007793885099564,0.983856114900436,0.0,0.007546800520555876,0.008989663390334694,0.0,0.0,0.0,0.0,0.0,0,0.0,0.0,0.3333333333333333,0.0
USDT,2017-12-06,1.0,1.03,0.9967,1.01,1.0019142857142858,0.9970650000000001,0.995906,1.0001338049600044,0.9981186310524783,0.0020151739075260355,0.0009772988367138672,0.0010378750708121684,59.02140672782878,0.9970650000000001,0.0062312687734024635,1.009527537546805,0.9846024624531952,0.010000000000000009,0.008122338194679625,0.008699497259395521,0.0,0.0,0.0,0.0,0.0,0,0.0,0.0,0.3333333333333333,0.0
USDT,2017-12-07,1.01,1.09,1.0,1.02,1.0047714285714286,0.9980800000000001,0.996306,1.0031901426584653,0.9997394731967392,0.003450669461726119,0.0014719729617163177,0.001978696500009801,67.50000000000001,0.9980800000000001,0.008066212833402744,1.0142124256668055,0.9819475743331946,0.00990099009900991,0.008694562275233512,0.00886769367882565,0.0,0.0,0.0,0.0,0.0,0,0.0,0.0,0.3333333333333333,0.0
USDT,2017-12-08,1.02,1.05,0.999,1.01,1.0047714285714286,0.9986500000000001,0.996528,1.0042378130187013,1.0004995122192029,0.0037383007994984396,0.001925238529272742,0.0018130622702256976,62.38767650834402,0.9986500000000001,0.008496222070647175,1.0156424441412946,0.9816575558587058,-0.009803921568627416,0.00919379936739598,0.009073694332143386,0.0,0.0,0.0,0.0,0.0,0,0.0,0.0,0.3333333333333333,0.0
USDT,2017-12-09,1.01,1.02,0.9893,1.0,1.0054,0.9989600000000001,0.9966680000000001,1.003585841785055,1.0004625113140768,0.003123330470978125,0.002164856917613819,0.0009584735533643063,52.59348612786488,0.9989600000000001,0.008422738647011315,1.0158054772940226,0.9821145227059774,-0.00990099009900991,0.008153562169226086,0.008992031456111075,0.0,0.0,0.0,0.0,0.0,0,0.0,0.0,0.3333333333333333,0.0
USDT,2017-12-10,1.0,1.06,1.0,1.0,1.0057142857142858,0.9992550000000001,0.996866,1.0030341738181234,1.0004282512167377,0.0026059226013857018,0.0022530700543681955,0.00035285254701750623,53.23565323565322,0.9992550000000001,0.008346538835133088,1.0159480776702663,0.9825619223297339,0.0,0.008126232830812229,0.008834540019110644,0.0,0.0,0.0,0.0,0.0,0,0.0,0.0,0.3333333333333333,0.0
USDT,2017-12-11,1.0,1.02,1.0,1.01,1.0071428571428573,1.0007199999999998,0.9972639999999999,1.0041058393845659,1.0011372696451275,0.002968569739438376,0.0023961699913822316,0.0005723997480561443,57.585825027685516,1.0007199999999998,0.007440543273887839,1.0156010865477756,0.9858389134522242,0.010000000000000009,0.008919311046233683,0.009012516929704988,0.0,0.0,0.0,0.0,0.0,0,0.0,0.0,0.3333333333333333,0.0
USDT,2017-12-12,1.01,1.02,0.9969,1.02,1.01,1.00181,0.9972639999999999,1.0065510948638634,1.0025345089306736,0.004016585933189765,0.0027202531797437383,0.0012963327534460264,64.31535269709546,1.00181,0.008563932938112816,1.0189378658762258,0.9846821341237745,0.00990099009900991,0.009420782101677724,0.009178171957677788,0.0,0.0,0.0,0.0,0.0,0,0.0,0.0,0.3333333333333333,0.0
USDT,2017-12-13,1.02,1.06,0.9932,1.0,1.0085714285714285,1.00207,0.9972640000000002,1.0055432341155768,1.0023467675284015,0.0031964665871753173,0.002815495861230054,0.0003809707259452631,50.813743218806515,1.00207,0.00841759435568827,1.0189051887113765,0.9852348112886234,-0.019607843137254943,0.011984372368158667,0.009719676478321457,0.0,0.0,0.0,0.0,0.0,0,0.0,0.0,0.3333333333333333,0.0
USDT,2017-12-14,1.0,1.03,1.0,1.0,1.0057142857142858,1.002535,0.9972640000000002,1.0046904288670264,1.002172932896668,0.002517495970358441,0.002755895883055732,-0.00023839991269729082,50.0,1.002535,0.00800310959302497,1.01854121918605,0.98652878081395,0.0,0.010975826896396888,0.009719676478321457,0.0,0.0,0.0,0.0,0.0,0,0.0,0.0,0.3333333333333333,0.0
USDT,2017-12-15,1.0,1.02,0.999,1.0,1.0042857142857142,1.00275,0.9972640000000002,1.0039688244259455,1.0020119749043221,0.0019568495216233384,0.0025960866107692534,-0.000639237089145915,44.939271255060724,1.00275,0.007866417629128482,1.018482835258257,0.9870171647417431,0.0,0.010546243301906101,0.009719676478321457,0.0,0.0,0.0,0.0,0.0,0,0.0,0.0,0.3333333333333333,0.0
USDT,2017-12-16,1.0,1.01,1.0,1.01,1.0057142857142856,1.003515,0.997522,1.0048966975911846,1.002603680466965,0.0022930171242196984,0.0025354727134593424,-0.00024245558923964398,57.62711864406778,1.003515,0.007785903253557624,1.0190868065071153,0.9879431934928847,0.010000000000000009,0.010546417748486626,0.008742919291033577,0.0,0.0,0.0,0.0,0.0,0,0.0,0.0,0.3333333333333333,0.0
USDT,2017-12-17,1.01,1.01,0.9905,0.9963,1.0051857142857143,1.003515,0.997448,1.0035741287310023,1.0021367411731157,0.0014373875578865825,0.0023158556823447904,-0.0008784681244582079,49.29178470254955,1.003515,0.007785903253557624,1.0190868065071153,0.9879431934928847,-0.013564356435643576,0.012006666173443441,0.008722584906163197,0.0,0.0,0.0,0.0,0.0,0,0.0,0.0,0.3333333333333333,0.0
USDT,2017-12-18,0.9963,1.01,0.9959,0.9984,1.0035285714285713,1.003815,0.997982,1.0027781089262326,1.0018599455306627,0.0009181633955699375,0.00203631722498982,-0.0011181538294198824,49.24385633270319,1.003815,0.007443137072079196,1.0187012741441583,0.9889287258558415,0.0021077988557662852,0.011203634780230603,0.008729265875508896,0.0,0.0,0.0,0.0,0.0,0,0.0,0.0,0.3333333333333333,0.0
USDT,2017-12-19,0.9983,1.03,0.9911,1.01,1.0021,1.004405,0.9986419999999999,1.0038891690914276,1.0024629125283915,0.0014262565630360768,0.0019143050925990715,-0.0004880485295629946,54.25894378194207,1.004405,0.007442302628966968,1.0192896052579339,0.9895203947420661,0.011618589743589869,0.011511932429144913,0.008928265096160017,0.0,0.0,0.0,0.0,0.0,0,0.0,0.0,0.3333333333333333,0.0
USDT,2017-12-20,1.01,1.02,0.9914,0.995,1.0013857142857143,1.0041550000000001,0.9989699999999999,1.0025216046158234,1.001910104192955,0.000611500422868394,0.001653744158652936,-0.001042243735784542,43.872549019607845,1.0041550000000001,0.007678299907776465,1.019511599815553,0.9887984001844472,-0.014851485148514865,0.010334821827472267,0.00936249682614788,0.0,0.0,0.0,0.0,0.0,0,0.0,0.0,0.3333333333333333,0.0
USDT,2017-12-21,0.995,1.01,0.9727,0.996,1.0008142857142857,1.003455,0.9989960000000001,1.0015182808287737,1.0014723186971806,4.596213159313578e-05,0.001332187753240976,-0.0012862256216478402,39.41798941798942,1.003455,0.007755166359481484,1.018965332718963,0.987944667281037,0.0010050251256281673,0.010352645465686426,0.009006222615212403,0.0,0.0,0.0,0.0,0.0,0,0.0,0.0,0.3333333333333333,0.0
USDT,2017-12-22,0.996,1.04,0.9856,1.02,1.0036714285714285,1.004675,0.9996140000000001,1.0043616222397316,1.0028447395344264,0.0015168827053051448,0.0013691267436538098,0.00014775596165133502,53.92464678178963,1.004675,0.00835078786072385,1.0213765757214477,0.9879734242785523,0.024096385542168752,0.013941051770272257,0.009479950793387246,0.0,0.0,0.0,0.0,0.0,0,0.0,0.0,0.3333333333333333,0.0
USDT,2017-12-23,1.02,1.04,1.01,1.03,1.0065285714285714,1.006285,1.000458,1.0083059880490037,1.0048562403096541,0.0034497477393495846,0.001785250942792965,0.0016644967965566196,61.77394034536891,1.006285,0.009913376131059817,1.0261117522621197,0.9864582477378805,0.009803921568627416,0.01392463320606264,0.009585787264165048,0.0,0.0,0.0,0.0,0.0,0,0.0,0.0,0.3333333333333333,0.0
USDT,2017-12-24,1.03,1.06,1.01,1.02,1.0099142857142858,1.007285,1.001204,1.0101050668106955,1.005978000286717,0.00412706652397854,0.00225361405903008,0.0018734524649484598,57.27802037845705,1.007285,0.010249070561202073,1.027783141122404,0.9867868588775959,-0.009708737864077666,0.013224010234857446,0.009745770348039948,0.0,0.0,0.0,0.0,0.0,0,0.0,0.0,0.3333333333333333,0.0
USDT,2017-12-25,1.02,1.03,1.0,1.01,1.0115714285714286,1.0077850000000002,1.0017179999999999,1.0100889026859732,1.0062759261914045,0.0038129764945686873,0.0025654865461378017,0.0012474899484308855,50.0,1.0077850000000002,0.010118054472865222,1.0280211089457305,0.9875488910542697,-0.009803921568627416,0.014157298317108491,0.009909850667103856,0.0,0.0,0.0,0.0,0.0,0,0.0,0.0,0.3333333333333333,0.0
USDT,2017-12-26,1.01,1.02,1.0,1.0,1.010142857142857,1.007285,1.0017179999999999,1.0085367638112082,1.005811042769819,0.0027257210413891286,0.0025975334451880674,0.00012818759620106127,42.72197962154295,1.007285,0.010249070561202073,1.027783141122404,0.9867868588775959,-0.00990099009900991,0.013989402572968587,0.010088634411315174,0.0,0.0,0.0,0.0,0.0,0,0.0,0.0,0.3333333333333333,0.0
USDT,2017-12-27,1.0,1.03,0.9977,1.01,1.0122857142857142,1.006785,1.001934,1.0087618770710223,1.0061213358979806,0.0026405411730416883,0.002606134990758792,3.440618228289652e-05,53.92464678178963,1.006785,0.009831542953279648,1.0264480859065594,0.9871219140934407,0.010000000000000009,0.01311414134362864,0.010243420915547894,0.0,0.0,0.0,0.0,0.0,0,0.0,0.0,0.3333333333333333,0.0
USDT,2017-12-28,1.01,1.03,1.0,1.02,1.0157142857142858,1.007285,1.002336,1.0104908190600959,1.0071493850907227,0.003341433969373142,0.002753194786481662,0.0005882391828914801,57.27802037845705,1.007285,0.010249070561202073,1.027783141122404,0.9867868588775959,0.00990099009900991,0.013405365941794378,0.010347852963523646,0.0,0.0,0.0,0.0,0.0,0,0.0,0.0,0.3333333333333333,0.0
USDT,2017-12-29,1.02,1.06,1.01,1.02,1.0157142857142856,1.0082849999999999,1.002974,1.0119537699739272,1.00810128249141,0.0038524874825172084,0.0029730533256887713,0.0008794341568284371,57.27802037845705,1.0082849999999999,0.010474092097324568,1.029233184194649,0.9873368158053507,0.0,0.009853429504087194,0.010307791019453982,0.0,0.0,0.0,0.0,0.0,0,0.0,0.0,0.3333333333333333,0.0
USDT,2017-12-30,1.02,1.1,1.02,1.02,1.0142857142857145,1.0092849999999998,1.003428,1.0131916515164,1.0089826689735277,0.004208982542872164,0.00322023916912545,0.000988743373746714,53.92464678178963,1.0092849999999998,0.010595494325423433,1.0304759886508466,0.9880940113491529,0.0,0.008883584463903978,0.01030682629600299,0.0,0.0,0.0,0.0,0.0,0,0.0,0.0,0.3333333333333333,0.0
USDT,2017-12-31,1.02,1.11,1.02,1.02,1.0142857142857142,1.0097850000000002,1.003844,1.014239089744646,1.0097987675680813,0.004440322176564759,0.003464255770613312,0.0009760664059514472,60.42216358839051,1.0097850000000002,0.010863569007422379,1.0315121380148449,0.9880578619851554,0.0,0.00808466238845865,0.010156684751666829,0.0,0.0,0.0,0.0,0.0,0,0.0,0.0,0.3333333333333333,0.0
USDT,2018-01-01,1.02,1.04,1.01,1.01,1.0142857142857142,1.009285,1.004044,1.0135869220916236,1.0098136736741494,0.003773248417474173,0.0035260542999854846,0.00024719411748868854,54.76973684210528,1.009285,0.010595494325423433,1.0304759886508468,0.9880940113491531,-0.009803921568627416,0.00808466238845865,0.009966151295857192,0.0,0.0,0.0,0.0,0.0,0,0.0,0.0,0.3333333333333333,0.0
USDT,2018-01-02,1.01,1.08,1.01,1.02,1.0171428571428571,1.010285,1.0042440000000001,1.014573549462143,1.0105682163649532,0.004005333097189867,0.0036219100594263613,0.0003834230377635058,54.166666666666664,1.010285,0.010616832464489048,1.0315186649289783,0.989051335071022,0.00990099009900991,0.007472664895807898,0.01010884351429781,0.0,0.0,0.0,0.0,0.0,0,0.0,0.0,0.3333333333333333,0.0
USDT,2018-01-03,1.02,1.07,1.01,1.01,1.0171428571428571,1.010785,1.0042440000000001,1.0138699264679671,1.0105261262638456,0.0033438002041215054,0.0035662880883653904,-0.0002224878842438851,56.52173913043478,1.010785,0.01033880146775029,1.0314626029355005,0.9901073970644995,-0.009803921568627416,0.00804453833311548,0.010286801924855142,0.0,0.0,0.0,0.0,0.0,0,0.0,0.0,0.3333333333333333,0.0
USDT,2018-01-04,1.01,1.05,1.01,1.02,1.0171428571428571,1.0117850000000002,1.004444,1.0148130147036645,1.0112278946887459,0.003585120014918619,0.0035700544736760364,1.506554124258274e-05,59.67741935483871,1.0117850000000002,0.010207132439214358,1.0321992648784288,0.9913707351215715,0.00990099009900991,0.00804453833311548,0.010431899393749403,0.0,0.0,0.0,0.0,0.0,0,0.0,0.0,0.3333333333333333,0.0
USDT,2018-01-05,1.02,1.09,1.0,1.01,1.0157142857142858,1.0117850000000002,1.00494,1.0140725509031008,1.0111369395266165,0.0029356113764842373,0.003443165854237677,-0.0005075544777534396,45.45454545454546,1.0117850000000002,0.010207132439214358,1.0321992648784288,0.9913707351215715,-0.009803921568627416,0.008862065962884805,0.010450525155723697,0.0,0.0,0.0,0.0,0.0,0,0.0,0.0,0.3333333333333333,0.0
USDT,2018-01-06,1.01,1.01,0.9978,1.01,1.0142857142857142,1.01247,1.005146,1.013446004610316,1.0110527217839043,0.0023932828264117134,0.0032331892486724845,-0.0008399064222607711,40.0,1.01247,0.009551913558636443,1.031573827117273,0.9933661728827271,0.0,0.008862065962884805,0.010283797445285401,0.0,0.0,0.0,0.0,0.0,0,0.0,0.0,0.3333333333333333,0.0
USDT,2018-01-07,1.01,1.07,0.9962,1.0,1.0114285714285713,1.01255,1.005174,1.0113773885164212,1.0102340016517632,0.0011433868646579803,0.002815228771869584,-0.0016718419072116034,40.0,1.01255,0.009433841657624762,1.0314176833152495,0.9936823166847505,-0.00990099009900991,0.009381346510361885,0.010286912994686138,0.0,0.0,0.0,0.0,0.0,0,0.0,0.0,0.3333333333333333,0.0
USDT,2018-01-08,1.0,1.18,0.977,1.01,1.0114285714285713,1.01255,1.005498,1.011165482590818,1.0102166681960771,0.0009488143947409267,0.0024419458964438524,-0.0014931315017029257,50.0,1.01255,0.009433841657624762,1.0314176833152495,0.9936823166847505,0.010000000000000009,0.009885260868425378,0.010286801924855142,0.0,0.0,0.0,0.0,0.0,0,0.0,0.0,0.3333333333333333,0.0
USDT,2018-01-09,1.01,1.08,1.0,1.01,1.01,1.0132999999999999,1.005816,1.010986177576846,1.0102006187000714,0.0007855588767746724,0.0021106684925100163,-0.0013251096157353439,55.55555555555556,1.0132999999999999,0.008516856351104428,1.0303337127022087,0.996266287297791,0.0,0.00889855541132376,0.010286801924855142,0.0,0.0,0.0,0.0,0.0,0,0.0,0.0,0.3333333333333333,0.0
USDT,2018-01-10,1.01,1.11,1.0,1.0,1.0085714285714287,1.0135,1.006202,1.0092959964111774,1.009445017314881,-0.00014902090370361165,0.0016587306132672909,-0.0018077515169709025,44.444444444444436,1.0135,0.008127277008877713,1.0297545540177555,0.9972454459822446,-0.00990099009900991,0.008913946456649354,0.010286912994686138,0.0,0.0,0.0,0.0,0.0,0,0.0,0.0,0.3333333333333333,0.0
USDT,2018-01-11,1.01,1.13,1.0,1.12,1.022857142857143,1.0185,1.008638,1.0263273815786886,1.0176342752915566,0.008693106287132046,0.003065605748040242,0.005627500539091805,75.0,1.0185,0.02518876106938608,1.068877522138772,0.9681224778612278,0.1200000000000001,0.04717400859632759,0.024231979381415945,0.0,0.0,0.0,0.0,0.0,0,0.0,0.0,0.3333333333333333,0.0
USDT,2018-01-12,1.12,1.15,1.09,1.11,1.0371428571428571,1.0225,1.010942,1.0392000921050442,1.0244761808255154,0.014723911279528767,0.005397266854337947,0.00932664442519082,71.42857142857143,1.0225,0.03242400020777486,1.0873480004155498,0.9576519995844502,-0.008928571428571397,0.047100437013845885,0.023959399880644345,0.0,0.0,0.0,0.0,0.0,0,0.0,0.0,0.3333333333333333,0.0
USDT,2018-01-13,1.11,1.14,1.09,1.1,1.05,1.0265,1.013128,1.0485539240888835,1.0300705378014032,0.018483386287480252,0.008014490740966409,0.010468895546513843,68.18181818181819,1.0265,0.0367459270926023,1.0999918541852045,0.9530081458147954,-0.009009009009009028,0.047681132640503554,0.02406419180328808,0.0,0.0,0.0,0.0,0.0,0,0.0,0.0,0.3333333333333333,0.0
USDT,2018-01-14,1.1,1.11,1.01,1.01,1.0514285714285714,1.0265,1.013414,1.042622551152132,1.0285838312975957,0.014038719854536419,0.009219336563680411,0.004819383290856008,48.38709677419355,1.0265,0.0367459270926023,1.0999918541852045,0.9530081458147954,-0.0818181818181819,0.05971321044307931,0.028664706927956595,0.0,0.0,0.0,0.0,0.0,0,0.0,0.0,0.3333333333333333,0.0
USDT,2018-01-15,1.01,1.02,1.0,1.0,1.05,1.0265,1.01352,1.0360652355902655,1.0264665104607367,0.009598725129528862,0.009295214276850101,0.0003035108526787608,48.38709677419355,1.0265,0.0367459270926023,1.0999918541852045,0.9530081458147954,-0.00990099009900991,0.059792875516677356,0.02867276572788683,0.0,0.0,0.0,0.0,0.0,0,0.0,0.0,0.3333333333333333,0.0
USDT,2018-01-16,1.01,1.05,1.0,1.03,1.052857142857143,1.0275,1.014194,1.0351321224225325,1.026728250426608,0.008403871995924517,0.009116945820664985,-0.0007130738247404685,51.515151515151516,1.0275,0.03654485347883587,1.1005897069576718,0.9544102930423284,0.030000000000000027,0.06085332854191056,0.02905980524847057,0.0,0.0,0.0,0.0,0.0,0,0.0,0.0,0.3333333333333333,0.0
USDT,2018-01-17,1.03,1.05,1.0,1.02,1.0557142857142858,1.0275,1.0147460000000001,1.0328041035882967,1.0262298615061185,0.006574242082178161,0.008608405072967621,-0.00203416299078946,51.515151515151516,1.0275,0.03654485347883587,1.1005897069576718,0.9544102930423284,-0.009708737864077666,0.06084586825805867,0.02913137010266716,0.0,0.0,0.0,0.0,0.0,0,0.0,0.0,0.3333333333333333,0.0
USDT,2018-01-18,1.02,1.1,1.01,1.03,1.042857142857143,1.028,1.0153819999999998,1.032372703036251,1.0265091310241838,0.00586357201206722,0.00805943846078754,-0.0021958664487203208,51.515151515151516,1.028,0.03650522673464004,1.1010104534692802,0.95498954653072,0.009803921568627416,0.03449446983335882,0.029110680009341448,0.0,0.0,0.0,0.0,0.0,0,0.0,0.0,0.3333333333333333,0.0
USDT,2018-01-19,1.03,1.1,1.02,1.02,1.03,1.028,1.015782,1.0304692102614432,1.0260269731705407,0.004442237090902523,0.007335998186810537,-0.002893761095908014,51.515151515151516,1.028,0.03650522673464004,1.1010104534692802,0.95498954653072,-0.009708737864077666,0.034486541575476065,0.029028824782452486,0.0,0.0,0.0,0.0,0.0,0,0.0,0.0,0.3333333333333333,0.0
USDT,2018-01-20,1.02,1.02,1.01,1.02,1.0185714285714285,1.028,1.0159820000000002,1.0288585625289135,1.0255805307134636,0.0032780318154499444,0.006524404912538419,-0.0032463730970884747,51.515151515151516,1.028,0.03650522673464004,1.1010104534692802,0.95498954653072,0.0,0.034761022909812665,0.029029665745976672,0.0,0.0,0.0,0.0,0.0,0,0.0,0.0,0.3333333333333333,0.0
USDT,2018-01-21,1.02,1.03,1.01,1.01,1.0185714285714287,1.028,1.01627,1.025957245216773,1.024426417327281,0.0015308278894918814,0.005525689507929112,-0.003994861618437231,51.515151515151516,1.028,0.03650522673464004,1.1010104534692802,0.95498954653072,-0.009803921568627416,0.015158694905719283,0.028765875393847794,0.0,0.0,0.0,0.0,0.0,0,0.0,0.0,0.3333333333333333,0.0
USDT,2018-01-22,1.01,1.02,1.0,1.01,1.02,1.0275,1.016514,1.0235022844141926,1.0233577938215566,0.00014449059263599295,0.004449449724870489,-0.004304959132234496,50.0,1.0275,0.036688589937186954,1.100877179874374,0.9541228201256262,0.0,0.014518691357265297,0.028706992521108053,0.0,0.0,0.0,0.0,0.0,0,0.0,0.0,0.3333333333333333,0.0
USDT,2018-01-23,1.01,1.09,1.0,1.01,1.0171428571428571,1.0275,1.016714,1.0214250098889321,1.0223683276125524,-0.0009433177236202184,0.0033708962351723473,-0.004314213958792565,50.0,1.0275,0.036688589937186954,1.100877179874374,0.9541228201256262,0.0,0.007381173288568655,0.02865154910207118,0.0,0.0,0.0,0.0,0.0,0,0.0,0.0,0.3333333333333333,0.0
USDT,2018-01-24,1.01,1.01,1.0,1.01,1.0157142857142856,1.027,1.016914,1.0196673160598657,1.0214521551968077,-0.0017848391369419403,0.00233974916074949,-0.004124588297691431,51.612903225806456,1.027,0.03686390332589809,1.100727806651796,0.9532721933482038,0.0,0.006745710875761535,0.028591045279710885,0.0,0.0,0.0,0.0,0.0,0,0.0,0.0,0.3333333333333333,0.0
USDT,2018-01-25,1.01,1.05,0.9977,1.0,1.0114285714285713,1.0265,1.0167140000000001,1.0166415751275786,1.0198631066637107,-0.0032215315361321384,0.0012274930213731644,-0.0044490245575053025,20.0,1.0265,0.037173136876826315,1.1008462737536526,0.9521537262463473,-0.00990099009900991,0.005241046194793994,0.028591045279710885,0.0,0.0,0.0,0.0,0.0,0,0.0,0.0,0.3333333333333333,0.0
USDT,2018-01-26,1.0,1.01,0.9991,1.0,1.0085714285714285,1.026,1.016314,1.0140813328002587,1.0183917654293617,-0.004310432629103023,0.00011990789127792697,-0.00443034052038095,21.05263157894737,1.026,0.037472797150945314,1.1009455943018907,0.9510544056981094,0.0,0.004807587845870647,0.028533302325819566,0.0,0.0,0.0,0.0,0.0,0,0.0,0.0,0.3333333333333333,0.0
USDT,2018-01-27,1.0,1.06,0.9969,0.9994,1.0056285714285715,1.02597,1.0161019999999998,1.0118226662156036,1.0169849679901497,-0.00516230177454613,-0.0009365340418868844,-0.004225767732659245,22.148394241417492,1.02597,0.0374949414131967,1.1009598828263933,0.9509801171736066,-0.0006000000000000449,0.004754085820741302,0.02847263993054628,0.0,0.0,0.0,0.0,0.0,0,0.0,0.0,0.3333333333333333,0.0
USDT,2018-01-28,0.9994,0.9998,0.9359,0.9787,1.0011571428571429,1.024405,1.015676,1.006726871413203,1.0141490444353238,-0.007422173022120893,-0.002233661837933686,-0.005188511184187207,35.93890386343219,1.024405,0.038826177753514074,1.102057355507028,0.9467526444929719,-0.020712427456473836,0.008043752910340561,0.02871521315396331,0.0,0.0,0.0,0.0,0.0,0,0.0,0.0,0.3333333333333333,0.0
USDT,2018-01-29,0.9787,1.03,0.9543,0.9955,0.9990857142857142,1.0236800000000001,1.0155859999999999,1.0049996604265563,1.0127676337364109,-0.00776797330985457,-0.003340524132317863,-0.0044274491775367075,48.09483488569012,1.0236800000000001,0.039242466256529274,1.1021649325130587,0.9451950674869416,0.01716562787371001,0.011502619639218191,0.02890600976602167,0.0,0.0,0.0,0.0,0.0,0,0.0,0.0,0.3333333333333333,0.0
USDT,2018-01-30,0.9964,1.0,0.9794,0.9794,0.9947142857142858,1.02265,1.014974,1.001061251130163,1.0102959571633434,-0.009234706033180329,-0.004519360512490357,-0.004715345520689972,25.719769673704448,1.02265,0.04015641129908339,1.102962822598167,0.9423371774018333,-0.01617277749874435,0.012603854000632164,0.0290484084592747,0.0,0.0,0.0,0.0,0.0,0,0.0,0.0,0.3333333333333333,0.0
USDT,2018-01-31,0.9794,0.9994,0.9755,0.9869,0.9914142857142858,1.015995,1.0143119999999999,0.998882597110138,1.008562923299392,-0.009680326189253963,-0.0055515536478430785,-0.004128772541410884,33.72664700098328,1.015995,0.03368075313259835,1.0833565062651966,0.9486334937348033,0.007657749642638212,0.01335119893911653,0.029039966043660034,0.0,0.0,0.0,0.0,0.0,0,0.0,0.0,0.3333333333333333,0.0
USDT,2018-02-01,0.9869,1.02,0.97,0.9789,0.9884000000000001,1.0094400000000001,1.01389,0.9958083514008861,1.0063656697216592,-0.010557318320773112,-0.006552706582429085,-0.004004611738344027,24.373119358074206,1.0094400000000001,0.026390995274506418,1.062221990549013,0.9566580094509873,-0.00810619110345523,0.01321815562077132,0.02900632634136398,0.0,0.0,0.0,0.0,0.0,0,0.0,0.0,0.3333333333333333,0.0
USDT,2018-02-02,0.9789,0.9915,0.9404,0.9841,0.9861285714285716,1.0036450000000001,1.013572,0.9940070665699805,1.0047163608533882,-0.010709294283407722,-0.007384024122624813,-0.0033252701607829087,31.085353003161202,1.0036450000000001,0.01622630985711191,1.036097619714224,0.9711923802857763,0.005312084993359889,0.013564815514663629,0.028978949125006235,0.0,0.0,0.0,0.0,0.0,0,0.0,0.0,0.3333333333333333,0.0
USDT,2018-02-03,0.9841,1.05,0.9825,0.9921,0.9850857142857142,1.00275,1.013414,0.9937136717130605,1.0037818156049891,-0.010068143891928671,-0.007920848076485585,-0.0021472958154430868,36.44314868804663,1.00275,0.016350519064674014,1.035451038129348,0.970048961870652,0.008129255156996251,0.014126881200731143,0.028958880561836674,0.0,0.0,0.0,0.0,0.0,0,0.0,0.0,0.3333333333333333,0.0
USDT,2018-02-04,0.9921,1.05,0.9864,0.9946,0.9873571428571429,1.00248,1.0131059999999998,0.9938500299110512,1.0031016811157307,-0.009251651204679523,-0.008187008702124373,-0.0010646425025551496,41.92872117400421,1.00248,0.016442646732780116,1.0353652934655602,0.9695947065344398,0.002519907267412691,0.01112281752270259,0.02891016185738195,0.0,0.0,0.0,0.0,0.0,0,0.0,0.0,0.3333333333333333,0.0
USDT,2018-02-05,0.9946,1.0,0.9854,0.9915,0.9867857142857143,1.0005549999999999,1.01301,0.9934884868478125,1.0022422973293803,-0.008753810481567759,-0.008300369058013051,-0.00045344142355470754,40.609137055837586,1.0005549999999999,0.015262526348097449,1.0310800526961947,0.970029947303805,-0.003116830886788602,0.009075976086468408,0.02891531774297662,0.0,0.0,0.0,0.0,0.0,0,0.0,0.0,0.3333333333333333,0.0
USDT,2018-02-06,0.9915,1.01,0.9725,0.9964,0.9892142857142857,0.999375,1.01297,0.9939364119481491,1.001809534564241,-0.007873122616091965,-0.008214919769628834,0.00034179715353686857,43.4235976789168,0.999375,0.014576941957837238,1.0285288839156745,0.9702211160843255,0.004942007060009912,0.006002761041842795,0.02887096923903518,0.0,0.0,0.0,0.0,0.0,0,0.0,0.0,0.3333333333333333,0.0
USDT,2018-02-07,0.9964,1.01,0.995,0.9988,0.9909142857142857,0.9978149999999999,1.0127460000000001,0.9946846562638184,1.001586606078001,-0.006901949814182573,-0.007952325778539581,0.0010503759643570084,44.706994328922505,0.9978149999999999,0.012672027835896327,1.0231590556717927,0.9724709443282072,0.00240867121637911,0.005559162083418741,0.028815976475397402,0.0,0.0,0.0,0.0,0.0,0,0.0,0.0,0.3333333333333333,0.0
USDT,2018-02-08,0.9988,1.03,0.9964,0.9984,0.9936999999999999,0.9967349999999999,1.012814,0.9952562476078464,1.0013505611833342,-0.006094313575487842,-0.007580723337929234,0.0014864097624413923,49.16839916839914,0.9967349999999999,0.011552774786310116,1.0198405495726202,0.9736294504273797,-0.00040048057669206383,0.0037589419818279393,0.028816078038847066,0.0,0.0,0.0,0.0,0.0,0,0.0,0.0,0.3333333333333333,0.0
USDT,2018-02-09,0.9984,1.04,0.997,1.0,0.9959714285714286,0.995735,1.012894,0.9959860556681777,1.0012505196141983,-0.005264463946020648,-0.0071174714595475174,0.0018530075135268697,50.0,0.995735,0.01022192046020608,1.0161788409204122,0.9752911590795879,0.0016025641025640969,0.003608823051867876,0.028756190618753487,0.0,0.0,0.0,0.0,0.0,0,0.0,0.0,0.3333333333333333,0.0
USDT,2018-02-10,1.0,1.03,1.0,1.0,0.9970999999999999,0.9952349999999999,1.012494,0.9966035855653811,1.0011578885316652,-0.004554302966284118,-0.006604837760894838,0.00205053479461072,50.30864197530866,0.9952349999999999,0.009719664007623639,1.014674328015247,0.9757956719847526,0.0,0.0025812174182640937,0.017805334343114123,0.0,0.0,0.0,0.0,0.0,0,0.0,0.0,0.3333333333333333,0.0
USDT,2018-02-11,1.0,1.02,0.9986,1.0,0.9978714285714284,0.994735,1.011894,0.9971261108630147,1.0010721190108012,-0.003946008147786451,-0.006073071838273161,0.0021270636904867106,63.92156862745095,0.994735,0.00916131885472477,1.0130576377094496,0.9764123622905505,0.0,0.0025313707417629495,0.017788007391435594,0.0,0.0,0.0,0.0,0.0,0,0.0,0.0,0.3333333333333333,0.0
USDT,2018-02-12,1.0,1.02,0.9988,0.9999,0.9990714285714286,0.99423,1.011492,0.9975528630379356,1.0009852953803715,-0.0034324323424359537,-0.00554494393910572,0.0021125115966697666,53.67892976588625,0.99423,0.008532359456491306,1.0112947189129826,0.9771652810870173,-9.999999999998899e-05,0.0019475070043812937,0.01776400127359494,0.0,0.0,0.0,0.0,0.0,0,0.0,0.0,0.3333333333333333,0.0
USDT,2018-02-13,0.9999,1.03,0.9989,1.0,0.9995857142857142,0.99373,1.011292,0.9979293456474839,1.000912310537381,-0.002982964889897022,-0.005032548129263981,0.002049583239366959,73.51598173515973,0.99373,0.007823116891289278,1.0093762337825785,0.9780837662174214,0.00010001000100001711,0.0010557602309105932,0.009698253203932626,0.0,0.0,0.0,0.0,0.0,0,0.0,0.0,0.3333333333333333,0.0
USDT,2018-02-14,1.0,1.02,0.9998,1.0,0.9997571428571428,0.99373,1.011292,0.9982479078555633,1.0008447319790563,-0.0025968241234930467,-0.0045454033281097945,0.0019485792046167478,68.04407713498617,0.99373,0.007823116891289278,1.0093762337825785,0.9780837662174214,0.0,0.0006509180315725879,0.009526732331283188,0.0,0.0,0.0,0.0,0.0,0,0.0,0.0,0.3333333333333333,0.0
USDT,2018-02-15,1.0,1.02,1.0,1.0,0.9999857142857144,0.99373,1.011092,0.9985174604931689,1.000782159239867,-0.0022646987466979907,-0.004089262411827434,0.0018245636651294432,87.27915194346278,0.99373,0.007823116891289278,1.0093762337825785,0.9780837662174214,0.0,0.0006084573030464994,0.007666815295254891,0.0,0.0,0.0,0.0,0.0,0,0.0,0.0,0.3333333333333333,0.0
USDT,2018-02-16,1.0,1.02,1.0,1.0,0.9999857142857144,0.99376,1.0106920000000001,0.9987455434942198,1.0007242215183954,-0.0019786780241755064,-0.0036671455342970486,0.0016884675101215421,84.41558441558429,0.99376,0.007847118143492782,1.0094542362869856,0.9780657637130145,0.0,5.7737914012786206e-05,0.007487435896324133,0.0,0.0,0.0,0.0,0.0,0,0.0,0.0,0.3333333333333333,0.0
USDT,2018-02-17,1.0,1.02,1.0,1.0,0.9999857142857144,0.994825,1.010292,0.9989385368028014,1.0006705754799956,-0.001732038677194181,-0.003280124162876475,0.0015480854856822941,76.15894039735085,0.994825,0.007106029685751239,1.0090370593715023,0.9806129406284975,0.0,5.7737914012786206e-05,0.007225583916526305,0.0,0.0,0.0,0.0,0.0,0,0.0,0.0,0.3333333333333333,0.0
USDT,2018-02-18,1.0,1.03,1.0,1.0,0.9999857142857144,0.99505,1.009892,0.9991018388331396,1.0006209032222182,-0.0015190643890785616,-0.0029279122081168926,0.001408847819038331,71.42857142857117,0.99505,0.007199159307647215,1.0094483186152945,0.9806516813847056,0.0,5.7737914012786206e-05,0.0070351138486833735,0.0,0.0,0.0,0.0,0.0,0,0.0,0.0,0.3333333333333333,0.0
USDT,2018-02-19,1.0,1.02,1.0,1.0,1.0,0.9960799999999999,1.009492,0.9992400174741951,1.0005749103909427,-0.0013348929167475987,-0.002609308349843034,0.0012744154330954355,94.73684210526261,0.9960799999999999,0.0062538072614369365,1.0085876145228738,0.983572385477126,0.0,3.780022732704866e-05,0.0070351138486833735,0.0,0.0,0.0,0.0,0.0,0,0.0,0.0,0.3333333333333333,0.0
USDT,2018-02-20,1.0,1.02,1.0,1.0,1.0,0.9967349999999999,1.009292,0.9993569378627805,1.000532324436058,-0.001175386573277537,-0.002322523994529935,0.0011471374212523979,89.13043478260786,0.9967349999999999,0.005918772543449985,1.0085725450868999,0.9848974549131,0.0,0.0,0.006818936640077708,0.0,0.0,0.0,0.0,0.0,0,0.0,0.0,0.3333333333333333,0.0
USDT,2018-02-21,1.0,1.01,0.9976,1.0,1.0,0.99779,1.0088920000000001,0.9994558704992758,1.00049289299635,-0.0010370224970741582,-0.00206542369503878,0.0010284011979646217,77.27272727272566,0.99779,0.0042047466911680955,1.0061994933823362,0.9893805066176637,0.0,0.0,0.006818936640077708,0.0,0.0,0.0,0.0,0.0,0,0.0,0.0,0.3333333333333333,0.0
USDT,2018-02-22,1.0,1.02,0.9992,1.0,1.0,0.998585,1.0086920000000001,0.9995395827301564,1.0004563824040278,-0.0009167996738713713,-0.0018356988908052982,0.0009188992169339269,94.44444444444512,0.998585,0.002721701286839809,1.0040284025736796,0.9931415974263204,0.0,0.0,0.006818936640077708,0.0,0.0,0.0,0.0,0.0,0,0.0,0.0,0.3333333333333333,0.0
USDT,2018-02-23,1.0,1.01,1.0,1.0,1.0,0.9989800000000001,1.0082920000000002,0.9996104161562862,1.0004225763000256,-0.0008121601437394155,-0.0016309911413921218,0.0008188309976527063,50.0,0.9989800000000001,0.0022661351286060016,1.0035122702572121,0.9944477297427881,0.0,0.0,0.006818936640077708,0.0,0.0,0.0,0.0,0.0,0,0.0,0.0,0.3333333333333333,0.0
USDT,2018-02-24,1.0,1.03,1.0,1.0,1.0,0.99925,1.008092,0.9996703521322422,1.0003912743518755,-0.0007209222196332687,-0.0014489773570403512,0.0007280551374070825,50.0,0.99925,0.0020257552198072876,1.0033015104396146,0.9951984895603854,0.0,0.0,0.00657388187714692,0.0,0.0,0.0,0.0,0.0,0,0.0,0.0,0.3333333333333333,0.0
USDT,2018-02-25,1.0,1.03,1.0,1.0,1.0,0.9996750000000001,1.007892,0.9997210671888204,1.0003622910665513,-0.000641223877730912,-0.0012874266611784635,0.0006462027834475514,50.0,0.9996750000000001,0.0008842927593629637,1.001443585518726,0.9979064144812742,0.0,0.0,0.00657388187714692,0.0,0.0,0.0,0.0,0.0,0,0.0,0.0,0.3333333333333333,0.0
USDT,2018-02-26,1.0,1.03,1.0,1.02,1.002857142857143,1.000855,1.008292,1.0028409030059249,1.0018169361727327,0.0010239668331921692,-0.0008251479623043369,0.0018491147954965061,100.0,1.000855,0.004527050277010477,1.009909100554021,0.991800899445979,0.020000000000000018,0.007559289460184565,0.00751525430759021,0.0,0.0,0.0,0.0,0.0,0,0.0,0.0,0.3333333333333333,0.0
USDT,2018-02-27,1.02,1.02,1.0,1.0,1.002857142857143,1.000915,1.008092,1.0024038410050133,1.001682348308086,0.0007214926969274504,-0.0005158198304579796,0.00123731252738543,50.0,1.000915,0.00450628508454718,1.0099275701690944,0.9919024298309056,-0.019607843137254943,0.011434199745522606,0.007408641899817611,0.0,0.0,0.0,0.0,0.0,0,0.0,0.0,0.3333333333333333,0.0
USDT,2018-02-28,1.0,1.03,1.0,1.0,1.002857142857143,1.000995,1.007892,1.0020340193119344,1.0015577299148943,0.0004762893970400306,-0.0003173979849583775,0.0007936873819984081,50.0,1.000995,0.004473368564722135,1.0099417371294444,0.9920482628705558,0.0,0.011434199745522606,0.006728295177034654,0.0,0.0,0.0,0.0,0.0,0,0.0,0.0,0.3333333333333333,0.0
USDT,2018-03-01,1.0,1.02,0.9988,1.0,1.002857142857143,1.000995,1.007892,1.0017210932639444,1.001442342513791,0.00027875075015337814,-0.0001981682379360264,0.00047691898808940457,50.0,1.000995,0.004473368564722135,1.0099417371294444,0.9920482628705558,0.0,0.011434199745522606,0.005979791168701168,0.0,0.0,0.0,0.0,0.0,0,0.0,0.0,0.3333333333333333,0.0
USDT,2018-03-02,1.0,1.02,0.9995,1.0,1.002857142857143,1.000995,1.005492,1.001456309684876,1.0013355023275843,0.0001208073572918078,-0.00013437311889045957,0.00025518047618226737,50.0,1.000995,0.004473368564722135,1.0099417371294444,0.9920482628705558,0.0,0.011434199745522606,0.0058347302122385295,0.0,0.0,0.0,0.0,0.0,0,0.0,0.0,0.3333333333333333,0.0
USDT,2018-03-03,1.0,1.02,0.9993,1.0,1.002857142857143,1.000995,1.003292,1.001232262041049,1.0012365762292448,-4.3141881957975414e-06,-0.00010836133275152717,0.00010404714455572963,50.0,1.000995,0.004473368564722135,1.0099417371294444,0.9920482628705558,0.0,0.011434199745522606,0.005607823947506895,0.0,0.0,0.0,0.0,0.0,0,0.0,0.0,0.3333333333333333,0.0
USDT,2018-03-04,1.0,1.02,1.0,1.0,1.002857142857143,1.001,1.001292,1.001042683265503,1.0011449779900414,-0.00010229472453837651,-0.00010714801110889704,4.8532865705205305e-06,50.0,1.001,0.004472135955005697,1.0099442719100113,0.9920557280899885,0.0,0.011434199745522606,0.005541506688744364,0.0,0.0,0.0,0.0,0.0,0,0.0,0.0,0.3333333333333333,0.0
USDT,2018-03-05,1.0,1.02,1.0,1.0,1.0,1.001,1.001092,1.0008822704554257,1.001060164805594,-0.0001778943501682395,-0.00012129727892076554,-5.659707124747397e-05,50.0,1.001,0.004472135955005697,1.0099442719100113,0.9920557280899885,0.0,0.0074110680982201775,0.005353641481213272,0.0,0.0,0.0,0.0,0.0,0,0.0,0.0,0.3333333333333333,0.0
USDT,2018-03-06,1.0,1.01,0.9998,1.0,1.0,1.001,1.001092,1.0007465365392063,1.0009816340792537,-0.0002350975400473576,-0.00014405733114608395,-9.104020890127366e-05,50.0,1.001,0.004472135955005697,1.0099442719100113,0.9920557280899885,0.0,0.0,0.005337000488951898,0.0,0.0,0.0,0.0,0.0,0,0.0,0.0,0.3333333333333333,0.0
USDT,2018-03-07,1.0,1.02,0.9998,1.0,1.0,1.001,1.000492,1.0006316847639438,1.0009089204437533,-0.0002772356798095288,-0.00017069300087877294,-0.00010654267893075585,50.0,1.001,0.004472135955005697,1.0099442719100113,0.9920557280899885,0.0,0.0,0.005300534076557739,0.0,0.0,0.0,0.0,0.0,0,0.0,0.0,0.3333333333333333,0.0
USDT,2018-03-08,1.0,1.05,1.0,1.0,1.0,1.001,1.000092,1.0005345024925678,1.0008415930034753,-0.00030709051090749284,-0.00019797250288451694,-0.0001091180080229759,50.0,1.001,0.004472135955005697,1.0099442719100113,0.9920557280899885,0.0,0.0,0.005227525607076018,0.0,0.0,0.0,0.0,0.0,0,0.0,0.0,0.3333333333333333,0.0
USDT,2018-03-09,1.0,1.04,1.0,1.0,1.0,1.001,0.999492,1.0004522713398651,1.0007792527809956,-0.00032698144113041394,-0.00022377429053369635,-0.0001032071505967176,50.0,1.001,0.004472135955005697,1.0099442719100113,0.9920557280899885,0.0,0.0,0.005209842772619703,0.0,0.0,0.0,0.0,0.0,0,0.0,0.0,0.3333333333333333,0.0
USDT,2018-03-10,1.0,1.03,1.0,1.0,1.0,1.001,0.999092,1.0003826911337321,1.0007215303527737,-0.00033883921904154235,-0.00024678727623526556,-9.205194280627679e-05,50.0,1.001,0.004472135955005697,1.0099442719100113,0.9920557280899885,0.0,0.0,0.005209153397617434,0.0,0.0,0.0,0.0,0.0,0,0.0,0.0,0.3333333333333333,0.0
USDT,2018-03-11,1.0,1.05,1.0,1.0,1.0,1.001,0.9986919999999999,1.0003238155746965,1.0006680836599757,-0.00034426808527920905,-0.0002662834380440543,-7.798464723515476e-05,50.0,1.001,0.004472135955005697,1.0099442719100113,0.9920557280899885,0.0,0.0,0.0052010688158881,0.0,0.0,0.0,0.0,0.0,0,0.0,0.0,0.3333333333333333,0.0
USDT,2018-03-12,1.0,1.03,1.0,1.0,1.0,1.001,0.9984919999999999,1.000273997793974,1.000618595981459,-0.00034459818748500126,-0.0002819463879322437,-6.265179955275755e-05,0.0,1.001,0.004472135955005697,1.0099442719100113,0.9920557280899885,0.0,0.0,0.0052010688158881,0.0,0.0,0.0,0.0,0.0,0,0.0,0.0,0.3333333333333333,0.0
USDT,2018-03-13,1.0,1.03,0.9986,1.0,1.0,1.001,0.998292,1.000231844287209,1.0005727740569066,-0.0003409297696976843,-0.00029374306428533184,-4.718670541235245e-05,,1.001,0.004472135955005697,1.0099442719100113,0.9920557280899885,0.0,0.0,0.0052010688158881,0.0,0.0,0.0,0.0,0.0,0,0.0,0.0,0.3333333333333333,0.0
USDT,2018-03-14,1.0,1.03,0.9954,0.999,0.9998571428571428,1.00095,0.9980720000000001,1.0000423297814844,1.0004562722749135,-0.00041394249342907585,-0.00031778295011408063,-9.615954331499522e-05,0.0,1.00095,0.00448946134385288,1.0099289226877057,0.9919710773122943,-0.0010000000000000009,0.00037796447300957666,0.0052043381043004365,0.0,0.0,0.0,0.0,0.0,0,0.0,0.0,0.3333333333333333,0.0
USDT,2018-03-15,0.999,1.05,0.992,1.0,0.9998571428571428,1.00095,0.997872,1.00003581750741,1.0004224743286236,-0.00038665682121363787,-0.0003315577243339921,-5.509909687964577e-05,50.0,1.00095,0.00448946134385288,1.0099289226877057,0.9919710773122943,0.0010010010010010895,0.0005776392849151146,0.005207634856175337,0.0,0.0,0.0,0.0,0.0,0,0.0,0.0,0.3333333333333333,0.0
USDT,2018-03-16,1.0,1.03,0.997,0.9986,0.9996571428571428,1.00088,0.997844,0.99981492250627,1.000287476230207,-0.0004725537239369526,-0.0003597569242545842,-0.00011279679968236842,29.41176470588273,1.00088,0.0045158900737229096,1.0099117801474458,0.9918482198525542,-0.0013999999999999568,0.0007834116905416354,0.005214025265017335,0.0,0.0,0.0,0.0,0.0,0,0.0,0.0,0.3333333333333333,0.0
USDT,2018-03-17,0.9986,1.03,0.9933,1.02,1.0025142857142857,1.00188,0.998244,1.002920319043767,1.0017476631761175,0.0011726558676494747,-5.3274365873772426e-05,0.001225930233523247,90.32258064516144,1.00188,0.006208110145527737,1.0142962202910555,0.9894637797089446,0.021430002002803983,0.008224828613890867,0.006522562924562755,0.0,0.0,0.0,0.0,0.0,0,0.0,0.0,0.3333333333333333,0.0
USDT,2018-03-18,1.02,1.03,0.9925,0.9966,1.0020285714285715,1.0007100000000002,0.9981880000000001,1.001947962267803,1.0013663547927014,0.0005816074751014977,7.37020023212816e-05,0.0005079054727802161,46.473029045643194,1.0007100000000002,0.004613698139927413,1.009937396279855,0.9914826037201454,-0.022941176470588243,0.012834164652065036,0.007820752085435406,0.0,0.0,0.0,0.0,0.0,0,0.0,0.0,0.3333333333333333,0.0
USDT,2018-03-19,0.9966,1.02,0.9905,1.0,1.0020285714285715,1.0007100000000002,0.998614,1.001648275765064,1.0012651433265753,0.00038313243848864253,0.0001355880895547538,0.00024754434893388877,50.0,1.0007100000000002,0.004613698139927413,1.009937396279855,0.9914826037201454,0.003411599438089441,0.01291709241753246,0.007846775031770507,0.0,0.0,0.0,0.0,0.0,0,0.0,0.0,0.3333333333333333,0.0
USDT,2018-03-20,1.0,1.02,0.9977,1.0,1.0020285714285715,1.0007100000000002,0.998704,1.0013946948781312,1.0011714290060882,0.00022326587204291037,0.0001531236460523851,7.014222599052526e-05,50.0,1.0007100000000002,0.004613698139927413,1.009937396279855,0.9914826037201454,0.0,0.01291709241753246,0.007846775031770507,0.0,0.0,0.0,0.0,0.0,0,0.0,0.0,0.3333333333333333,0.0
USDT,2018-03-21,1.0,1.03,0.9929,1.0,1.0021714285714285,1.0007100000000002,0.9991160000000001,1.0011801264353417,1.0010846564871188,9.546994822295929e-05,0.00014159290648649997,-4.612295826354068e-05,50.0,1.0007100000000002,0.004613698139927413,1.009937396279855,0.9914826037201454,0.0,0.012908792465036897,0.007846775031770507,0.0,0.0,0.0,0.0,0.0,0,0.0,0.0,0.3333333333333333,0.0
USDT,2018-03-22,1.0,1.02,0.9998,1.0,1.0021714285714285,1.0007100000000002,0.9993780000000001,1.0009985685222123,1.001004311562147,-5.743039934724692e-06,0.00011212571720225504,-0.00011786875713697973,50.0,1.0007100000000002,0.004613698139927413,1.009937396279855,0.9914826037201454,0.0,0.01290417115638241,0.007846775031770507,0.0,0.0,0.0,0.0,0.0,0,0.0,0.0,0.3333333333333333,0.0
USDT,2018-03-23,1.0,1.02,0.9986,0.9998,1.0023428571428572,1.0007,0.999796,1.000814173364949,1.0009151032982841,-0.00010092993333521427,6.951458709476118e-05,-0.00017044452042997544,49.80694980694983,1.0007,0.004615534410530453,1.0099310688210608,0.991468931178939,-0.00019999999999997797,0.01288932705017361,0.00784688617065602,0.0,0.0,0.0,0.0,0.0,0,0.0,0.0,0.3333333333333333,0.0
USDT,2018-03-24,1.0,1.02,0.9988,1.0,0.9994857142857142,1.0007,1.0001140000000002,1.0006889159241876,1.0008473178687816,-0.0001584019445939333,2.3931280757022284e-05,-0.00018233322535095558,50.0,1.0007,0.004615534410530453,1.0099310688210608,0.991468931178939,0.0002000400080015563,0.008977105026660244,0.007846950840269715,0.0,0.0,0.0,0.0,0.0,0,0.0,0.0,0.3333333333333333,0.0
USDT,2018-03-25,1.0,1.03,0.9993,1.0,0.9999714285714286,1.0007,1.000272,1.000582928858928,1.000784553582205,-0.0002016247232770052,-2.1179920049783215e-05,-0.000180444803227222,50.0,1.0007,0.004615534410530453,1.0099310688210608,0.991468931178939,0.0,0.0012946216895965675,0.007846950840269715,0.0,0.0,0.0,0.0,0.0,0,0.0,0.0,0.3333333333333333,0.0
USDT,2018-03-26,1.0,1.03,0.9996,1.0,0.9999714285714286,1.0007,1.00038,1.000493247496016,1.0007264385020418,-0.00023319100602581244,-6.358213724498907e-05,-0.00016960886878082337,50.0,1.0007,0.004615534410530453,1.0099310688210608,0.991468931178939,0.0,0.00011548160356701135,0.007846950840269715,0.0,0.0,0.0,0.0,0.0,0,0.0,0.0,0.3333333333333333,0.0
USDT,2018-03-27,1.0,1.04,0.9995,1.0,0.9999714285714286,1.0007,1.00055,1.0004173632658597,1.0006726282426313,-0.0002552649767715298,-0.00010191870515029723,-0.0001533462716212326,50.0,1.0007,0.004615534410530453,1.0099310688210608,0.991468931178939,0.0,0.00011548160356701135,0.007846950840269715,0.0,0.0,0.0,0.0,0.0,0,0.0,0.0,0.3333333333333333,0.0
USDT,2018-03-28,1.0,1.04,0.9994,1.0,0.9999714285714286,1.0007,1.0006220000000001,1.0003531535326506,1.0006228039283622,-0.0002696503957115848,-0.00013546504326255476,-0.00013418535244903002,50.98039215686275,1.0007,0.004615534410530453,1.0099310688210608,0.991468931178939,0.0,0.00011548160356701135,0.006882067279100936,0.0,0.0,0.0,0.0,0.0,0,0.0,0.0,0.3333333333333333,0.0
USDT,2018-03-29,1.0,1.03,0.9965,0.9967,0.9995,1.000535,1.00058,0.9997911299122428,1.0003322258595946,-0.000541095947351744,-0.00021659122408039262,-0.00032450472327135143,46.90431519699814,1.000535,0.004700086785318656,1.0099351735706372,0.9911348264293627,-0.0032999999999999696,0.0012526198838627577,0.0059068999211445575,0.0,0.0,0.0,0.0,0.0,0,0.0,0.0,0.3333333333333333,0.0
USDT,2018-03-30,0.9968,1.03,0.9954,1.0,0.9995285714285715,1.000535,1.000612,0.9998232637718978,1.0003076165366616,-0.00048435276476377354,-0.0002701435322170688,-0.00021420923254670475,51.268115942028956,1.000535,0.004700086785318656,1.0099351735706372,0.9911348264293627,0.0033109260559847087,0.0019098817265228991,0.005939543327557001,0.0,0.0,0.0,0.0,0.0,0,0.0,0.0,0.3333333333333333,0.0
USDT,2018-03-31,1.0,1.03,0.9935,0.9979,0.9992285714285715,1.0004300000000002,1.00057,0.9995273770377596,1.0001292745709829,-0.0006018975332232612,-0.0003364943324183073,-0.00026540320080495393,19.22005571030624,1.0004300000000002,0.00473598764223699,1.0099019752844742,0.9909580247155262,-0.0020999999999999908,0.002067154643775313,0.005952112948915619,0.0,0.0,0.0,0.0,0.0,0,0.0,0.0,0.3333333333333333,0.0
USDT,2018-04-01,0.9979,1.03,0.9938,0.9998,0.9992000000000001,1.00042,1.000566,0.9995693190319505,1.0001048838620212,-0.0005355648300707783,-0.0003763084319488015,-0.00015925639812197677,61.11111111111116,1.00042,0.004737154375677491,1.009894308751355,0.9909456912486451,0.001903998396632911,0.002231686505867717,0.005962838070828337,0.0,0.0,0.0,0.0,0.0,0,0.0,0.0,0.3333333333333333,0.0
USDT,2018-04-02,0.9998,1.02,0.9976,1.0,0.9992000000000001,1.00042,1.000566,0.9996355776424196,1.0000971146870568,-0.0004615370446371392,-0.00039335415448646903,-6.818289015067015e-05,50.0,1.00042,0.004737154375677491,1.009894308751355,0.9909456912486451,0.0002000400080015563,0.002233361638750581,0.005962937718086787,0.0,0.0,0.0,0.0,0.0,0,0.0,0.0,0.3333333333333333,0.0
USDT,2018-04-03,1.0,1.03,0.9962,1.0,0.9992000000000001,1.00047,1.000568,0.9996916426205089,1.000089921006534,-0.0003982783860250194,-0.00039433900079417913,-3.939385230840287e-06,50.0,1.00047,0.004726643406772931,1.009923286813546,0.9910167131864541,0.0,0.002233361638750581,0.005962937718086787,0.0,0.0,0.0,0.0,0.0,0,0.0,0.0,0.3333333333333333,0.0
USDT,2018-04-04,1.0,1.03,0.9968,1.0,0.9992000000000001,1.00047,1.000568,0.9997390822173537,1.000083260191235,-0.00034417797388131,-0.00038430679541160534,4.012882153029535e-05,50.0,1.00047,0.004726643406772931,1.009923286813546,0.9910167131864541,0.0,0.002233361638750581,0.005962937718086787,0.0,0.0,0.0,0.0,0.0,0,0.0,0.0,0.3333333333333333,0.0
USDT,2018-04-05,1.0,1.03,0.9959,0.9997,0.9996285714285714,1.000525,1.000562,0.9997330695685301,1.00005487054744,-0.0003218009789097698,-0.00037180563211123825,5.000465320146848e-05,48.69565217391317,1.000525,0.004710109508175019,1.00994521901635,0.9911047809836501,-0.00029999999999996696,0.0017237983394436053,0.005963219129690452,0.0,0.0,0.0,0.0,0.0,0,0.0,0.0,0.3333333333333333,0.0
USDT,2018-04-06,0.9997,1.02,0.9982,1.02,1.0024857142857144,1.000525,1.000962,1.0028510588656794,1.0015322875439259,0.001318771321753509,-3.3690241338288815e-05,0.001352461563091798,81.96202531645584,1.000525,0.004710109508175019,1.00994521901635,0.9911047809836501,0.020306091827548167,0.0077814076743207995,0.0070210012187864905,0.0,0.0,0.0,0.0,0.0,0,0.0,0.0,0.3333333333333333,0.0
USDT,2018-04-07,1.02,1.02,0.9974,1.0,1.0027857142857144,1.000695,1.000962,1.0024124344248055,1.0014187847628944,0.0009936496619111779,0.00017177773931160452,0.0008218719225995734,50.0,1.000695,0.0046215143337326025,1.009938028667465,0.9914519713325347,-0.019607843137254943,0.011544591895297766,0.007939465022693493,0.0,0.0,0.0,0.0,0.0,0,0.0,0.0,0.3333333333333333,0.0
USDT,2018-04-08,1.0,1.02,0.9963,1.0,1.0028142857142857,1.000695,1.000962,1.0020412906671432,1.0013136895952726,0.0007276010718706427,0.0002829424058234122,0.0004446586660472305,50.0,1.000695,0.0046215143337326025,1.009938028667465,0.9914519713325347,0.0,0.01152449390201171,0.007939465022693493,0.0,0.0,0.0,0.0,0.0,0,0.0,0.0,0.3333333333333333,0.0
USDT,2018-04-09,1.0,1.01,0.9982,0.9991,1.0026857142857142,1.0006499999999998,1.0009439999999998,1.0015887844106597,1.0011497125882154,0.00043907182244429244,0.0003141682891475883,0.00012490353329670415,49.13957934990438,1.0006499999999998,0.0046330051631914854,1.009916010326383,0.9913839896736168,-0.0009000000000000119,0.011530169938708954,0.007941284359985678,0.0,0.0,0.0,0.0,0.0,0,0.0,0.0,0.3333333333333333,0.0
USDT,2018-04-10,0.9991,1.02,0.9988,1.0,1.0026857142857142,1.0006499999999998,1.0009439999999998,1.001344356039789,1.001064548692792,0.000279807346996952,0.00030729610071746104,-2.7488753720509066e-05,50.0,1.0006499999999998,0.0046330051631914854,1.009916010326383,0.9913839896736168,0.0009008107296566426,0.011536128668956366,0.007942985304900767,0.0,0.0,0.0,0.0,0.0,0,0.0,0.0,0.3333333333333333,0.0
USDT,2018-04-11,1.0,1.02,0.9986,0.9998,1.0026571428571427,1.00064,1.00094,1.0011067628028985,1.000970878419252,0.000135884383646534,0.00027301375730327565,-0.00013712937365674166,49.81273408239702,1.00064,0.0046346975146912515,1.0099093950293825,0.9913706049706175,-0.00019999999999997797,0.011536541055200885,0.007943095731645249,0.0,0.0,0.0,0.0,0.0,0,0.0,0.0,0.3333333333333333,0.0
USDT,2018-04-12,0.9998,1.01,0.9951,0.9995,1.0026285714285714,1.000625,1.0009299999999999,1.0008595685255295,1.0008619244622703,-2.3559367408054754e-06,0.00021793981849445944,-0.00022029575523526491,52.77777777777781,1.000625,0.004638043484970219,1.0099010869699405,0.9913489130300597,-0.00030006001200233445,0.011536541339972967,0.007943315714639054,0.0,0.0,0.0,0.0,0.0,0,0.0,0.0,0.3333333333333333,0.0
USDT,2018-04-13,0.9995,1.01,0.9985,1.0,0.9997714285714286,1.000625,1.0009299999999999,1.0007273272139097,1.000798078205806,-7.075099189624012e-05,0.00016020165641631953,-0.00023095264831255965,50.0,1.000625,0.004638043484970219,1.0099010869699405,0.9913489130300597,0.0005002501250623848,0.007433605396292502,0.007941435089174248,0.0,0.0,0.0,0.0,0.0,0,0.0,0.0,0.3333333333333333,0.0
USDT,2018-04-14,1.0,1.01,0.9999,1.0,0.9997714285714286,1.000625,1.0009299999999999,1.0006154307194621,1.0007389613016722,-0.00012353058221004076,0.00010345520869104748,-0.00022698579090108824,52.30769230769231,1.000625,0.004638043484970219,1.0099010869699405,0.9913489130300597,0.0,0.0005776022313547893,0.007939464464970538,0.0,0.0,0.0,0.0,0.0,0,0.0,0.0,0.3333333333333333,0.0
USDT,2018-04-15,1.0,1.01,0.9985,1.0,0.9997714285714286,1.000625,1.0009299999999999,1.000520749070314,1.0006842234274742,-0.0001634743571601316,5.006929552081167e-05,-0.00021354365268094327,50.22935779816511,1.000625,0.004638043484970219,1.0099010869699405,0.9913489130300597,0.0,0.0005776022313547893,0.00793487952748356,0.0,0.0,0.0,0.0,0.0,0,0.0,0.0,0.3333333333333333,0.0
USDT,2018-04-16,1.0,1.01,0.9983,1.01,1.0013285714285713,1.001125,1.00113,1.0019790953671888,1.001374280951365,0.0006048144158237179,0.00016101831958139292,0.00044379609624232497,59.36329588014985,1.001125,0.005084638889010086,1.0112942777780203,0.9909557222219799,0.010000000000000009,0.0037464599284516608,0.007105294404524398,0.0,0.0,0.0,0.0,0.0,0,0.0,0.0,0.3333333333333333,0.0
USDT,2018-04-17,1.01,1.01,0.9988,0.9995,1.0012571428571428,1.0011,1.00072,1.0015976960799289,1.001235445325338,0.00036225075459084266,0.00020126480658328287,0.0001609859480075598,49.608763693270774,1.0011,0.005091685689233915,1.011283371378468,0.9909166286215323,-0.010396039603960405,0.005894001758647263,0.006012138946456341,0.0,0.0,0.0,0.0,0.0,0,0.0,0.0,0.3333333333333333,0.0
USDT,2018-04-18,0.9995,1.01,0.9984,1.0,1.0012857142857143,1.001265,1.00072,1.0013518966830168,1.0011439308567944,0.00020796582622240045,0.0002026050105111064,5.360815711294046e-06,50.0,1.001265,0.0049941307657407445,1.0112532615314815,0.9912767384685186,0.0005002501250623848,0.005897102943064295,0.005980494232482561,0.0,0.0,0.0,0.0,0.0,0,0.0,0.0,0.3333333333333333,0.0
USDT,2018-04-19,1.0,1.0,0.9991,0.9997,1.0013142857142856,1.0012500000000002,1.0007139999999999,1.0010977587317835,1.0010369730155504,6.0785716233136e-05,0.00017424115165551234,-0.00011345543542237634,50.0,1.0012500000000002,0.004998578745377456,1.011247157490755,0.9912528425092453,-0.00029999999999996696,0.005897102360424251,0.005980774935281965,0.0,0.0,0.0,0.0,0.0,0,0.0,0.0,0.3333333333333333,0.0
USDT,2018-04-20,0.9997,1.0,0.9984,1.0,1.0013142857142856,1.001355,1.0007139999999999,1.0009288727730477,1.0009601601995837,-3.128742653601968e-05,0.00013313543601720595,-0.00016442286255322563,27.47747747747735,1.001355,0.004946287815923169,1.0112475756318464,0.9914624243681537,0.00030009002700803755,0.00589500338666451,0.00598101328513038,0.0,0.0,0.0,0.0,0.0,0,0.0,0.0,0.3333333333333333,0.0
USDT,2018-04-21,1.0,1.0,0.9969,1.0,1.0013142857142856,1.001365,1.0007139999999999,1.0007859692695018,1.0008890372218366,-0.00010306795233483435,8.589475834679789e-05,-0.00018896271068163223,50.0,1.001365,0.004943179777819613,1.0112513595556394,0.9914786404443608,0.0,0.00589500338666451,0.00598101328513038,0.0,0.0,0.0,0.0,0.0,0,0.0,0.0,0.3333333333333333,0.0
USDT,2018-04-22,1.0,1.0,0.9967,0.9967,1.0008428571428571,1.0012,1.000648,1.0001573586126553,1.0005787381683673,-0.00042137955571197594,-1.5560104464956874e-05,-0.00040581945124701905,44.04332129963899,1.0012,0.005045164438408448,1.011290328876817,0.9911096711231832,-0.0032999999999999696,0.006026870605930733,0.006011597734142366,0.0,0.0,0.0,0.0,0.0,0,0.0,0.0,0.3333333333333333,0.0
USDT,2018-04-23,0.9967,1.0,0.9967,1.0,0.9994142857142858,1.0012,1.000648,1.0001331495953236,1.0005358686744141,-0.00040271907909050775,-9.299189939006705e-05,-0.0003097271797004407,51.49501661129571,1.0012,0.005045164438408448,1.011290328876817,0.9911096711231832,0.0033109260559847087,0.004404576840283355,0.006043448754641879,0.0,0.0,0.0,0.0,0.0,0,0.0,0.0,0.3333333333333333,0.0
USDT,2018-04-24,1.0,1.0,0.9997,1.0,0.9994857142857143,1.0012,1.000648,1.000112665042197,1.0004961746985317,-0.0003835096563347129,-0.00015109545077899623,-0.00023241420555571667,50.0,1.0012,0.005045164438408448,1.011290328876817,0.9911096711231832,0.0,0.0019254953338312228,0.006043448754641879,0.0,0.0,0.0,0.0,0.0,0,0.0,0.0,0.3333333333333333,0.0
USDT,2018-04-25,0.9999,1.0,0.9982,1.0,0.9994857142857143,1.001215,1.000648,1.000095331958782,1.000459421017159,-0.0003640890583769263,-0.00019369417229858225,-0.00017039488607834403,50.34482758620686,1.001215,0.005040914181924609,1.0112968283638493,0.9911331716361508,0.0,0.0019162579869897495,0.006043448754641879,0.0,0.0,0.0,0.0,0.0,0,0.0,0.0,0.3333333333333333,0.0
USDT,2018-04-26,1.0,1.01,0.9972,1.0,0.9995285714285715,1.000215,1.000648,1.0000806655035848,1.0004253898307027,-0.0003447243271179623,-0.00022390020326245826,-0.00012082412385550404,50.871080139372744,1.000215,0.0024214556300857447,1.0050579112601716,0.9953720887398286,0.0,0.001911738591686889,0.006043448754641879,0.0,0.0,0.0,0.0,0.0,0,0.0,0.0,0.3333333333333333,0.0
USDT,2018-04-27,1.0,1.0,0.9902,1.0,0.9995285714285715,1.000215,1.000648,1.0000682554261102,1.0003938794728728,-0.00032562404676261814,-0.00024424497196249027,-8.137907480012786e-05,50.0,1.000215,0.0024214556300857447,1.0050579112601716,0.9953720887398286,0.0,0.0019084118307334439,0.006043448754641879,0.0,0.0,0.0,0.0,0.0,0,0.0,0.0,0.3333333333333333,0.0
USDT,2018-04-28,1.0,1.0,0.9937,1.0,0.9995285714285715,1.000215,1.000648,1.000057754591324,1.000364703215623,-0.00030694862429903047,-0.00025678570242979834,-5.016292186923213e-05,50.0,1.000215,0.0024214556300857447,1.0050579112601716,0.9953720887398286,0.0,0.0019084118307334439,0.006010925213418489,0.0,0.0,0.0,0.0,0.0,0,0.0,0.0,0.3333333333333333,0.0
USDT,2018-04-29,1.0,1.0,0.9916,1.0,1.0,1.0002600000000001,1.000648,1.000048869269582,1.000337688162614,-0.0002888188930321167,-0.000263192340550262,-2.56265524818547e-05,50.0,1.0002600000000001,0.002407969225203403,1.0050759384504069,0.9954440615495933,0.0,0.0012514124219229034,0.005980782623705499,0.0,0.0,0.0,0.0,0.0,0,0.0,0.0,0.3333333333333333,0.0
USDT,2018-04-30,1.0,1.0,0.9972,0.9999,0.9999857142857144,1.0002550000000001,1.000646,1.0000259663050308,1.0003052668172352,-0.00027930051220437235,-0.0002664139748810841,-1.2886537323288279e-05,22.404371584699092,1.0002550000000001,0.0024086412417859016,1.0050722824835718,0.9954377175164283,-9.999999999998899e-05,3.779644730511747e-05,0.005967499893425438,0.0,0.0,0.0,0.0,0.0,0,0.0,0.0,0.3333333333333333,0.0
USDT,2018-05-01,0.9999,1.01,0.9998,1.0,0.9999857142857144,1.0002650000000002,1.000646,1.0000219714888723,1.0002826544604029,-0.0002606829715305903,-0.0002652677742109853,4.584802680395047e-06,53.164556962025046,1.0002650000000002,0.002407067444892961,1.005079134889786,0.9954508651102143,0.00010001000100001711,5.773791401328912e-05,0.00595760828755868,0.0,0.0,0.0,0.0,0.0,0,0.0,0.0,0.3333333333333333,0.0
USDT,2018-05-02,1.0,1.0,0.9939,0.9996,0.9999285714285715,1.00027,1.000638,0.9999570527982765,1.000232087463336,-0.00027503466505940377,-0.000267221152380669,-7.813512678734767e-06,47.43589743589765,1.00027,0.002405498088272904,1.005080996176546,0.9954590038234542,-0.00039999999999995595,0.00016183633728858077,0.0059580034959594965,0.0,0.0,0.0,0.0,0.0,0,0.0,0.0,0.3333333333333333,0.0
USDT,2018-05-03,0.9996,0.9998,0.9937,0.9945,0.9991428571428571,0.999995,1.000548,0.9991175062139263,0.9998074883919778,-0.0006899821780514959,-0.0003517733575148344,-0.00033820882053666146,29.365079365079154,0.999995,0.0027304279595253157,1.0054558559190505,0.9945341440809493,-0.005102040816326481,0.0019098953745312235,0.0060304927213816716,0.0,0.0,0.0,0.0,0.0,0,0.0,0.0,0.3333333333333333,0.0
USDT,2018-05-04,0.9957,1.0,0.9832,0.9963,0.9986142857142857,0.9998099999999999,1.0004739999999999,0.9986840437194761,0.9995476744370164,-0.0008636307175403646,-0.0004541448295199405,-0.0004094858880204241,36.87943262411314,0.9998099999999999,0.0028526811027060305,1.0055153622054118,0.9941046377945878,0.0018099547511312153,0.0021424056637926654,0.006041257537211928,0.0,0.0,0.0,0.0,0.0,0,0.0,0.0,0.3333333333333333,0.0
USDT,2018-05-05,0.9963,0.9997,0.9791,0.9926,0.9975571428571428,0.9994399999999999,1.0003540000000002,0.9977480369934029,0.9990330318861264,-0.00128499489272349,-0.0006203148421606504,-0.0006646800505628396,29.213483146067176,0.9994399999999999,0.0032753304373353215,1.0059906608746705,0.9928893391253293,-0.00371374084111209,0.002430482433298324,0.006077083114599493,0.0,0.0,0.0,0.0,0.0,0,0.0,0.0,0.3333333333333333,0.0
USDT,2018-05-06,0.9926,0.9989,0.9801,0.9959,0.9969714285714285,0.9987350000000002,0.999872,0.9974637236098024,0.998800955450117,-0.0013372318403146455,-0.0007636982417914494,-0.000573533598523196,47.752808988763945,0.9987350000000002,0.002234955551199791,1.0032049111023997,0.9942650888976006,0.0033246020552084588,0.002942565066727113,0.004743919632473837,0.0,0.0,0.0,0.0,0.0,0,0.0,0.0,0.3333333333333333,0.0
USDT,2018-05-07,0.9959,1.01,0.989,0.9998,0.9969571428571429,0.99875,0.999936,0.9978231507467559,0.9988749587501083,-0.0010518080033524724,-0.0008213201941036541,-0.00023048780924881827,49.45652173913049,0.99875,0.0022413576712732933,1.0032327153425467,0.9942672846574534,0.003916055828898424,0.00340725929157398,0.003227195554030873,0.0,0.0,0.0,0.0,0.0,0,0.0,0.0,0.3333333333333333,0.0
USDT,2018-05-08,0.9998,1.01,0.9959,1.0,0.9969571428571429,0.99875,0.999936,0.9981580506318704,0.9989582951389893,-0.0008002445071189079,-0.0008171050567067049,1.6860549587796982e-05,50.0,0.99875,0.0022413576712732933,1.0032327153425467,0.9942672846574534,0.0002000400080015563,0.003408003865917719,0.003227405693828912,0.0,0.0,0.0,0.0,0.0,0,0.0,0.0,0.3333333333333333,0.0
USDT,2018-05-09,1.0,1.0,0.999,0.9992,0.9969,0.998725,0.99992,0.9983183505346596,0.9989761992027678,-0.0006578486681082518,-0.0007852537789870143,0.00012740511087876247,47.93814432989682,0.998725,0.0022329765360557586,1.0031909530721115,0.9942590469278885,-0.0008000000000000229,0.0034192608902442584,0.00322649023115985,0.0,0.0,0.0,0.0,0.0,0,0.0,0.0,0.3333333333333333,0.0
USDT,2018-05-10,0.9992,1.0,0.9976,0.9991,0.9975571428571428,0.9986799999999999,0.9999020000000001,0.9984386042985581,0.9989853696321924,-0.0005467653336342915,-0.0007375560899164698,0.0001907907562821783,47.69230769230764,0.9986799999999999,0.002214925447253529,1.0031098508945069,0.9942501491054928,-0.00010008006405126668,0.0026164496610836443,0.003222115689175422,0.0,0.0,0.0,0.0,0.0,0,0.0,0.0,0.3333333333333333,0.0
USDT,2018-05-11,0.9991,1.01,0.999,0.9994,0.998,0.9986499999999999,0.9998900000000001,0.9985865113295492,0.9990160829927708,-0.0004295716632215507,-0.000675959204577486,0.00024638754135593527,48.48484848484835,0.9986499999999999,0.002200119613984322,1.0030502392279685,0.9942497607720313,0.00030027024321888085,0.0025678632571431723,0.003222473252595696,0.0,0.0,0.0,0.0,0.0,0,0.0,0.0,0.3333333333333333,0.0
USDT,2018-05-12,0.9994,1.02,0.9993,1.0,0.9990571428571429,0.9988149999999999,0.9998940000000001,0.9988039711250032,0.999088965734047,-0.00028499460904385376,-0.0005977662854707596,0.0003127716764269058,50.0,0.9988149999999999,0.002169713781766238,1.0031544275635325,0.9944755724364674,0.0006003602161297472,0.0018082582708604782,0.003223855214742376,0.0,0.0,0.0,0.0,0.0,0,0.0,0.0,0.3333333333333333,0.0
USDT,2018-05-13,1.0,1.02,0.9999,1.0,0.9996428571428572,0.9988149999999999,0.9998940000000001,0.9989879755673103,0.9991564497537473,-0.000168474186436951,-0.0005119078656639979,0.00034343367922704687,50.0,0.9988149999999999,0.002169713781766238,1.0031544275635325,0.9944755724364674,0.0,0.0015305310548098198,0.0032225880949057414,0.0,0.0,0.0,0.0,0.0,0,0.0,0.0,0.3333333333333333,0.0
USDT,2018-05-14,1.0,1.01,0.9959,0.9995,0.9995999999999999,0.99879,0.999884,0.9990667485569549,0.9991818979201363,-0.00011514936318146596,-0.0004325561651674915,0.00031740680198602555,49.03846153846163,0.99879,0.0021581912504997445,1.0031063825009994,0.9944736174990004,-0.0004999999999999449,0.0004792042093306108,0.0032239076495552133,0.0,0.0,0.0,0.0,0.0,0,0.0,0.0,0.3333333333333333,0.0
USDT,2018-05-15,0.9995,1.0,0.9964,1.0,0.9995999999999999,0.99879,0.999884,0.9992103257020387,0.9992424980742003,-3.217237216157631e-05,-0.0003524794065663085,0.0003203070344047322,50.0,0.99879,0.0021581912504997445,1.0031063825009994,0.9944736174990004,0.0005002501250623848,0.0005165366594563319,0.003225263392220512,0.0,0.0,0.0,0.0,0.0,0,0.0,0.0,0.3333333333333333,0.0
USDT,2018-05-16,1.0,1.01,0.9986,1.0,0.9997142857142857,0.99879,0.999884,0.9993318140555713,0.9992986093279632,3.3204727608038276e-05,-0.00027534257973143916,0.00030854730733947743,50.961538461538375,0.99879,0.0021581912504997445,1.0031063825009994,0.9944736174990004,0.0,0.00038062430642804476,0.0026158315523703074,0.0,0.0,0.0,0.0,0.0,0,0.0,0.0,0.3333333333333333,0.0
USDT,2018-05-17,1.0,1.0,0.9979,1.0,0.9998428571428573,0.99879,0.999884,0.9994346118931757,0.9993505641925585,8.40477006172069e-05,-0.00020346452366170996,0.00028751222427891686,67.51592356687914,0.99879,0.0021581912504997445,1.0031063825009994,0.9944736174990004,0.0,0.0003730290344418188,0.0017963616721839175,0.0,0.0,0.0,0.0,0.0,0,0.0,0.0,0.3333333333333333,0.0
USDT,2018-05-18,1.0,1.0,0.9943,0.9995,0.9998571428571428,0.9987649999999999,0.99994,0.999444671601918,0.9993616335116283,8.303809028964437e-05,-0.0001461640008714391,0.00022920209116108348,61.111111111111626,0.9987649999999999,0.0021463003664928333,1.0030576007329857,0.9944723992670143,-0.0004999999999999449,0.0004299683154553543,0.0017963892382601785,0.0,0.0,0.0,0.0,0.0,0,0.0,0.0,0.3333333333333333,0.0
USDT,2018-05-19,0.9995,1.0,0.9952,0.9996,0.9997999999999999,0.9987449999999999,0.999932,0.999468568278546,0.9993792902885448,8.927799000124637e-05,-9.907560269690201e-05,0.00018835359269814836,82.407407407408,0.9987449999999999,0.0021360255764403253,1.0030170511528804,0.9944729488471192,0.00010005002501256577,0.00035057983928303175,0.0017956862052198297,0.0,0.0,0.0,0.0,0.0,0,0.0,0.0,0.3333333333333333,0.0
USDT,2018-05-20,0.9996,1.0,0.9945,0.9996,0.9997428571428572,0.9987299999999999,0.999966,0.9994887885433851,0.99939563915606,9.31493873250755e-05,-6.063060469250651e-05,0.000153779992017582,74.66666666666744,0.9987299999999999,0.002128528031057299,1.0029870560621146,0.9944729439378853,0.0,0.00035057983928303175,0.001794782267924788,0.0,0.0,0.0,0.0,0.0,0,0.0,0.0,0.3333333333333333,0.0
USDT,2018-05-21,0.9996,1.0,0.9936,0.9978,0.9994999999999999,0.9986200000000001,0.999926,0.9992289749213258,0.9992774436630185,-4.8468741692730966e-05,-5.81982320925514e-05,9.729490399820437e-06,31.481481481480955,0.9986200000000001,0.00211625289505732,1.0028525057901148,0.9943874942098854,-0.0018007202881152873,0.0007460778015774627,0.0018242442680508853,0.0,0.0,0.0,0.0,0.0,0,0.0,0.0,0.3333333333333333,0.0
USDT,2018-05-22,0.9978,1.0,0.9901,0.9985,0.9992857142857143,0.9985650000000001,0.999896,0.9991168249334295,0.9992198552435356,-0.00010303031010616692,-6.716464769527451e-05,-3.586566241089241e-05,37.28813559322059,0.9985650000000001,0.0021036997484498166,1.0027723994968998,0.9943576005031005,0.0007015433954700168,0.0007824866578748928,0.0017235809139882746,0.0,0.0,0.0,0.0,0.0,0,0.0,0.0,0.3333333333333333,0.0
USDT,2018-05-23,0.9985,1.0,0.9951,1.0,0.9992857142857144,0.9988400000000001,0.999896,0.9992526980205941,0.9992776437440145,-2.4945723420377597e-05,-5.872086284029513e-05,3.3775139419917534e-05,56.060606060606396,0.9988400000000001,0.0018933123300176773,1.0026266246600355,0.9950533753399647,0.001502253380070151,0.0010207456850065252,0.0016353789009785204,0.0,0.0,0.0,0.0,0.0,0,0.0,0.0,0.3333333333333333,0.0
USDT,2018-05-24,1.0,1.01,0.9907,0.9998,0.999257142857143,0.999015,0.999892,0.9993368983251181,0.9993163368000134,2.0561525104656475e-05,-4.286438525130481e-05,6.342591035596128e-05,55.22388059701532,0.999015,0.0018059186319746546,1.0026268372639493,0.9954031627360507,-0.00019999999999997797,0.001023555477481633,0.001635791956780164,0.0,0.0,0.0,0.0,0.0,0,0.0,0.0,0.3333333333333333,0.0
USDT,2018-05-25,0.9998,1.01,0.9983,1.01,1.000757142857143,0.9998850000000001,1.000098,1.000977375505869,1.0001077192592718,0.0008696562465972946,0.0001396397411184151,0.0007300165054788795,81.92771084337397,0.9998850000000001,0.002578713469532255,1.0050424269390645,0.9947275730609356,0.010202040408081592,0.003965636893570862,0.0024797143731177785,0.0,0.0,0.0,0.0,0.0,0,0.0,0.0,0.3333333333333333,0.0
USDT,2018-05-26,1.01,1.01,0.9988,0.999,1.0006714285714287,1.0000399999999998,0.999678,1.0006731638895816,1.000025665980807,0.000647497908774497,0.00024121137464963146,0.0004062865341248655,48.14814814814814,1.0000399999999998,0.0024145174956696513,1.0048690349913392,0.9952109650086605,-0.0108910891089109,0.00617380533583356,0.003217799976841026,0.0,0.0,0.0,0.0,0.0,0,0.0,0.0,0.3333333333333333,0.0
USDT,2018-05-27,0.999,1.01,0.9988,0.9997,1.0006857142857144,1.000035,0.999672,1.0005234463681074,1.0000015425748214,0.0005219037932859827,0.0002973498583769017,0.00022455393490908098,49.45848375451269,1.000035,0.002415144105987116,1.0048652882119742,0.9952047117880258,0.0007007007007007182,0.006180795080255978,0.0032205546592150207,0.0,0.0,0.0,0.0,0.0,0,0.0,0.0,0.3333333333333333,0.0
USDT,2018-05-28,0.9997,1.01,0.9982,0.9997,1.0009571428571429,1.00002,0.9996659999999999,1.0003967623114756,0.9999792060877977,0.00041755622367789513,0.00032139113143710043,9.61650922407947e-05,50.36764705882349,1.00002,0.002416304268059418,1.0048526085361187,0.995187391463881,0.0,0.00612912541006664,0.0032205546592150207,0.0,0.0,0.0,0.0,0.0,0,0.0,0.0,0.3333333333333333,0.0
USDT,2018-05-29,0.9997,1.01,0.9964,1.0,1.0011714285714286,1.00006,0.999684,1.000335721955864,0.9999807463775904,0.0003549755782735753,0.00032810802080439545,2.686755746917984e-05,50.0,1.00006,0.002408624853368268,1.0048772497067364,0.9952427502932634,0.00030009002700803755,0.006126487724258065,0.003221036677185087,0.0,0.0,0.0,0.0,0.0,0,0.0,0.0,0.3333333333333333,0.0
USDT,2018-05-30,1.0,1.0,0.9952,0.9987,1.0009857142857144,1.00004,0.999658,1.0000840724241926,0.9998858762755467,0.00019819614864591273,0.0003021256463726989,-0.00010392949772678616,47.70318021201418,1.00004,0.002418655563922826,1.0048773111278457,0.9952026888721544,-0.0012999999999999678,0.006121094371355743,0.0032298248324504463,0.0,0.0,0.0,0.0,0.0,0,0.0,0.0,0.3333333333333333,0.0
USDT,2018-05-31,0.9987,1.0,0.9962,0.9982,1.000757142857143,0.9999800000000001,0.9996259999999999,0.999794215128163,0.9997609965514321,3.3218576730886795e-05,0.00024834423244433646,-0.00021512565571344967,46.87499999999995,0.9999800000000001,0.002450048334657473,1.004880096669315,0.9950799033306852,-0.0005006508460999592,0.006122396650150364,0.0032308207753408502,0.0,0.0,0.0,0.0,0.0,0,0.0,0.0,0.3333333333333333,0.0
USDT,2018-06-01,0.9982,1.0,0.9955,0.9992,0.9992142857142857,0.9999399999999999,0.9996200000000001,0.999702797416138,0.9997194412513261,-1.6643835188068223e-05,0.00019534661891785555,-0.00021199045410592377,49.488054607508396,0.9999399999999999,0.0024562273167668025,1.0048524546335336,0.9950275453664663,0.0010018032458425363,0.004199574773259217,0.0032357922885221015,0.0,0.0,0.0,0.0,0.0,0,0.0,0.0,0.3333333333333333,0.0
USDT,2018-06-02,1.0,1.0,0.9956,0.9986,0.999157142857143,0.9998699999999999,0.9995920000000001,0.9995331362751937,0.9996365196771537,-0.00010338340196003326,0.0001356006147422778,-0.00023898401670231106,48.3221476510067,0.9998699999999999,0.0024743101111962718,1.0048186202223925,0.9949213797776074,-0.000600480384307378,0.0008024112540151925,0.003092644256310341,0.0,0.0,0.0,0.0,0.0,0,0.0,0.0,0.3333333333333333,0.0
USDT,2018-06-03,0.9986,1.0,0.9937,0.999,0.9990571428571429,0.999845,0.999572,0.9994511153097793,0.9995893700714387,-0.00013825476165940653,8.082953946194093e-05,-0.00021908430112134745,49.00662251655621,0.999845,0.002480762828361183,1.0048065256567225,0.9948834743432776,0.0004005607850992021,0.0007621903729183693,0.003077095249231062,0.0,0.0,0.0,0.0,0.0,0,0.0,0.0,0.3333333333333333,0.0
USDT,2018-06-04,0.999,1.0,0.9935,1.0,0.9991000000000001,0.999845,0.999572,0.9995355591082747,0.999619787103184,-8.422799490925836e-05,4.781803258770108e-05,-0.00013204602749695944,53.74149659863944,0.999845,0.002480762828361183,1.0048065256567225,0.9948834743432776,0.0010010010010010895,0.0008702764480592852,0.002995181426700651,0.0,0.0,0.0,0.0,0.0,0,0.0,0.0,0.3333333333333333,0.0
USDT,2018-06-05,1.0,1.0,0.9971,0.9976,0.998757142857143,0.999725,0.999324,0.9992377807839248,0.9994701732436889,-0.00023239245976414136,-8.224065882667405e-06,-0.00022416839388147394,48.55305466237939,0.999725,0.0025304201856295445,1.004785840371259,0.9946641596287409,-0.0023999999999999577,0.0012520625347477706,0.002974961948362899,0.0,0.0,0.0,0.0,0.0,0,0.0,0.0,0.3333333333333333,0.0
USDT,2018-06-06,0.9976,1.0,0.9951,0.9975,0.9985857142857143,0.9996,0.999284,0.9989704298940902,0.9993242344848972,-0.0003538045908069165,-7.734017086751723e-05,-0.00027646441993939925,45.79124579124585,0.9996,0.0025774324229334393,1.0047548648458668,0.9944451351541331,-0.0001002405773856685,0.0011791456202691543,0.002884497715682602,0.0,0.0,0.0,0.0,0.0,0,0.0,0.0,0.3333333333333333,0.0
USDT,2018-06-07,0.9975,1.0,0.9962,0.9969,0.9984000000000001,0.9994700000000002,0.999222,0.9986519022180763,0.99914466156009,-0.0004927593420136489,-0.00016042400509674358,-0.0003323353369169053,45.18272425249165,0.9994700000000002,0.0026473621429341492,1.0047647242858684,0.9941752757141319,-0.0006015037593984918,0.001184446995764508,0.0028855958943181104,0.0,0.0,0.0,0.0,0.0,0,0.0,0.0,0.3333333333333333,0.0
USDT,2018-06-08,0.9969,1.0,0.9964,0.9993,0.9984142857142857,0.999455,0.999214,0.9987516095691416,0.9991561681111945,-0.00040455854205290187,-0.00020925091248797525,-0.00019530762956492662,26.00896860986525,0.999455,0.0026474366947451195,1.0047498733894902,0.9941601266105098,0.002407463135720711,0.0014971713810438872,0.0029179836871389593,0.0,0.0,0.0,0.0,0.0,0,0.0,0.0,0.3333333333333333,0.0
USDT,2018-06-09,0.9993,1.0,0.9964,0.9988,0.9984428571428571,0.9994149999999999,0.9991900000000001,0.9987590542508121,0.999129785288143,-0.00037073103733087365,-0.00024154693745655494,-0.0001291840998743187,49.15254237288144,0.9994149999999999,0.002651171538465039,1.00471734307693,0.9941126569230698,-0.000500350245171588,0.0014907726656380046,0.002919407097541236,0.0,0.0,0.0,0.0,0.0,0,0.0,0.0,0.3333333333333333,0.0
USDT,2018-06-10,0.9988,1.01,0.9982,1.0,0.9985857142857143,0.9995249999999999,0.9991900000000001,0.9989499689814564,0.9991942456371694,-0.00024427665571302715,-0.0002420928811078494,-2.183774605177746e-06,51.219512195121844,0.9995249999999999,0.002626158892064099,1.0047773177841282,0.9942726822158717,0.0012014417300760805,0.0015534076328765894,0.0029272915492691283,0.0,0.0,0.0,0.0,0.0,0,0.0,0.0,0.3333333333333333,0.0
USDT,2018-06-11,1.0,1.02,0.9972,1.0,0.9985857142857143,0.9995999999999998,0.999256,0.9991115122150784,0.9992539311455272,-0.0001424189304487511,-0.00022215809097602974,7.973916052727865e-05,51.219512195121844,0.9995999999999998,0.0026167476800609494,1.0048334953601217,0.994366504639878,0.0,0.001506737074425123,0.002925267981439363,0.0,0.0,0.0,0.0,0.0,0,0.0,0.0,0.3333333333333333,0.0
USDT,2018-06-12,1.0,1.01,0.9988,1.0,0.9989285714285714,0.9995999999999998,0.999256,0.9992482026435279,0.9993091955051178,-6.099286158989248e-05,-0.0001899250450988023,0.00012893218350890981,50.0,0.9995999999999998,0.0026167476800609494,1.0048334953601217,0.994366504639878,0.0,0.0010827444001938258,0.002925267981439363,0.0,0.0,0.0,0.0,0.0,0,0.0,0.0,0.3333333333333333,0.0
USDT,2018-06-13,1.0,1.02,0.9982,1.0,0.9992857142857143,0.99961,0.999256,0.9993638637752928,0.9993603662084424,3.4975668504744206e-06,-0.00015124052270894695,0.00015473808955942137,56.07476635514015,0.99961,0.00261793409913622,1.0048458681982724,0.9943741318017275,0.0,0.0010765374700586177,0.0029237205751324797,0.0,0.0,0.0,0.0,0.0,0,0.0,0.0,0.3333333333333333,0.0
USDT,2018-06-14,1.0,1.01,0.9997,1.0,0.9997285714285714,0.9991099999999999,0.999256,0.9994617308867862,0.9994077464892985,5.398439748771633e-05,-0.0001101955386696143,0.0001641799361573306,58.82352941176503,0.9991099999999999,0.0009574637550089451,1.0010249275100178,0.9971950724899821,0.0,0.001009062832649592,0.002922318057311043,0.0,0.0,0.0,0.0,0.0,0,0.0,0.0,0.3333333333333333,0.0
USDT,2018-06-15,1.0,1.01,0.9998,1.01,1.0012571428571428,0.9996600000000001,0.999456,1.00108300305805,1.0001923578604617,0.0008906451975883023,8.997260858196904e-05,0.0008006725890063333,78.12500000000041,0.9996600000000001,0.002615218618223839,1.0048904372364478,0.9944295627635524,0.010000000000000009,0.003771267720484902,0.003445348689949193,0.0,0.0,0.0,0.0,0.0,0,0.0,0.0,0.3333333333333333,0.0
USDT,2018-06-16,1.01,1.02,0.9999,1.0,1.0014285714285713,0.9996750000000001,0.999456,1.0009163872029654,1.000178109130057,0.0007382780729083827,0.0002196337014472518,0.0005186443714611309,52.44755244755239,0.9996750000000001,0.002616320236324174,1.0049076404726485,0.9944423595273517,-0.00990099009900991,0.00576239925179049,0.003920269177443219,0.0,0.0,0.0,0.0,0.0,0,0.0,0.0,0.3333333333333333,0.0
USDT,2018-06-17,1.0,1.02,0.999,1.0,1.0014285714285713,0.99969,0.999456,1.0007754045563553,1.0001649158611639,0.0006104886951914246,0.00029780470019608637,0.0003126839949953382,51.77304964539009,0.99969,0.0026173309024048966,1.0049246618048098,0.9944553381951902,0.0,0.0057449717799969305,0.003919100170300088,0.0,0.0,0.0,0.0,0.0,0,0.0,0.0,0.3333333333333333,0.0
USDT,2018-06-18,1.0,1.02,0.9982,1.0,1.0014285714285713,0.99969,0.999456,1.0006561115476853,1.000152699871448,0.000503411676237242,0.0003389260954043175,0.00016448558083292453,50.0,0.99969,0.0026173309024048966,1.0049246618048098,0.9944553381951902,0.0,0.0057449717799969305,0.003919075878142744,0.0,0.0,0.0,0.0,0.0,0,0.0,0.0,0.3333333333333333,0.0
USDT,2018-06-19,1.0,1.01,0.9986,0.9994,1.001342857142857,0.9997250000000001,0.9994460000000001,1.000462863617272,1.0000969443254148,0.0003659192918572529,0.0003443247346949046,2.159455716234832e-05,53.543307086614014,0.9997250000000001,0.0026080593713070795,1.0049411187426143,0.9945088812573859,-0.0006000000000000449,0.005749692007290798,0.00392071611738519,0.0,0.0,0.0,0.0,0.0,0,0.0,0.0,0.3333333333333333,0.0
USDT,2018-06-20,0.9995,1.01,0.9989,1.0,1.001342857142857,0.9998150000000001,0.9994460000000001,1.0003916538299995,1.000089763264273,0.00030189056572660355,0.0003358379009012444,-3.3947335174640855e-05,54.82625482625472,0.9998150000000001,0.002583607229406563,1.0049822144588132,0.994647785541187,0.0006003602161297472,0.005755412332439092,0.00390715716384417,0.0,0.0,0.0,0.0,0.0,0,0.0,0.0,0.3333333333333333,0.0
USDT,2018-06-21,1.0,1.0,0.9959,0.9996,1.0012857142857143,0.999835,0.9994460000000001,1.0002698609330765,1.0000534845039564,0.00021637642912009092,0.00031194560654501375,-9.556917742492284e-05,55.252918287937824,0.999835,0.002580141774980553,1.0049952835499611,0.9946747164500389,-0.00039999999999995595,0.00575756207290766,0.0039062983281077926,0.0,0.0,0.0,0.0,0.0,0,0.0,0.0,0.3333333333333333,0.0
USDT,2018-06-22,0.9996,1.01,0.9985,1.0,0.9998571428571429,0.999905,0.999556,1.0002283438664492,1.0000495226888484,0.00017882117760081861,0.0002853207207561747,-0.00010649954315535611,51.47679324894522,0.999905,0.002563811923484244,1.0050326238469685,0.9947773761530315,0.0004001600640255454,0.003765355403488858,0.0038972840646629486,0.0,0.0,0.0,0.0,0.0,0,0.0,0.0,0.3333333333333333,0.0
USDT,2018-06-23,1.0,1.02,1.0,1.0,0.9998571428571429,0.9999549999999999,0.9996300000000001,1.0001932140408416,1.0000458543415263,0.00014735969931534143,0.0002577285164680081,-0.00011036881715266667,52.58620689655168,0.9999549999999999,0.0025549693581539026,1.0050649387163078,0.9948450612836921,0.0,0.0004164453600181776,0.0038970882076842825,0.0,0.0,0.0,0.0,0.0,0,0.0,0.0,0.3333333333333333,0.0
USDT,2018-06-24,1.0,1.02,1.0,1.0,0.9998571428571429,0.9999549999999999,0.9997780000000001,1.0001634888037891,1.0000424577236355,0.00012103108015359965,0.00023038902920512641,-0.00010935794905152677,50.0,0.9999549999999999,0.0025549693581539026,1.0050649387163078,0.9948450612836921,0.0,0.0004164453600181776,0.003389468754047414,0.0,0.0,0.0,0.0,0.0,0,0.0,0.0,0.3333333333333333,0.0
USDT,2018-06-25,1.0,1.02,0.9988,1.0,0.9998571428571429,1.000075,0.9998600000000001,1.0001383366801293,1.00003931270707,9.90239730593867e-05,0.0002041160179759785,-0.00010509204491659178,50.0,1.000075,0.002494177430072815,1.0050633548601458,0.9950866451398545,0.0,0.0004164453600181776,0.0027398654247460926,0.0,0.0,0.0,0.0,0.0,0,0.0,0.0,0.3333333333333333,0.0
USDT,2018-06-26,1.0,1.01,0.9996,1.0,0.9999428571428571,1.0002,0.9998640000000001,1.0001170541139555,1.0000364006546945,8.06534592610042e-05,0.00017942350623298365,-9.877004697197945e-05,50.0,1.0002,0.002419873854922528,1.005039747709845,0.9953602522901549,0.0,0.00032379074131595444,0.002736997401466593,0.0,0.0,0.0,0.0,0.0,0,0.0,0.0,0.3333333333333333,0.0
USDT,2018-06-27,1.0,1.0,0.9991,1.0,0.9999428571428571,1.0003549999999999,0.9998640000000001,1.0000990457887315,1.0000337043099023,6.534147882919505e-05,0.00015660710075222594,-9.126562192303088e-05,50.0,1.0003549999999999,0.0022933485056735067,1.004941697011347,0.9957683029886528,0.0,0.0002309863174817728,0.002736997401466593,0.0,0.0,0.0,0.0,0.0,0,0.0,0.0,0.3333333333333333,0.0
USDT,2018-06-28,1.0,1.0,0.9985,0.9991,0.9998714285714285,1.000345,0.9998619999999999,0.999945346436619,0.9999645410276874,-1.9194591068361078e-05,0.00012144676238810854,-0.0001406413534564696,48.034934497816565,1.000345,0.002298620867996864,1.0049422417359937,0.9957477582640063,-0.0009000000000000119,0.00039463836900760203,0.002741432565742396,0.0,0.0,0.0,0.0,0.0,0,0.0,0.0,0.3333333333333333,0.0
USDT,2018-06-29,0.9991,1.01,0.9983,0.9989,0.9997142857142857,1.00035,0.999858,0.9997845239079084,0.9998856861367476,-0.00010116222883915782,7.692496414265528e-05,-0.0001780871929818131,7.633587786259554,1.00035,0.002295189477340801,1.0049403789546816,0.9957596210453185,-0.00020018016214595757,0.0003359460094112214,0.0027311479411634885,0.0,0.0,0.0,0.0,0.0,0,0.0,0.0,0.3333333333333333,0.0
USDT,2018-06-30,0.9989,1.01,0.9956,0.9992,0.9995999999999999,1.00031,0.999854,0.9996945971528456,0.9998348945710626,-0.0001402974182169725,3.3480487670729724e-05,-0.0001737779058877022,38.235294117646575,1.00031,0.0023085424884775984,1.0049270849769552,0.9956929150230448,0.00030033036339971453,0.0003761374264729562,0.0027298957711640215,0.0,0.0,0.0,0.0,0.0,0,0.0,0.0,0.3333333333333333,0.0
USDT,2018-07-01,0.9992,1.0,0.9944,0.9984,0.9993714285714285,1.00023,0.9998219999999999,0.9994954283601001,0.9997286060843172,-0.00023317772421715954,-1.985115470684813e-05,-0.00021332656951031142,30.952380952380324,1.00023,0.0023472492299331797,1.0049244984598664,0.9955355015401336,-0.0008006405124099114,0.00045006614186322174,0.0027277629114528653,0.0,0.0,0.0,0.0,0.0,0,0.0,0.0,0.3333333333333333,0.0
USDT,2018-07-02,0.9984,1.0,0.9926,0.9989,0.9992142857142856,1.000175,0.9997999999999999,0.9994038239970078,0.9996672278558493,-0.0002634038588414933,-6.856169553377718e-05,-0.00019484216330771612,38.297872340425734,1.000175,0.0023657367829851912,1.0049064735659705,0.9954435264340297,0.0005008012820513219,0.0005258862607942359,0.002727135080206762,0.0,0.0,0.0,0.0,0.0,0,0.0,0.0,0.3333333333333333,0.0
USDT,2018-07-03,0.9989,1.0,0.995,0.999,0.9990714285714285,1.0001250000000002,0.99979,0.9993416972282374,0.9996178035702308,-0.00027610634199337625,-0.000110070624825697,-0.00016603571716767925,45.23809523809573,1.0001250000000002,0.0023801536881051513,1.0048853073762105,0.9953646926237899,0.00010011012113331219,0.0005321940058048845,0.0027262165726438807,0.0,0.0,0.0,0.0,0.0,0,0.0,0.0,0.3333333333333333,0.0
USDT,2018-07-04,0.999,1.0,0.9963,1.0,0.9990714285714285,1.0001250000000002,0.99979,0.9994429745777393,0.9996461144168803,-0.00020313983914099776,-0.00012868446768875716,-7.44553714522406e-05,50.0,1.0001250000000002,0.0023801536881051513,1.0048853073762105,0.9953646926237899,0.0010010010010010895,0.0006884913858292333,0.0027262165726438807,0.0,0.0,0.0,0.0,0.0,0,0.0,0.0,0.3333333333333333,0.0
USDT,2018-07-05,1.0,1.01,0.9969,0.9991,0.9990714285714286,0.9995799999999999,0.999772,0.9993902092580872,0.9996056614971114,-0.0002154522390241942,-0.00014603802195584459,-6.94142170683496e-05,45.098039215685716,0.9995799999999999,0.0005247555822515632,1.000629511164503,0.9985304888354968,-0.0009000000000000119,0.0006884913858292333,0.0026941806442518936,0.0,0.0,0.0,0.0,0.0,0,0.0,0.0,0.3333333333333333,0.0
USDT,2018-07-06,0.9991,1.01,0.9981,1.0,0.9992285714285715,0.9995799999999999,0.999772,0.9994840232183815,0.9996348717565846,-0.00015084853820312993,-0.00014700012520530166,-3.848412997828273e-06,50.0,0.9995799999999999,0.0005247555822515632,1.000629511164503,0.9985304888354968,0.0009008107296566426,0.0007573962141351155,0.0026984055474577762,0.0,0.0,0.0,0.0,0.0,0,0.0,0.0,0.3333333333333333,0.0
USDT,2018-07-07,1.0,1.01,0.9937,1.0,0.9993428571428572,0.9995799999999999,0.9997820000000001,0.9995634042617074,0.9996619182931339,-9.851403142646653e-05,-0.00013730290644953463,3.8788875023068104e-05,50.0,0.9995799999999999,0.0005247555822515632,1.000629511164503,0.9985304888354968,0.0,0.000756461823936571,0.002695346573389713,0.0,0.0,0.0,0.0,0.0,0,0.0,0.0,0.3333333333333333,0.0
USDT,2018-07-08,1.0,1.01,0.9957,0.9992,0.9994571428571428,0.99954,0.999774,0.9995074959137524,0.9996277021232721,-0.00012020620951969097,-0.0001338835670635659,1.367735754387493e-05,43.74999999999989,0.99954,0.0005215361924655178,1.000583072384931,0.9984969276150689,-0.0008000000000000229,0.0007563326950662453,0.002664385549423752,0.0,0.0,0.0,0.0,0.0,0,0.0,0.0,0.3333333333333333,0.0
USDT,2018-07-09,0.9992,1.01,0.9985,0.9993,0.9995142857142857,0.9995349999999998,0.999768,0.9994755734654829,0.9996034278919186,-0.00012785442643570288,-0.0001326777389379933,4.82331250229042e-06,44.61538461538441,0.9995349999999998,0.0005234249557118396,1.0005818499114236,0.9984881500885762,0.00010008006405115566,0.0007371583417062365,0.0026627513285604597,0.0,0.0,0.0,0.0,0.0,0,0.0,0.0,0.3333333333333333,0.0
USDT,2018-07-10,0.9993,1.01,0.9956,0.9996,0.9996,0.9995149999999999,0.999804,0.9994947160092548,0.9996031739739987,-0.00010845796474390212,-0.00012783378409917507,1.9375819355272944e-05,47.05882352941215,0.9995149999999999,0.0005122448017241982,1.0005394896034483,0.9984905103965516,0.0003002101471030194,0.0007429463406868126,0.002654033567023766,0.0,0.0,0.0,0.0,0.0,0,0.0,0.0,0.3333333333333333,0.0
USDT,2018-07-11,0.9996,1.02,0.9967,1.01,1.0010285714285714,1.000035,1.000034,1.0011109135462926,1.0003733092351839,0.0007376043111086972,4.5253834942399394e-05,0.0006923504761662978,79.06976744186031,1.000035,0.002400718094336333,1.0048364361886726,0.9952335638113273,0.010404161664665734,0.004006399626618604,0.0032648491055908566,0.0,0.0,0.0,0.0,0.0,0,0.0,0.0,0.3333333333333333,0.0
USDT,2018-07-12,1.01,1.01,0.9981,0.9996,1.0010999999999999,1.0000149999999999,1.000026,1.0008784653084013,1.0003160270696148,0.0005624382387865445,0.00014869071571122844,0.0004137475230753161,50.936329588015084,1.0000149999999999,0.0024026903780313305,1.0048203807560625,0.9952096192439372,-0.010297029702970306,0.005996862417986657,0.003799047417444655,0.0,0.0,0.0,0.0,0.0,0,0.0,0.0,0.3333333333333333,0.0
USDT,2018-07-13,0.9996,1.01,0.9979,0.9999,1.0010857142857144,1.00001,1.0000280000000001,1.0007279321840319,1.0002852102496433,0.0004427219343885458,0.00020749695944669193,0.00023522497494185386,51.865671641791046,1.00001,0.0024028272820619387,1.004815654564124,0.9952043454358762,0.00030012004801927006,0.005987564985267101,0.0037994598735245494,0.0,0.0,0.0,0.0,0.0,0,0.0,0.0,0.3333333333333333,0.0
USDT,2018-07-14,0.9999,1.02,0.9953,1.01,1.0025142857142857,1.00051,1.0000280000000001,1.0021544041557193,1.0010048243052254,0.0011495798504939092,0.0003959135376561354,0.0007536663128377738,64.75409836065575,1.00051,0.003280709165962947,1.0070714183319258,0.9939485816680741,0.010101010101010166,0.007100920981989644,0.004223075974607636,0.0,0.0,0.0,0.0,0.0,0,0.0,0.0,0.3333333333333333,0.0
USDT,2018-07-15,1.01,1.01,0.9974,0.9976,1.0022857142857142,1.00039,1.0,1.001453726593301,1.0007526150974309,0.0007011114958701548,0.0004569531292989393,0.00024415836657121546,49.170124481327896,1.00039,0.0033436349586783657,1.0070772699173567,0.9937027300826432,-0.012277227722772288,0.008821930345495022,0.004419971950672232,0.0,0.0,0.0,0.0,0.0,0,0.0,0.0,0.3333333333333333,0.0
USDT,2018-07-16,0.9976,1.01,0.9903,0.9988,1.0022142857142857,1.0003300000000002,0.9999819999999999,1.0010454609635624,1.0006079769420657,0.0004374840214966813,0.00045305930773848776,-1.5575286241806448e-05,49.89775051124745,1.0003300000000002,0.0033617194848456064,1.0070534389696915,0.993606561030309,0.001202886928628688,0.008837921733391813,0.004046234971566521,0.0,0.0,0.0,0.0,0.0,0,0.0,0.0,0.3333333333333333,0.0
USDT,2018-07-17,0.9988,1.0,0.9951,0.9983,1.0020285714285715,1.000245,0.999954,1.0006230823537836,1.0004370156870979,0.0001860666666857469,0.0003996607795279396,-0.00021359411284219273,49.290060851926945,1.000245,0.0033918594496778988,1.0070287188993559,0.9934612811006442,-0.0005006007208651075,0.008837997442759952,0.004047130161903884,0.0,0.0,0.0,0.0,0.0,0,0.0,0.0,0.3333333333333333,0.0
USDT,2018-07-18,0.9983,1.0,0.9937,0.9992,1.0004857142857142,1.0002499999999999,0.9999379999999999,1.0004041466070477,1.0003453848954609,5.876171158680776e-05,0.0003314809659397133,-0.00027271925435290553,49.18699186991868,1.0002499999999999,0.003390156028089315,1.0070303120561785,0.9934696879438212,0.0009015326054291339,0.007587613874158054,0.004050850275107973,0.0,0.0,0.0,0.0,0.0,0,0.0,0.0,0.3333333333333333,0.0
USDT,2018-07-19,0.9992,1.0,0.9952,0.9983,1.0003,1.00022,0.99993,1.000080431744425,1.0001938749032044,-0.00011344315877948041,0.00024249614099587457,-0.000355939299775355,49.18699186991868,1.00022,0.0034053518250960423,1.0070307036501922,0.993409296349808,-0.0009007205764611781,0.00653166432641193,0.004052709883712485,0.0,0.0,0.0,0.0,0.0,0,0.0,0.0,0.3333333333333333,0.0
USDT,2018-07-20,0.9983,1.0,0.9961,0.9976,0.9999714285714286,1.00014,0.9999180000000001,0.9996988268606672,1.0000017360214857,-0.000302909160818432,0.00013341508063301327,-0.0004363242414514453,47.5510204081633,1.00014,0.003449088361635412,1.0070381767232708,0.9932418232767292,-0.000701192026444919,0.00653067909670958,0.004052709469152484,0.0,0.0,0.0,0.0,0.0,0,0.0,0.0,0.3333333333333333,0.0
USDT,2018-07-21,0.9976,1.01,0.9948,0.9997,0.9985,1.000205,0.999928,0.9996990073436415,0.9999793852050793,-0.0002803778614378638,5.065649221883786e-05,-0.00033103435365670165,49.706457925636045,1.000205,0.0034267484972217007,1.0070584969944434,0.9933515030055566,0.0021050521251002596,0.0049023547401301605,0.004071484918509113,0.0,0.0,0.0,0.0,0.0,0,0.0,0.0,0.3333333333333333,0.0
USDT,2018-07-22,0.9996,1.0,0.9938,0.9988,0.9986714285714287,1.0002,0.999932,0.9995606985215428,0.9998920233380364,-0.00033132481649356116,-2.573976952364194e-05,-0.0003055850469699192,49.60937500000004,1.0002,0.00342882517858762,1.0070576503571753,0.9933423496428248,-0.0009002700810243347,0.0012142888024511307,0.0040741244726391,0.0,0.0,0.0,0.0,0.0,0,0.0,0.0,0.3333333333333333,0.0
USDT,2018-07-23,0.9988,1.0,0.9961,0.9977,0.9985142857142858,1.000135,0.999906,0.9992744372105362,0.9997296512389225,-0.0004552140283863304,-0.00011163462129617963,-0.00034357940709015076,48.46743295019163,1.000135,0.0034649029757890712,1.007064805951578,0.9932051940484219,-0.0011013215859030367,0.0012006172832096365,0.004078785437553137,0.0,0.0,0.0,0.0,0.0,0,0.0,0.0,0.3333333333333333,0.0
USDT,2018-07-24,0.9977,1.0,0.9845,0.9968,0.9983000000000001,0.9999750000000001,0.999842,0.9988937545627614,0.9995126400360393,-0.0006188854732779303,-0.00021308479169252978,-0.00040580068158540053,47.348484848484816,0.9999750000000001,0.003544435965826142,1.0070638719316523,0.9928861280683478,-0.0009020747719755695,0.0012290314577603745,0.004081585617125909,0.0,0.0,0.0,0.0,0.0,0,0.0,0.0,0.3333333333333333,0.0
USDT,2018-07-25,0.9968,0.9999,0.9932,0.9983,0.9981714285714286,0.9999350000000001,0.9998559999999999,0.998802407706952,0.9994228148481846,-0.0006204071412326817,-0.0002945492616005602,-0.0003258578796321215,36.6742596810933,0.9999350000000001,0.003559313209928015,1.0070536264198562,0.9928163735801441,0.001504815409309801,0.0013367374381376082,0.004092074538247231,0.0,0.0,0.0,0.0,0.0,0,0.0,0.0,0.3333333333333333,0.0
USDT,2018-07-26,0.9983,0.9996,0.9926,0.9991,0.9982857142857142,0.9998900000000001,0.999888,0.9988481911366517,0.999398902637208,-0.0005507115005563001,-0.0003457817093917082,-0.00020492979116459192,49.27113702623899,0.9998900000000001,0.0035641342050533207,1.0070182684101068,0.9927617315898934,0.000801362315937082,0.001327517064938569,0.004095017294429729,0.0,0.0,0.0,0.0,0.0,0,0.0,0.0,0.3333333333333333,0.0
USDT,2018-07-27,0.9991,1.0,0.9956,0.9976,0.9982857142857142,0.99977,0.9999020000000001,0.998656161731013,0.9992656505900074,-0.000609488858994367,-0.00039852313931224,-0.00021096571968212701,46.760563380281724,0.99977,0.0036004531878565515,1.006970906375713,0.9925690936242869,-0.0015013512160944043,0.0014392752653392784,0.004103904769782242,0.0,0.0,0.0,0.0,0.0,0,0.0,0.0,0.3333333333333333,0.0
USDT,2018-07-28,0.9976,1.0,0.9945,0.9992,0.9982142857142857,0.99977,0.9998999999999999,0.998739829157011,0.9992607875833401,-0.0005209584263291545,-0.00042301019671562293,-9.794822961353152e-05,29.9999999999998,0.99977,0.0036004531878565515,1.006970906375713,0.9925690936242869,0.001603849238171584,0.001325089363275041,0.004111936484781122,0.0,0.0,0.0,0.0,0.0,0,0.0,0.0,0.3333333333333333,0.0
USDT,2018-07-29,0.9992,1.0,0.9946,0.9992,0.9982714285714286,0.999765,0.9999079999999999,0.998810624671317,0.999256284799389,-0.00044566012807201183,-0.00042754018298690077,-1.8119945085111062e-05,55.479452054794365,0.999765,0.003601209592118659,1.0069674191842373,0.9925625808157627,0.0,0.001273853895128619,0.0041117435223186225,0.0,0.0,0.0,0.0,0.0,0,0.0,0.0,0.3333333333333333,0.0
USDT,2018-07-30,0.9992,1.0,0.9966,0.9972,0.9981999999999999,0.9996449999999999,0.999852,0.9985628362603451,0.9991039674068417,-0.0005411311464965651,-0.00045025837568883365,-9.087277080773148e-05,44.80519480519461,0.9996449999999999,0.0036466964141388734,1.0069383928282776,0.9923516071717221,-0.0020016012810247785,0.0014444250181374777,0.004127744369423288,0.0,0.0,0.0,0.0,0.0,0,0.0,0.0,0.3333333333333333,0.0
USDT,2018-07-31,0.9972,1.0,0.9366,0.9967,0.9981857142857143,0.9989799999999999,0.999786,0.9982762460664459,0.9989258957470757,-0.0006496496806297491,-0.0004901366366770167,-0.00015951304395273242,44.80519480519494,0.9989799999999999,0.0027651211070929232,1.0045102422141856,0.993449757785814,-0.0005014039310067275,0.0014135994995566675,0.004126250551783292,0.0,0.0,0.0,0.0,0.0,0,0.0,0.0,0.3333333333333333,0.0
USDT,2018-08-01,0.9967,1.0,0.9967,0.9981,0.9981571428571429,0.998905,0.999748,0.9982491312869927,0.9988647182843293,-0.000615586997336659,-0.0005152267088089452,-0.00010036028852771384,46.540880503144614,0.998905,0.00276776082782606,1.0044405216556522,0.993369478344348,0.0014046352964782738,0.001396064615679856,0.004133693032519633,0.0,0.0,0.0,0.0,0.0,0,0.0,0.0,0.3333333333333333,0.0
USDT,2018-08-02,0.9981,1.01,0.9971,0.9976,0.9979428571428572,0.9987900000000002,0.9997,0.9981492649351477,0.998771035448453,-0.0006217705133053641,-0.000536535469708229,-8.523504359713515e-05,47.74193548387117,0.9987900000000002,0.002772021872786332,1.0043340437455728,0.9932459562544275,-0.0005009518084360121,0.0013532729295725981,0.0041345551705674706,0.0,0.0,0.0,0.0,0.0,0,0.0,0.0,0.3333333333333333,0.0
USDT,2018-08-03,0.9976,1.01,0.9956,1.0,0.9982857142857143,0.9982900000000001,0.9997,0.9984339934066634,0.9988620698596787,-0.0004280764530153469,-0.0005148436663696526,8.676721335430565e-05,56.976744186046524,0.9982900000000001,0.0009402687186139467,1.000170537437228,0.9964094625627722,0.002405773857257376,0.0015281748782779558,0.004154639728086264,0.0,0.0,0.0,0.0,0.0,0,0.0,0.0,0.3333333333333333,0.0
USDT,2018-08-04,1.0,1.01,0.9866,0.999,0.9982571428571428,0.9983600000000001,0.9994799999999999,0.9985210713440998,0.9988722869071099,-0.0003512155630100988,-0.00048211804569774184,0.00013090248268764302,47.82608695652159,0.9983600000000001,0.0009383075469577443,1.0002366150939157,0.9964833849060847,-0.0010000000000000009,0.0014868402140922274,0.004155433683618676,0.0,0.0,0.0,0.0,0.0,0,0.0,0.0,0.3333333333333333,0.0
USDT,2018-08-05,0.999,1.01,0.9963,0.9989,0.9982142857142857,0.998365,0.9994580000000001,0.9985793680603922,0.9988743397288055,-0.0002949716684133019,-0.0004446887702408539,0.00014971710182755198,50.32679738562088,0.998365,0.0009410380606677101,1.0002470761213353,0.9964829238786646,-0.00010010010010008674,0.0014870113234327945,0.004152010132184388,0.0,0.0,0.0,0.0,0.0,0,0.0,0.0,0.3333333333333333,0.0
USDT,2018-08-06,0.9989,1.01,0.9963,0.9986,0.9984142857142856,0.99838,0.9994299999999999,0.9985825422049472,0.9988540182674125,-0.0002714760624652479,-0.00041004622868573274,0.00013857016622048483,53.10344827586219,0.99838,0.000942337519175774,1.0002646750383517,0.9964953249616485,-0.00030033036339971453,0.001230194270589309,0.004152301488408156,0.0,0.0,0.0,0.0,0.0,0,0.0,0.0,0.3333333333333333,0.0
USDT,2018-08-07,0.9986,1.0,0.9887,0.9979,0.9985857142857143,0.9983150000000001,0.999388,0.9984775357118785,0.9987833502476041,-0.0003058145357256459,-0.0003891998900937154,8.33853543680695e-05,53.84615384615391,0.9983150000000001,0.0009275179101938278,1.0001700358203878,0.9964599641796124,-0.0007009813739234927,0.001251320111844002,0.004151714502048739,0.0,0.0,0.0,0.0,0.0,0,0.0,0.0,0.3333333333333333,0.0
USDT,2018-08-08,0.9979,1.01,0.9893,1.0,0.9988571428571429,0.9984,0.9994,0.9987117609869741,0.9988734724514853,-0.00016171146451116059,-0.00034370220497720446,0.00018199074046604388,55.704697986577415,0.9984,0.0010010520781679236,1.0004021041563358,0.9963978958436641,0.0021044192804891004,0.001386776897458887,0.004170051039175518,0.0,0.0,0.0,0.0,0.0,0,0.0,0.0,0.3333333333333333,0.0
USDT,2018-08-09,1.0,1.01,0.991,0.9997,0.9991571428571427,0.9985050000000001,0.9993939999999999,0.9988637977582089,0.9989346967143382,-7.089895612932828e-05,-0.00028914155520762925,0.00021824259907830097,52.08333333333355,0.9985050000000001,0.0010226256196387519,1.0005502512392777,0.9964597487607226,-0.00029999999999996696,0.0013700755336891668,0.004170158477463709,0.0,0.0,0.0,0.0,0.0,0,0.0,0.0,0.3333333333333333,0.0
USDT,2018-08-10,0.9997,1.01,0.9983,1.0,0.9991571428571427,0.9985200000000001,0.9994019999999999,0.9990385981030998,0.9990136080688317,2.4990034268146388e-05,-0.00022631523731247413,0.0002513052715806205,59.09090909090917,0.9985200000000001,0.0010430723848548836,1.0006061447697099,0.9964338552302903,0.00030009002700803755,0.0010165486056255943,0.003681239711230806,0.0,0.0,0.0,0.0,0.0,0,0.0,0.0,0.3333333333333333,0.0
USDT,2018-08-11,1.0,1.02,0.9971,1.0,0.9993,0.9985800000000001,0.9994019999999999,0.9991865060872382,0.999086674137807,9.9831949431195e-05,-0.00016108579996374032,0.0002609177493949353,53.44827586206915,0.9985800000000001,0.0010933290543563303,1.000766658108713,0.9963933418912875,0.0,0.000918012733325742,0.0031629607929213347,0.0,0.0,0.0,0.0,0.0,0,0.0,0.0,0.3333333333333333,0.0
USDT,2018-08-12,1.0,1.02,0.9983,0.9997,0.9994142857142858,0.9986799999999999,0.999396,0.9992655051507401,0.9991321056831547,0.00013339946758539334,-0.00010218874645391359,0.00023558821403930693,52.10084033613474,0.9986799999999999,0.0011000478458709647,1.0008800956917419,0.996479904308258,-0.00029999999999996696,0.0009298787412816785,0.0031630139089361604,0.0,0.0,0.0,0.0,0.0,0,0.0,0.0,0.3333333333333333,0.0
USDT,2018-08-13,0.9997,1.01,0.9982,0.9998,0.9995857142857144,0.9988299999999999,0.999392,0.9993477351275493,0.9991815793362544,0.00016615579129486413,-4.851983890415805e-05,0.00021467563019902217,63.000000000000654,0.9988299999999999,0.0010326766447826714,1.0008953532895652,0.9967646467104345,0.00010003000900260517,0.0009122389545811471,0.0025239828702288453,0.0,0.0,0.0,0.0,0.0,0,0.0,0.0,0.3333333333333333,0.0
USDT,2018-08-14,0.9998,1.01,0.9987,1.0,0.9998857142857143,0.9989149999999999,0.999392,0.9994480835694648,0.9992422030891245,0.0002058804803403147,2.3602249447365012e-06,0.0002035202553955782,67.01030927835086,0.9989149999999999,0.0010564463769717563,1.0010278927539433,0.9968021072460563,0.0002000400080015563,0.0008282417068165688,0.0011330304084445108,0.0,0.0,0.0,0.0,0.0,0,0.0,0.0,0.3333333333333333,0.0
USDT,2018-08-15,1.0,1.01,0.9999,1.0,0.9998857142857143,0.99896,0.999392,0.9995329937895472,0.9992983361936337,0.0002346575959134567,4.881969913848054e-05,0.00018583789677497617,61.44578313253054,0.99896,0.0010835613795288181,1.0011271227590577,0.9967928772409423,0.0,0.00023096754034375604,0.0011130573634659776,0.0,0.0,0.0,0.0,0.0,0,0.0,0.0,0.3333333333333333,0.0
USDT,2018-08-16,1.0,1.0,0.9982,0.9996,0.9998714285714286,0.9990600000000001,0.999384,0.9995433024373092,0.9993206816607719,0.00022262077653723011,8.357991461823046e-05,0.00013904086191899966,62.195121951219875,0.9990600000000001,0.0010429714635276962,1.0011459429270555,0.9969740570729446,-0.00039999999999995595,0.0002545099963367998,0.0011115210490076615,0.0,0.0,0.0,0.0,0.0,0,0.0,0.0,0.3333333333333333,0.0
USDT,2018-08-17,0.9996,1.0,0.9963,0.9996,0.9998142857142858,0.99908,0.9993939999999999,0.9995520251392616,0.9993413719081221,0.000210653231139446,0.00010899457792247357,0.00010165865321697244,46.551724137931295,0.99908,0.0010496114569569493,1.0011792229139138,0.9969807770860861,0.0,0.00021493133240253995,0.001099660323999779,0.0,0.0,0.0,0.0,0.0,0,0.0,0.0,0.3333333333333333,0.0
USDT,2018-08-18,0.9996,1.01,0.9985,1.0,0.9998142857142858,0.9991200000000001,0.999416,0.9996209443486059,0.9993901591741872,0.00023078517441876834,0.00013335269722173252,9.743247719703582e-05,59.61538461538507,0.9991200000000001,0.001069480936591828,1.0012589618731838,0.9969810381268165,0.0004001600640255454,0.00027693262621757614,0.0010879357506672288,0.0,0.0,0.0,0.0,0.0,0,0.0,0.0,0.3333333333333333,0.0
USDT,2018-08-19,1.0,1.0,1.0,1.0,0.9998571428571429,0.9992599999999999,0.9994319999999999,0.9996792606026665,0.9994353325686918,0.0002439280339747718,0.0001554677645723404,8.846026940243141e-05,60.78431372549058,0.9992599999999999,0.0009848323394830909,1.001229664678966,0.9972903353210337,0.0,0.00024401953907229561,0.0010785706099798338,0.0,0.0,0.0,0.0,0.0,0,0.0,0.0,0.3333333333333333,0.0
USDT,2018-08-20,1.0,1.01,0.9998,1.0,0.9998857142857143,0.9994250000000001,0.999464,0.9997286051253332,0.9994771597858257,0.0002514453395074945,0.0001746632795593712,7.678205994812327e-05,64.58333333333348,0.9994250000000001,0.0007906526285276056,1.0010063052570553,0.9978436947429449,0.0,0.00024304264287159337,0.0010085285020185362,0.0,0.0,0.0,0.0,0.0,0,0.0,0.0,0.3333333333333333,0.0
USDT,2018-08-21,1.0,1.01,0.9989,1.0,0.9998857142857143,0.9995200000000001,0.999486,0.9997703581829743,0.9995158886905794,0.00025446949239493755,0.0001906245221264845,6.384497026845306e-05,75.6097560975623,0.9995200000000001,0.0007352765323318558,1.000990553064664,0.9980494469353364,0.0,0.00023098631748174917,0.0009937800875268012,0.0,0.0,0.0,0.0,0.0,0,0.0,0.0,0.3333333333333333,0.0
USDT,2018-08-22,1.0,1.01,0.9959,0.9992,0.9997714285714286,0.9995999999999998,0.99949,0.999682610770209,0.9994924895283143,0.00019012124189476953,0.0001905238660801415,-4.026241853719687e-07,35.71428571428429,0.9995999999999998,0.0005875909784413154,1.0007751819568824,0.9984248180431172,-0.0008000000000000229,0.0003805119550940854,0.0009833093849242948,0.0,0.0,0.0,0.0,0.0,0,0.0,0.0,0.3333333333333333,0.0
USDT,2018-08-23,0.9991,1.01,0.9988,1.0,0.9998285714285714,0.9995999999999998,0.99949,0.9997314398824846,0.9995300828965873,0.00020135698589729412,0.00019269049004357205,8.66649585372207e-06,54.545454545454234,0.9995999999999998,0.0005875909784413154,1.0007751819568824,0.9984248180431172,0.0008006405124099114,0.0004861763359947253,0.0009755376431709673,0.0,0.0,0.0,0.0,0.0,0,0.0,0.0,0.3333333333333333,0.0
USDT,2018-08-24,1.0,1.01,0.9964,0.9998,0.9998571428571428,0.99964,0.9995040000000001,0.9997419875928716,0.9995500767560993,0.00019191083677227994,0.00019253455938931363,-6.23722617033699e-07,46.87500000000022,0.99964,0.0005716089941177302,1.0007832179882354,0.9984967820117645,-0.00019999999999997797,0.0004958819050364156,0.000940342053074129,0.0,0.0,0.0,0.0,0.0,0,0.0,0.0,0.3333333333333333,0.0
USDT,2018-08-25,0.9999,1.0,0.9968,1.0,0.9998571428571429,0.999695,0.9995040000000001,0.9997816818093529,0.9995834044037957,0.0001982774055572234,0.0001936831286228956,4.594276934327809e-06,50.0,0.999695,0.0005491380806592781,1.0007932761613185,0.9985967238386815,0.0002000400080015563,0.00047627743468781926,0.0009301378898606189,0.0,0.0,0.0,0.0,0.0,0,0.0,0.0,0.3333333333333333,0.0
USDT,2018-08-26,1.0,1.01,0.9953,1.0,0.9998571428571429,0.999765,0.9995040000000001,0.9998152692232986,0.9996142633368479,0.00020100588645066697,0.00019514768018844987,5.8582062622171015e-06,54.83870967741901,0.999765,0.0004880411976234996,1.000741082395247,0.998788917604753,0.0,0.00047627743468781926,0.0008841315554122883,0.0,0.0,0.0,0.0,0.0,0,0.0,0.0,0.3333333333333333,0.0
USDT,2018-08-27,1.0,1.0,0.9951,0.9987,0.9996714285714285,0.9998049999999999,0.999494,0.9996436893427911,0.999546540126711,9.714921608017235e-05,0.00017554798736679438,-7.839877128662203e-05,37.2093023255811,0.9998049999999999,0.0003363503812975099,1.000477700762595,0.9991322992374049,-0.0012999999999999678,0.0006843324438278633,0.0008704526222799624,0.0,0.0,0.0,0.0,0.0,0,0.0,0.0,0.3333333333333333,0.0
USDT,2018-08-28,0.9987,1.0,0.9911,0.9985,0.9994571428571428,0.9997299999999999,0.999478,0.9994677371362078,0.9994690186358435,-1.28149963563029e-06,0.00014018208996630945,-0.00014146358960193974,32.55813953488378,0.9997299999999999,0.0004414092265851316,1.0006128184531702,0.9988471815468296,-0.00020026033843989488,0.0006794479277821279,0.0008710908136689947,0.0,0.0,0.0,0.0,0.0,0,0.0,0.0,0.3333333333333333,0.0
USDT,2018-08-29,0.9985,1.0,0.9925,0.9981,0.9993,0.9996499999999999,0.999448,0.9992573160383297,0.9993676098480032,-0.00011029380967353397,9.008691003834076e-05,-0.00020038071971187474,29.78723404255274,0.9996499999999999,0.0005726209364781612,1.0007952418729562,0.9985047581270436,-0.00040060090135207727,0.0006375359565270088,0.000791058543743601,0.0,0.0,0.0,0.0,0.0,0,0.0,0.0,0.3333333333333333,0.0
USDT,2018-08-30,0.9981,1.0,0.9967,0.9978,0.9989857142857144,0.99954,0.999204,0.9990331135708943,0.999251490600003,-0.00021837702910865175,2.8394122208942266e-05,-0.000246771151317594,30.43478260869513,0.99954,0.0006991724431881857,1.0009383448863765,0.9981416551136236,-0.0003005710850615406,0.00047760518009787046,0.0007872437219359507,0.0,0.0,0.0,0.0,0.0,0,0.0,0.0,0.3333333333333333,0.0
USDT,2018-08-31,0.9978,1.01,0.9913,0.9994,0.9989285714285715,0.9995099999999999,0.9992,0.9990895576369105,0.9992624912962991,-0.00017293365938853,-1.1871434110552185e-05,-0.00016106222527797782,48.3870967741928,0.9995099999999999,0.0006912231721627039,1.0008924463443254,0.9981275536556745,0.0016035277610741971,0.0008727000061394722,0.0007998936354136331,0.0,0.0,0.0,0.0,0.0,0,0.0,0.0,0.3333333333333333,0.0
USDT,2018-09-01,0.9994,1.0,0.9968,0.9991,0.9988,0.9994799999999999,0.999184,0.9990911641543089,0.9992504549039806,-0.0001592907496716922,-4.135529722278019e-05,-0.00011793545244891202,42.62295081967189,0.9994799999999999,0.0006955497636650837,1.00087109952733,0.9980889004726697,-0.0003001801080647626,0.0008686306602422828,0.0007960101000368304,0.0,0.0,0.0,0.0,0.0,0,0.0,0.0,0.3333333333333333,0.0
USDT,2018-09-02,0.9991,1.0,0.9922,0.9997,0.9987571428571428,0.9994750000000001,0.998978,0.9991848312074921,0.9992837545407227,-9.892333323058278e-05,-5.286890442434071e-05,-4.605442880624207e-05,47.76119402985097,0.9994750000000001,0.0006934847169778885,1.000861969433956,0.9980880305660443,0.0006005404864377617,0.0009119885790694664,0.0006700883497228578,0.0,0.0,0.0,0.0,0.0,0,0.0,0.0,0.3333333333333333,0.0
USDT,2018-09-03,0.9997,1.0,0.9909,0.9973,0.9985571428571429,0.9993400000000001,0.998972,0.9988948571755702,0.9991368097599285,-0.0002419525843582182,-9.068564041111622e-05,-0.000151266943947102,35.16483516483497,0.9993400000000001,0.0008343923096275607,1.0010087846192552,0.997671215380745,-0.0024007202160648555,0.0012108631825453093,0.0007810730833327883,0.0,0.0,0.0,0.0,0.0,0,0.0,0.0,0.3333333333333333,0.0
USDT,2018-09-04,0.9973,1.0,0.9929,0.9964,0.9982571428571428,0.99916,0.9989239999999999,0.9985110329947133,0.9989340831110449,-0.0004230501163315914,-0.00015715853559521126,-0.00026589158073638013,31.999999999999773,0.99916,0.001045994867677217,1.0012519897353545,0.9970680102646456,-0.0009024365787626554,0.0012396550081038976,0.0007962080186735803,0.0,0.0,0.0,0.0,0.0,0,0.0,0.0,0.3333333333333333,0.0
USDT,2018-09-05,0.9964,1.0,0.9948,0.9988,0.9983571428571428,0.9991200000000001,0.998934,0.9985554894570651,0.9989241510287453,-0.00036866157168025104,-0.00019945914281221922,-0.00016920242886803182,48.275862068965715,0.9991200000000001,0.0010435768450995746,1.0012071536901992,0.9970328463098009,0.00240867121637911,0.0016031307992300642,0.0009154277255657989,0.0,0.0,0.0,0.0,0.0,0,0.0,0.0,0.3333333333333333,0.0
USDT,2018-09-06,0.9988,1.01,0.9953,0.9976,0.9983285714285716,0.99902,0.9989020000000001,0.998408491079055,0.9988260657673568,-0.00041757468830172506,-0.0002430822519101204,-0.00017449243639160465,40.000000000000185,0.99902,0.001089954127497415,1.001199908254995,0.9968400917450052,-0.0012014417300760805,0.0016753008890406222,0.0009331639758918219,0.0,0.0,0.0,0.0,0.0,0,0.0,0.0,0.3333333333333333,0.0
USDT,2018-09-07,0.9976,1.01,0.9964,0.9994,0.9983285714285713,0.99899,0.9989240000000001,0.9985610309130466,0.9988685794142192,-0.00030754850117264976,-0.00025597550176262627,-5.157299941002349e-05,48.52941176470563,0.99899,0.0010696285631967913,1.0011292571263937,0.9968507428736064,0.001804330392942921,0.0017092572832831017,0.0009110683064839668,0.0,0.0,0.0,0.0,0.0,0,0.0,0.0,0.3333333333333333,0.0
USDT,2018-09-08,0.9994,1.02,0.9977,0.9981,0.9981857142857143,0.9988949999999999,0.998934,0.9984901030802702,0.9988116476057586,-0.00032154452548838197,-0.0002690893065077774,-5.245521898060456e-05,43.53741496598632,0.9988949999999999,0.0010595306806346337,1.001014061361269,0.9967759386387306,-0.001300780468280971,0.0017790803390143892,0.0009395656147576135,0.0,0.0,0.0,0.0,0.0,0,0.0,0.0,0.3333333333333333,0.0
USDT,2018-09-09,0.9981,1.02,0.9973,1.01,0.9996571428571429,0.999395,0.99914,1.0002608564525364,0.9996404144497765,0.0006204420027599022,-9.118304465424148e-05,0.0007116250474141437,68.79699248120306,0.999395,0.0026992152855866763,1.0047934305711734,0.9939965694288266,0.011922653040777442,0.004927395524923799,0.002380876981610585,0.0,0.0,0.0,0.0,0.0,0,0.0,0.0,0.3333333333333333,0.0
USDT,2018-09-10,0.9977,1.01,0.9947,1.0,1.000042857142857,0.999395,0.9991639999999999,1.0002207246906076,0.9996670504164596,0.0005536742741479861,3.7788419106204024e-05,0.0005158858550417821,51.84135977337106,0.999395,0.0026992152855866763,1.0047934305711734,0.9939965694288266,-0.00990099009900991,0.006481284803995043,0.0030273095961809706,0.0,0.0,0.0,0.0,0.0,0,0.0,0.0,0.3333333333333333,0.0
USDT,2018-09-11,1.0,1.01,0.9951,0.9983,1.0003142857142857,0.9993500000000001,0.9991760000000001,0.9999252285843603,0.9995657874226478,0.00035944116171249263,0.00010211896762746175,0.00025732219408503086,49.7282608695651,0.9993500000000001,0.0027101174960055016,1.0047702349920111,0.993929765007989,-0.0017000000000000348,0.006515007550617957,0.0030429145843413434,0.0,0.0,0.0,0.0,0.0,0,0.0,0.0,0.3333333333333333,0.0
USDT,2018-09-12,0.9984,1.01,0.9913,0.9984,1.000257142857143,0.9992700000000001,0.999208,0.9996905780329203,0.999479432798748,0.00021114523417231634,0.00012392422093643267,8.722101323588367e-05,50.41095890410955,0.9992700000000001,0.0027135333345924303,1.004697066669185,0.9938429333308152,0.00010017028949205198,0.006447990744894657,0.0030429148106206473,0.0,0.0,0.0,0.0,0.0,0,0.0,0.0,0.3333333333333333,0.0
USDT,2018-09-13,0.9984,1.01,0.9957,0.996,1.0000285714285713,0.99908,0.999162,0.9991227967970864,0.9992216970358777,-9.890023879133292e-05,7.935932899087955e-05,-0.00017825956778221247,47.66839378238338,0.99908,0.0028059335626389307,1.0046918671252778,0.9934681328747221,-0.0024038461538461453,0.006499912104436236,0.003072756041558233,0.0,0.0,0.0,0.0,0.0,0,0.0,0.0,0.3333333333333333,0.0
USDT,2018-09-14,0.996,1.01,0.996,0.9994,1.0000285714285715,0.9990500000000001,0.9991680000000001,0.9991654434436885,0.9992349046628497,-6.946121916118209e-05,4.9595219360467225e-05,-0.00011905643852164931,50.0,0.9990500000000001,0.002798777928808499,1.0046475558576171,0.9934524441423831,0.0034136546184737604,0.006610602496374958,0.003140166018759799,0.0,0.0,0.0,0.0,0.0,0,0.0,0.0,0.3333333333333333,0.0
USDT,2018-09-15,0.9994,1.01,0.9971,0.9984,1.0000714285714285,0.9989700000000001,0.999184,0.9990476829138903,0.999173059873009,-0.00012537695911862823,1.4600783664648137e-05,-0.00013997774278327635,49.14841849148415,0.9989700000000001,0.0027930552974807523,1.0045561105949616,0.9933838894050386,-0.0010006003602160973,0.0066015839948789625,0.003144614977310096,0.0,0.0,0.0,0.0,0.0,0,0.0,0.0,0.3333333333333333,0.0
USDT,2018-09-16,0.9984,1.01,0.9954,0.9983,0.9984,0.9989500000000001,0.999166,0.9989326547732919,0.9991083887713046,-0.00017573399801273926,-2.3466172670829344e-05,-0.00015226782534190993,48.27586206896543,0.9989500000000001,0.002796520394318242,1.0045430407886367,0.9933569592113636,-0.00010016025641024218,0.004086090014244188,0.0031446294123147842,0.0,0.0,0.0,0.0,0.0,0,0.0,0.0,0.3333333333333333,0.0
USDT,2018-09-17,0.9983,1.01,0.995,0.9979,0.9980999999999999,0.99892,0.99914,0.99877378480817,0.9990188784919487,-0.00024509368377867435,-6.779167489239836e-05,-0.000177302008886276,50.77720207253892,0.99892,0.002804807902240245,1.0045296158044805,0.9933103841955195,-0.000400681157968541,0.0018654060593228472,0.0031441754226269937,0.0,0.0,0.0,0.0,0.0,0,0.0,0.0,0.3333333333333333,0.0
USDT,2018-09-18,0.9979,1.01,0.9893,0.9978,0.9980285714285715,0.998905,0.999152,0.9986239717607592,0.9989285911962488,-0.0003046194354895393,-0.00011515722701182655,-0.00018946220847771274,51.85185185185195,0.998905,0.002810221006488879,1.0045254420129779,0.9932845579870223,-0.00010021044192798367,0.001760153131052978,0.003144156886033347,0.0,0.0,0.0,0.0,0.0,0,0.0,0.0,0.3333333333333333,0.0
USDT,2018-09-19,0.9978,1.01,0.994,0.9985,0.9980428571428571,0.9989399999999999,0.9991879999999999,0.9986048991821809,0.9988968437002304,-0.00029194451804948063,-0.00015051468521935739,-0.00014142983283012324,49.58448753462608,0.9989399999999999,0.002800075186969078,1.0045401503739382,0.9933398496260618,0.0007015433954700168,0.0017843663141119998,0.0031472923293370935,0.0,0.0,0.0,0.0,0.0,0,0.0,0.0,0.3333333333333333,0.0
USDT,2018-09-20,0.9985,1.0,0.9961,0.9988,0.9984428571428572,0.9989100000000001,0.9992019999999999,0.9986349146926146,0.9988896700928059,-0.00025475540019137544,-0.000171362828213761,-8.339257197761445e-05,51.704545454545425,0.9989100000000001,0.002798100859708396,1.0045062017194168,0.9933137982805833,0.0003004506760140302,0.0014309709474619938,0.0031479192784592143,0.0,0.0,0.0,0.0,0.0,0,0.0,0.0,0.3333333333333333,0.0
USDT,2018-09-21,0.9988,1.0,0.996,0.9987,0.9983428571428571,0.99889,0.999224,0.9986449278168277,0.9988756204563018,-0.00023069263947417262,-0.00018322879046584332,-4.74638490083293e-05,48.955223880597124,0.99889,0.002798100859708383,1.0044862017194167,0.9932937982805832,-0.00010012014417304371,0.0005329669789181069,0.0031446479121942476,0.0,0.0,0.0,0.0,0.0,0,0.0,0.0,0.3333333333333333,0.0
USDT,2018-09-22,0.9988,1.0,0.9937,0.9991,0.9984428571428572,0.99886,0.9992059999999999,0.9987149389219311,0.9988922411632425,-0.0001773022413114056,-0.00018204348063495578,4.741239323550182e-06,51.53374233128835,0.99886,0.0027921695017251082,1.00444433900345,0.9932756609965497,0.00040052067687978976,0.00037930317539021445,0.0031419301468665166,0.0,0.0,0.0,0.0,0.0,0,0.0,0.0,0.3333333333333333,0.0
USDT,2018-09-23,0.9991,1.0,0.9949,0.9996,0.9986285714285714,0.998975,0.999218,0.998851102164711,0.998944667743743,-9.35655790320622e-05,-0.00016434790031437708,7.078232128231488e-05,25.471698113207495,0.998975,0.0027718272521638026,1.0045186545043276,0.9934313454956724,0.0005004504053649494,0.0003940723416821799,0.0031431891078460353,0.0,0.0,0.0,0.0,0.0,0,0.0,0.0,0.3333333333333333,0.0
USDT,2018-09-24,0.9996,1.0,0.9926,0.9985,0.9987142857142858,0.99908,0.9992099999999999,0.9987970864470631,0.9989117293923546,-0.00011464294529150987,-0.00015440690930980364,3.976396401829377e-05,43.9024390243904,0.99908,0.002708194193465917,1.0044963883869318,0.9936636116130682,-0.0011004401760704718,0.0006017378279601844,0.003149269904313913,0.0,0.0,0.0,0.0,0.0,0,0.0,0.0,0.3333333333333333,0.0
USDT,2018-09-25,0.9985,1.0,0.9966,0.9987,0.9988428571428571,0.999075,0.999212,0.9987821500705919,0.9988960457336616,-0.00011389566306974075,-0.00014630466006179107,3.2408996992050324e-05,51.851851851852196,0.999075,0.002708830588638489,1.004492661177277,0.9936573388227231,0.00020030045067609414,0.000596937054817256,0.003149581458013683,0.0,0.0,0.0,0.0,0.0,0,0.0,0.0,0.3333333333333333,0.0
USDT,2018-09-26,0.9987,1.0,0.9975,0.9985,0.9988428571428571,0.9991200000000001,0.999224,0.9987387423674239,0.9988667090126496,-0.00012796664522574108,-0.00014263705709458108,1.4670411868839998e-05,50.45871559633075,0.9991200000000001,0.0026904509502755198,1.004500901900551,0.993739098099449,-0.00020026033843989488,0.0005480807439779353,0.00314078109455039,0.0,0.0,0.0,0.0,0.0,0,0.0,0.0,0.3333333333333333,0.0
USDT,2018-09-27,0.9985,0.9999,0.9964,0.9972,0.9986142857142857,0.99901,0.999168,0.9985020127724356,0.9987432490857867,-0.00024123631335115636,-0.00016235690834589614,-7.887940500526022e-05,56.12244897959178,0.99901,0.0027231753910783776,1.0044563507821567,0.9935636492178432,-0.0013019529293941678,0.0007118947356012118,0.0031496084491020103,0.0,0.0,0.0,0.0,0.0,0,0.0,0.0,0.3333333333333333,0.0
USDT,2018-09-28,0.9973,1.0,0.9933,1.0,0.9988,0.9991050000000001,0.999174,0.998732472345907,0.9988363417460988,-0.0001038694001918028,-0.00015065940671507748,4.679000652327468e-05,53.26086956521764,0.9991050000000001,0.0027228999633800805,1.0045507999267602,0.9936592000732399,0.0028078620136382515,0.0013563056150265316,0.0031910941839770964,0.0,0.0,0.0,0.0,0.0,0,0.0,0.0,0.3333333333333333,0.0
USDT,2018-09-29,1.0,1.0,0.9948,0.9973,0.9985428571428571,0.99847,0.99912,0.9985120919849982,0.9987225386537952,-0.00021044666879699303,-0.00016261685913146058,-4.782980966553245e-05,44.954128440367036,0.99847,0.0009559233618500088,1.0003818467237,0.9965581532762999,-0.0027000000000000357,0.0017296924973423024,0.003230484837705456,0.0,0.0,0.0,0.0,0.0,0,0.0,0.0,0.3333333333333333,0.0
USDT,2018-09-30,0.9973,1.0,0.9935,0.9964,0.9980857142857144,0.9982900000000001,0.999048,0.998187154756537,0.9985504987535141,-0.00036334399697712794,-0.00020276228670059406,-0.00016058171027653388,41.88034188034185,0.9982900000000001,0.0009909591313700568,1.0002719182627402,0.99630808173726,-0.0009024365787626554,0.0017085425538343484,0.0032196605164086906,0.0,0.0,0.0,0.0,0.0,0,0.0,0.0,0.3333333333333333,0.0
USDT,2018-10-01,0.9964,1.0,0.991,0.9947,0.9975428571428572,0.9981099999999999,0.9989480000000001,0.9976506694093774,0.9982652766236242,-0.0006146072142467762,-0.0002851312722098305,-0.0003294759420369457,37.69230769230778,0.9981099999999999,0.0012752295975081288,1.0006604591950161,0.9955595408049837,-0.001706142111601694,0.0017611073536119197,0.0032329521991607086,0.0,0.0,0.0,0.0,0.0,0,0.0,0.0,0.3333333333333333,0.0
USDT,2018-10-02,0.9947,1.0,0.9905,0.9916,0.9965285714285714,0.99777,0.998784,0.9967197971925501,0.9977715524292816,-0.0010517552367315108,-0.0004384560651141666,-0.0006132991716173442,30.62500000000007,0.99777,0.0019314842942646257,1.0016329685885292,0.9939070314114707,-0.0031165175429778147,0.001962410753055376,0.0032744714858110946,0.0,0.0,0.0,0.0,0.0,0,0.0,0.0,0.3333333333333333,0.0
USDT,2018-10-03,0.9916,1.02,0.9538,0.993,0.9957428571428572,0.9976200000000001,0.9986440000000001,0.9961475207013886,0.9974181041011867,-0.0012705833997981308,-0.0006048815320509594,-0.0006657018677471714,33.53293413173628,0.9976200000000001,0.002177057405630674,1.0019741148112613,0.9932658851887387,0.0014118596208148038,0.0021589951928742894,0.003262726687772378,0.0,0.0,0.0,0.0,0.0,0,0.0,0.0,0.3333333333333333,0.0
USDT,2018-10-04,0.993,1.01,0.9907,0.9936,0.9952285714285715,0.99733,0.998516,0.9957555944396365,0.9971352815751728,-0.0013796871355363782,-0.0007598426527480433,-0.000619844482788335,34.705882352941245,0.99733,0.002309727712373234,1.0019494554247466,0.9927105445752535,0.0006042296072508169,0.002202949458860338,0.0032621640689377723,0.0,0.0,0.0,0.0,0.0,0,0.0,0.0,0.3333333333333333,0.0
USDT,2018-10-05,0.9936,1.01,0.9902,0.9925,0.9941571428571427,0.997035,0.9983739999999999,0.9952547337566154,0.9967919273844194,-0.0015371936278039122,-0.0009153128477592171,-0.0006218807800446951,32.77777777777783,0.997035,0.002531958883851438,1.0020989177677029,0.9919710822322971,-0.0011070853462157304,0.0016452881388706875,0.00323236972482238,0.0,0.0,0.0,0.0,0.0,0,0.0,0.0,0.3333333333333333,0.0
USDT,2018-10-06,0.9925,0.999,0.991,0.9927,0.9935,0.996755,0.9982360000000001,0.9948616977940592,0.9964888216522402,-0.0016271238581809788,-0.0010576750498435695,-0.0005694488083374093,32.0224719101125,0.996755,0.0026894481922853253,1.0021338963845705,0.9913761036154293,0.00020151133501267182,0.0015286502178753563,0.003227614424778648,0.0,0.0,0.0,0.0,0.0,0,0.0,0.0,0.3333333333333333,0.0
USDT,2018-10-07,0.9927,1.01,0.9915,0.9939,0.9931428571428571,0.9965550000000001,0.9981140000000001,0.9947137442872809,0.9962970570854076,-0.0015833127981267348,-0.0011628025995002026,-0.00042051019862653213,34.59459459459447,0.9965550000000001,0.0027479130837470313,1.002050826167494,0.991059173832506,0.001208824418253318,0.0016740327856192237,0.003216936329926144,0.0,0.0,0.0,0.0,0.0,0,0.0,0.0,0.3333333333333333,0.0
USDT,2018-10-08,0.9939,1.01,0.9871,0.9934,0.9929571428571429,0.996335,0.997982,0.9945116297815454,0.9960824602642663,-0.0015708304827208863,-0.0012444081761443394,-0.00032642230657654696,35.75418994413381,0.996335,0.0028182254588446022,1.0019714509176891,0.9906985490823108,-0.0005030687191871497,0.0015711026812794085,0.003210634391889012,0.0,0.0,0.0,0.0,0.0,0,0.0,0.0,0.3333333333333333,0.0
USDT,2018-10-09,0.9934,1.0,0.9887,0.9905,0.9928,0.995935,0.997792,0.993894455969,0.9956689446891355,-0.0017744887201355253,-0.0013504242849425767,-0.00042406443519294856,30.097087378640765,0.995935,0.0030527425116018774,1.0020404850232039,0.9898295149767963,-0.002919267163277506,0.0015103719777479316,0.002300258004485364,0.0,0.0,0.0,0.0,0.0,0,0.0,0.0,0.3333333333333333,0.0
USDT,2018-10-10,0.9905,1.0,0.9822,0.9827,0.9913285714285713,0.99513,0.997446,0.9921722319737691,0.9947082821195699,-0.0025360501458007167,-0.0015875494571142047,-0.000948500688686512,21.985815602836823,0.99513,0.004174244337542595,1.0034784886750852,0.9867815113249148,-0.007874810701665846,0.0031214232435499405,0.0020334513908606957,0.0,0.0,0.0,0.0,0.0,0,0.0,0.0,0.3333333333333333,0.0
USDT,2018-10-11,0.9829,0.9948,0.9707,0.9815,0.9896,0.99427,0.9970920000000001,0.9905303501316508,0.9937298908514536,-0.0031995407198027737,-0.0019099477096519186,-0.001289593010150855,22.064056939501796,0.99427,0.005074715444449516,1.004419430888899,0.9841205691111009,-0.001221125470642126,0.002991411055405974,0.0020262192601013056,0.0,0.0,0.0,0.0,0.0,0,0.0,0.0,0.3333333333333333,0.0
USDT,2018-10-12,0.9815,0.9843,0.9722,0.9804,0.9878714285714286,0.9933349999999999,0.9967,0.9889718347267814,0.9927424915291236,-0.0037706568023422316,-0.002282089528189981,-0.0014885672741522505,12.878787878787776,0.9933349999999999,0.005807733048093729,1.0049504660961872,0.9817195339038124,-0.0011207335710646804,0.002990930384462917,0.0020246885091723637,0.0,0.0,0.0,0.0,0.0,0,0.0,0.0,0.3333333333333333,0.0
USDT,2018-10-13,0.9804,0.9923,0.9783,0.9783,0.9858142857142858,0.9922700000000001,0.9962700000000001,0.9873300139995843,0.9916726773417811,-0.004342663342196795,-0.002694204290991344,-0.0016484590512054515,13.178294573643285,0.9922700000000001,0.006509030164642935,1.005288060329286,0.9792519396707142,-0.0021419828641371375,0.0028649885699163257,0.0020172133957997666,0.0,0.0,0.0,0.0,0.0,0,0.0,0.0,0.3333333333333333,0.0
USDT,2018-10-14,0.9781,0.9931,0.9673,0.974,0.9829714285714285,0.9910450000000001,0.99575,0.9852792426150329,0.9903635901312788,-0.0050843475162459795,-0.003172232936042271,-0.0019121145802037083,11.643835616438253,0.9910450000000001,0.007504207591675719,1.0060534151833516,0.9760365848166487,-0.004395379740365857,0.0025588854350292235,0.001985618017256422,0.0,0.0,0.0,0.0,0.0,0,0.0,0.0,0.3333333333333333,0.0
USDT,2018-10-15,0.9739,0.9932,0.869,0.9703,0.9796714285714285,0.9896249999999999,0.995156,0.9829747437511817,0.9888773982697027,-0.005902654518521011,-0.003718317252538019,-0.002184337265982992,10.897435897435798,0.9896249999999999,0.008588172711719652,1.0068013454234392,0.9724486545765606,-0.003798767967145733,0.002342172266588384,0.0020570863631667337,0.0,0.0,0.0,0.0,0.0,0,0.0,0.0,0.3333333333333333,0.0
USDT,2018-10-16,0.9703,0.9703,0.9423,0.959,0.9751714285714286,0.98765,0.994362,0.9792863216356152,0.9866642576571321,-0.007377936021516818,-0.00445024100633378,-0.002927695015183038,8.629441624365384,0.98765,0.010717644085191701,1.0090852881703833,0.9662147118296166,-0.011645882716685652,0.0038862283894809157,0.002828262992850673,0.0,0.0,0.0,0.0,0.0,0,0.0,0.0,0.3333333333333333,0.0
USDT,2018-10-17,0.959,0.9705,0.951,0.9579,0.9716285714285714,0.9856849999999999,0.99355,0.975996118307059,0.9845335719047519,-0.008537453597692868,-0.005267683524605597,-0.0032697700730872706,5.115089514066497,0.9856849999999999,0.012352552474350145,1.0103901049487003,0.9609798950512997,-0.001147028154327434,0.0037715287209018665,0.0028230480955219765,0.0,0.0,0.0,0.0,0.0,0,0.0,0.0,0.3333333333333333,0.0
USDT,2018-10-18,0.9579,0.9657,0.9516,0.964,0.9691285714285715,0.9838849999999999,0.992868,0.9741505616444346,0.9830125665784739,-0.008862004934039325,-0.005986547806492343,-0.002875457127546982,16.81614349775775,0.9838849999999999,0.0127725971063873,1.0094301942127746,0.9583398057872253,0.006368096878588636,0.005344932947873107,0.0031505083671671662,0.0,0.0,0.0,0.0,0.0,0,0.0,0.0,0.3333333333333333,0.0
USDT,2018-10-19,0.964,0.9769,0.9568,0.9761,0.9685142857142857,0.9828250000000001,0.992434,0.9744504752375985,0.9825005246096981,-0.008050049372099521,-0.006399248119613779,-0.0016508012524857427,35.25179856115099,0.9828250000000001,0.012476962982358397,1.007778925964717,0.9578710740352833,0.012551867219916968,0.007861843226787093,0.00401427297072963,0.0,0.0,0.0,0.0,0.0,0,0.0,0.0,0.3333333333333333,0.0
USDT,2018-10-20,0.9761,0.9908,0.9704,0.9723,0.9676571428571429,0.9816199999999998,0.991892,0.9741196328933526,0.9817449301941649,-0.007625297300812295,-0.006644457955853483,-0.0009808393449588122,32.770270270270274,0.9816199999999998,0.012258771295859526,1.006137542591719,0.9571024574082808,-0.003893043745517799,0.007946438693602474,0.004049355604170705,0.0,0.0,0.0,0.0,0.0,0,0.0,0.0,0.3333333333333333,0.0
USDT,2018-10-21,0.9723,0.9918,0.9698,0.9734,0.9675714285714286,0.9805550000000001,0.9913780000000001,0.9740089201405291,0.9811267872168193,-0.007117867076290252,-0.006739139779940837,-0.0003787272963494152,32.65651438240272,0.9805550000000001,0.011984791898154918,1.00452458379631,0.9565854162036902,0.0011313380643833693,0.007809009793262535,0.004063833795198432,0.0,0.0,0.0,0.0,0.0,0,0.0,0.0,0.3333333333333333,0.0
USDT,2018-10-22,0.9734,0.9863,0.9668,0.9731,0.9679714285714285,0.9796299999999999,0.9908459999999999,0.9738690862727554,0.9805322103859438,-0.006663124113188479,-0.006723936646590365,6.0812533401886394e-05,32.76740237691001,0.9796299999999999,0.011799959857200774,1.0032299197144015,0.9560300802855983,-0.00030819806862547594,0.007640242379841265,0.004058388118303327,0.0,0.0,0.0,0.0,0.0,0,0.0,0.0,0.3333333333333333,0.0
USDT,2018-10-23,0.9731,0.9854,0.9708,0.9759,0.9703857142857143,0.9787750000000001,0.9904180000000001,0.9741815345384853,0.9801890836906888,-0.006007549152203473,-0.006580659147712987,0.0005731099955095138,37.585034013605416,0.9787750000000001,0.011392697337836474,1.001560394675673,0.9559896053243271,0.0028774021169457598,0.005478362753662302,0.004108965327741485,0.0,0.0,0.0,0.0,0.0,0,0.0,0.0,0.3333333333333333,0.0
USDT,2018-10-24,0.9759,0.9937,0.9712,0.9778,0.9732285714285716,0.977985,0.9900460000000001,0.9747382215325645,0.9800121145284155,-0.005273892995851015,-0.006319305917340592,0.0010454129214895773,45.36862003780717,0.977985,0.010845240285123669,0.9996754805702474,0.9562945194297526,0.0019469207910647324,0.0052542241322441185,0.0041386212787716415,0.0,0.0,0.0,0.0,0.0,0,0.0,0.0,0.3333333333333333,0.0
USDT,2018-10-25,0.9778,0.9895,0.9731,0.9772,0.9751142857142857,0.97722,0.989614,0.9751169566814007,0.9798038097485329,-0.004686853067132124,-0.005992815347298899,0.0013059622801667751,45.88910133843205,0.97722,0.010293053354975967,0.997806106709952,0.956633893290048,-0.000613622417672377,0.005159819096969222,0.004135251596150968,0.0,0.0,0.0,0.0,0.0,0,0.0,0.0,0.3333333333333333,0.0
USDT,2018-10-26,0.9772,0.9926,0.9761,0.9773,0.9752857142857143,0.97645,0.989208,0.9754528094996467,0.9796183423597526,-0.004165532860105903,-0.0056273588498603,0.0014618259897543973,46.9785575048732,0.97645,0.009628657883191031,0.995707315766382,0.957192684233618,0.0001023331968890151,0.002189630185647583,0.004136923934212916,0.0,0.0,0.0,0.0,0.0,0,0.0,0.0,0.3333333333333333,0.0
USDT,2018-10-27,0.9773,1.0,0.9773,0.99,0.9778142857142856,0.9762550000000001,0.98902,0.9776908388073934,0.980387354036808,-0.002696515229414609,-0.005041190125771162,0.002344674896356553,59.450726978998404,0.9762550000000001,0.00929020281915361,0.9948354056383073,0.9576745943616929,0.012994986186432023,0.004756378482262214,0.004831227924863233,0.0,0.0,0.0,0.0,0.0,0,0.0,0.0,0.3333333333333333,0.0
USDT,2018-10-28,0.99,0.9909,0.988,0.99,0.9801857142857143,0.976085,0.988858,0.9795845559139482,0.9810994018859334,-0.001514845971985146,-0.004335921295013959,0.002821075323028813,63.88888888888888,0.976085,0.008986087199546376,0.9940571743990927,0.9581128256009073,0.0,0.004832817524094378,0.004797420838779691,0.0,0.0,0.0,0.0,0.0,0,0.0,0.0,0.3333333333333333,0.0
USDT,2018-10-29,0.99,0.9925,0.9825,0.9877,0.9822714285714286,0.975945,0.988412,0.9808330857733408,0.9815883350795679,-0.0007552493062270571,-0.0036197868972565788,0.0028645375910295217,65.48042704626327,0.975945,0.00876887287961818,0.9934827457592363,0.9584072542407636,-0.0023232323232322827,0.005076848242873521,0.004791475437204506,0.0,0.0,0.0,0.0,0.0,0,0.0,0.0,0.3333333333333333,0.0
USDT,2018-10-30,0.9877,0.9957,0.985,0.9925,0.9846428571428572,0.976435,0.988262,0.9826279956543653,0.9823966065551555,0.0002313890992098333,-0.0028495516979632966,0.00308094079717313,83.7022132796781,0.976435,0.009416126983445943,0.995267253966892,0.9576027460331081,0.0048597752353953805,0.005179054480144313,0.004881607491173543,0.0,0.0,0.0,0.0,0.0,0,0.0,0.0,0.3333333333333333,0.0
USDT,2018-10-31,0.9925,0.9967,0.9873,0.9912,0.9865571428571428,0.97692,0.98812,0.9839467655536938,0.9830487097732921,0.0008980557804016964,-0.002100030202290298,0.0029980859826919943,83.36673346693375,0.97692,0.009926710378938622,0.9967734207578772,0.9570665792421228,-0.0013098236775819228,0.005371739130961628,0.00487769958060622,0.0,0.0,0.0,0.0,0.0,0,0.0,0.0,0.3333333333333333,0.0
USDT,2018-11-01,0.9912,1.0,0.9893,0.9903,0.9884285714285713,0.977415,0.987958,0.9849241862377408,0.9835858423826779,0.001338343855062929,-0.0014123553908196526,0.0027506992458825813,79.41834451901553,0.977415,0.010347299418839625,0.9981095988376792,0.9567204011623208,-0.0009079903147699575,0.005396328055172272,0.004847267597115374,0.0,0.0,0.0,0.0,0.0,0,0.0,0.0,0.3333333333333333,0.0
USDT,2018-11-02,0.9903,1.0,0.9887,0.9892,0.9901285714285715,0.97796,0.987822,0.9855820037396268,0.9840017059098869,0.0015802978297398962,-0.0008138247467077428,0.002394122576447639,69.43620178041533,0.97796,0.010678133091311057,0.9993162661826221,0.956603733817378,-0.00111077451277386,0.0054830843783602945,0.004843228446127547,0.0,0.0,0.0,0.0,0.0,0,0.0,0.0,0.3333333333333333,0.0
USDT,2018-11-03,0.9892,1.01,0.9882,1.0,0.9915571428571429,0.97926,0.987834,0.9878001570104534,0.9851867647313768,0.002613392279076643,-0.00012838134155086575,0.0027417736206275085,84.02948402948373,0.97926,0.01170404338589508,1.00266808677179,0.9558519132282098,0.010917913465426698,0.0047843836711525655,0.005245496471358889,0.0,0.0,0.0,0.0,0.0,0,0.0,0.0,0.3333333333333333,0.0
USDT,2018-11-04,1.0,1.01,0.9891,0.9912,0.9917285714285714,0.9803050000000001,0.9876900000000001,0.988323209778076,0.9856321895660897,0.002691020211986306,0.00043549896915656857,0.002255521242829737,68.38842975206592,0.9803050000000001,0.01179462299435288,1.003894245988706,0.9567157540112944,-0.00880000000000003,0.006180324026974265,0.005495078376460497,0.0,0.0,0.0,0.0,0.0,0,0.0,0.0,0.3333333333333333,0.0
USDT,2018-11-05,0.9912,0.9998,0.9881,0.9913,0.9922428571428572,0.9819199999999999,0.9875500000000001,0.9887811775045259,0.9860520273760089,0.002729150128516933,0.0008942292010286414,0.0018349209274882913,68.87966804979243,0.9819199999999999,0.010901405027744017,1.003722810055488,0.9601171899445119,0.00010088781275219283,0.006083220321792456,0.005494963453050711,0.0,0.0,0.0,0.0,0.0,0,0.0,0.0,0.3333333333333333,0.0
USDT,2018-11-06,0.9913,0.9987,0.9869,0.9909,0.9920142857142856,0.9835699999999999,0.98741,0.9891071501961373,0.9864111364592676,0.0026960137368696735,0.0012545861081968478,0.0014414276286728257,66.37554585152833,0.9835699999999999,0.00947906835306536,1.0025281367061307,0.9646118632938693,-0.00040351054171283707,0.005777262690441732,0.005490286882321495,0.0,0.0,0.0,0.0,0.0,0,0.0,0.0,0.3333333333333333,0.0
USDT,2018-11-07,0.9909,0.9977,0.9819,0.9911,0.9919999999999999,0.9849249999999999,0.987276,0.9894137424736547,0.986758459684507,0.002655282789147617,0.0015347254443870018,0.0011205573447606153,65.079365079365,0.9849249999999999,0.008411137666337953,1.001747275332676,0.968102724667324,0.0002018367140983468,0.0057577894724261,0.0054899497765901785,0.0,0.0,0.0,0.0,0.0,0,0.0,0.0,0.3333333333333333,0.0
USDT,2018-11-08,0.9911,0.9956,0.9882,0.9896,0.9919,0.9856,0.987098,0.9894423974777078,0.9869689441523213,0.00247345332538651,0.0017224710205869037,0.0007509823047996062,63.77777777777785,0.9856,0.008204812451750913,1.0020096249035018,0.9691903750964982,-0.0015134698819493364,0.005778210894569017,0.005470692656751646,0.0,0.0,0.0,0.0,0.0,0,0.0,0.0,0.3333333333333333,0.0
USDT,2018-11-09,0.9896,0.9966,0.9862,0.9876,0.9916714285714285,0.9863650000000002,0.9868739999999999,0.9891589517119066,0.9870156890299271,0.0021432626819795075,0.0018066293528654245,0.000336633329114083,60.98081023454166,0.9863650000000002,0.0075896934963415475,1.0015443869926832,0.9711856130073171,-0.0020210185933711156,0.005815220929818119,0.00528185337477785,0.0,0.0,0.0,0.0,0.0,0,0.0,0.0,0.3333333333333333,0.0
USDT,2018-11-10,0.9876,0.9986,0.9856,0.9865,0.989742857142857,0.98702,0.98663,0.9887498822177672,0.9869774898425251,0.0017723923752420712,0.001799781957340754,-2.73895820986829e-05,45.0424929178471,0.98702,0.006950244221380443,1.000920488442761,0.9731195115572391,-0.0011138112596192906,0.003136984504559319,0.005280908513913142,0.0,0.0,0.0,0.0,0.0,0,0.0,0.0,0.3333333333333333,0.0
USDT,2018-11-11,0.9865,1.0,0.9861,0.9866,0.9890857142857142,0.9876950000000001,0.98638,0.9884191311073415,0.9869495276319676,0.0014696034753738374,0.001733746260947371,-0.0002641427855735335,45.19774011299441,0.9876950000000001,0.006134928044016104,0.9999648560880323,0.9754251439119679,0.00010136847440445074,0.0008901122534101683,0.005275216633970053,0.0,0.0,0.0,0.0,0.0,0,0.0,0.0,0.3333333333333333,0.0
USDT,2018-11-12,0.9866,0.9953,0.9803,0.981,0.9876142857142857,0.9879499999999999,0.9860080000000001,0.9872777263215966,0.9865088218814515,0.0007689044401451017,0.0015407778967869172,-0.0007718734566418155,41.34366925064595,0.9879499999999999,0.0057101479379852394,0.9993702958759704,0.9765297041240294,-0.005676059193188809,0.002021647903875997,0.005368499718705616,0.0,0.0,0.0,0.0,0.0,0,0.0,0.0,0.3333333333333333,0.0
USDT,2018-11-13,0.981,0.9909,0.9691,0.9702,0.9846571428571428,0.9875700000000001,0.985442,0.9846503838105818,0.985300761001344,-0.0006503771907622191,0.00110254687927709,-0.001752924070039309,25.055928411633047,0.9875700000000001,0.0066040737029258,1.0007781474058517,0.9743618525941484,-0.011009174311926606,0.00403947528923659,0.005686118776680626,0.0,0.0,0.0,0.0,0.0,0,0.0,0.0,0.3333333333333333,0.0
USDT,2018-11-14,0.9702,0.9804,0.9413,0.9526,0.979157142857143,0.98634,0.98452,0.9797195555320307,0.9828784824086518,-0.0031589268766211154,0.0002502521280974489,-0.003409179004718564,18.360655737704917,0.98634,0.010036166179320441,1.006412332358641,0.9662676676413591,-0.01814058956916098,0.0066916291396121414,0.006544623580350469,0.0,0.0,0.0,0.0,0.0,0,0.0,0.0,0.3333333333333333,0.0
USDT,2018-11-15,0.9526,0.9798,0.9462,0.9728,0.9767571428571429,0.9861150000000001,0.9840059999999999,0.9786550085271029,0.9821319281561591,-0.0034769196290562743,-0.0004951822233332957,-0.0029817374057229786,39.10336239103364,0.9861150000000001,0.010296564322243249,1.0067081286444866,0.9655218713555136,0.02120512282175091,0.012232948294177188,0.007332340755831812,0.0,0.0,0.0,0.0,0.0,0,0.0,0.0,0.3333333333333333,0.0
USDT,2018-11-16,0.9728,0.9851,0.9702,0.977,0.9752428571428571,0.9854649999999999,0.9836020000000001,0.9784003918306254,0.9817517853297769,-0.0033513934991514782,-0.0010664244784969322,-0.002284969020654546,42.68585131894485,0.9854649999999999,0.010447627532249457,1.0063602550644988,0.964569744935501,0.0043174342105263275,0.012495645252624296,0.007357785484445234,0.0,0.0,0.0,0.0,0.0,0,0.0,0.0,0.3333333333333333,0.0
USDT,2018-11-17,0.977,0.9949,0.9761,0.9797,0.9742714285714287,0.9849500000000001,0.9831960000000001,0.9786003315489907,0.9815998012312749,-0.0029994696822841505,-0.001453033519254376,-0.0015464361630297744,36.520584329349276,0.9849500000000001,0.01046616101136291,1.005882322022726,0.9640176779772743,0.0027635619242578624,0.012599760851280943,0.00729089856976063,0.0,0.0,0.0,0.0,0.0,0,0.0,0.0,0.3333333333333333,0.0
USDT,2018-11-18,0.9797,0.9905,0.9779,0.9837,0.9738571428571429,0.98475,0.982924,0.9793848959260691,0.9817553715104397,-0.002370475584370535,-0.001636521932277608,-0.000733953652092927,44.68085106382981,0.98475,0.010449049314599407,1.005648098629199,0.9638519013708012,0.004082882515055619,0.012742598840966528,0.006967526647089517,0.0,0.0,0.0,0.0,0.0,0,0.0,0.0,0.3333333333333333,0.0
USDT,2018-11-19,0.9837,0.995,0.9654,0.9659,0.9717,0.98342,0.9823139999999999,0.9773102965528278,0.9805808995467034,-0.0032706029938756043,-0.0019633381445972073,-0.001307264849278397,35.60090702947846,0.98342,0.011084251511894069,1.005588503023788,0.9612514969762118,-0.018094947646640325,0.014368381506279122,0.007704463446862555,0.0,0.0,0.0,0.0,0.0,0,0.0,0.0,0.3333333333333333,0.0
USDT,2018-11-20,0.9659,0.9734,0.9315,0.9527,0.9692,0.981495,0.981474,0.9735240970831619,0.978515647728429,-0.004991550645267129,-0.002568980644731192,-0.002422570000535937,31.08910891089107,0.981495,0.012862490345757656,1.0072199806915154,0.9557700193084847,-0.013666010974220932,0.0146740119909798,0.008081311534688137,0.0,0.0,0.0,0.0,0.0,0,0.0,0.0,0.3333333333333333,0.0
USDT,2018-11-21,0.9527,0.9766,0.9507,0.9705,0.9717571428571429,0.980505,0.9810519999999999,0.97305885137806,0.9779218960448417,-0.0048630446667816685,-0.0030277934491412875,-0.001835251217640381,41.31534569983139,0.980505,0.012911010193261213,1.0063270203865224,0.9546829796134775,0.018683740946782823,0.014734914760181147,0.008821780264724731,0.0,0.0,0.0,0.0,0.0,0,0.0,0.0,0.3333333333333333,0.0
USDT,2018-11-22,0.9709,0.9903,0.9705,0.9751,0.9720857142857143,0.9798,0.9806939999999998,0.9733728742429738,0.9777128667081868,-0.004339992465212994,-0.003290233252355629,-0.001049759212857365,44.0427280197206,0.9798,0.012795681837408155,1.0053913636748164,0.9542086363251837,0.004739824832560524,0.012433431109543225,0.008849612237281227,0.0,0.0,0.0,0.0,0.0,0,0.0,0.0,0.3333333333333333,0.0
USDT,2018-11-23,0.9751,0.9777,0.9691,0.9718,0.9713428571428572,0.9783899999999999,0.9802580000000001,0.9731308935902087,0.9772748765816545,-0.004143982991445805,-0.0034609832001736645,-0.0006829997912721404,43.5772357723577,0.9783899999999999,0.011980374302208363,1.0023507486044165,0.9544292513955831,-0.00338426828017635,0.012369991823799296,0.008862903407500131,0.0,0.0,0.0,0.0,0.0,0,0.0,0.0,0.3333333333333333,0.0
USDT,2018-11-24,0.9718,0.9804,0.9588,0.9593,0.9684285714285714,0.9767950000000001,0.9795940000000001,0.9710030638070997,0.9759434042422727,-0.004940340435172996,-0.003756854647173531,-0.0011834857879994653,39.88095238095238,0.9767950000000001,0.012304277176740703,1.0014035543534814,0.9521864456465187,-0.012862728956575364,0.013033697061225593,0.009161305315902493,0.0,0.0,0.0,0.0,0.0,0,0.0,0.0,0.3333333333333333,0.0
USDT,2018-11-25,0.9593,0.9727,0.9465,0.9698,0.9664428571428572,0.9757200000000001,0.9791359999999999,0.9708179770675459,0.9754883372613635,-0.004670360193817613,-0.003939555756502348,-0.0007308044373152654,44.19889502762429,0.9757200000000001,0.01190296734343588,0.9995259346868719,0.9519140653131284,0.010945481079954078,0.013879646146425222,0.00939976318936904,0.0,0.0,0.0,0.0,0.0,0,0.0,0.0,0.3333333333333333,0.0
USDT,2018-11-26,0.9698,0.9721,0.954,0.9639,0.9661571428571429,0.9743700000000001,0.978536,0.969753672903308,0.9746299419086699,-0.004876269005361866,-0.004126898406274252,-0.0007493705990876147,44.10751206064783,0.9743700000000001,0.01161841097931039,0.9976068219586208,0.9511331780413793,-0.006083728603835881,0.012190487185179826,0.009116394375533928,0.0,0.0,0.0,0.0,0.0,0,0.0,0.0,0.3333333333333333,0.0
USDT,2018-11-27,0.9639,0.9751,0.9629,0.9709,0.9687571428571429,0.9733600000000001,0.978086,0.9699300309181837,0.974353649915435,-0.0044236189972513,-0.004186242524469661,-0.00023737647278163857,50.24769992922861,0.9733600000000001,0.010946059132229402,0.9952521182644589,0.9514678817355413,0.0072621641249093205,0.01083812705521002,0.0092353856941089,0.0,0.0,0.0,0.0,0.0,0,0.0,0.0,0.3333333333333333,0.0
USDT,2018-11-28,0.9709,0.9901,0.9698,0.986,0.9709714285714286,0.9731799999999999,0.977996,0.9724023338538478,0.9752163425142917,-0.0028140086604439007,-0.003911795751664509,0.0010977870912206086,62.03170028818444,0.9731799999999999,0.010691590399145688,0.9945631807982913,0.9517968192017086,0.015552580080337775,0.010111515827257873,0.009686549395856657,0.0,0.0,0.0,0.0,0.0,0,0.0,0.0,0.3333333333333333,0.0
USDT,2018-11-29,0.986,0.9949,0.9835,0.9868,0.972642857142857,0.9731399999999999,0.978078,0.9746173594147943,0.9760743912169367,-0.0014570318021424056,-0.0034208429617600886,0.001963811159617683,55.86264656616416,0.9731399999999999,0.010636154825576317,0.9944123096511526,0.9518676903488472,0.0008113590263691961,0.0100630755704104,0.009644445321325733,0.0,0.0,0.0,0.0,0.0,0,0.0,0.0,0.3333333333333333,0.0
USDT,2018-11-30,0.9868,0.9926,0.9798,0.9843,0.9744285714285714,0.97303,0.9781339999999998,0.9761069964279029,0.9766836955712377,-0.0005766991433348023,-0.0028520141980750316,0.0022753150547402293,53.101104502973655,0.97303,0.01050123301030826,0.9940324660206165,0.9520275339793834,-0.0025334414268343153,0.009995656609695227,0.009652116677408291,0.0,0.0,0.0,0.0,0.0,0,0.0,0.0,0.3333333333333333,0.0
USDT,2018-12-01,0.9842,1.01,0.981,0.9885,0.9786,0.9731249999999999,0.9782959999999999,0.9780136123620716,0.9775589773807757,0.0004546349812959427,-0.0021906843622008366,0.0026453193434967793,53.69127516778525,0.9731249999999999,0.010638157487872987,0.9944013149757459,0.9518486850242539,0.004266991770801587,0.007596542357730461,0.009684989487592081,0.0,0.0,0.0,0.0,0.0,0,0.0,0.0,0.3333333333333333,0.0
USDT,2018-12-02,0.9884,1.01,0.9823,0.9859,0.9809,0.9733700000000001,0.9784479999999999,0.9792269027679068,0.9781768309081257,0.001050071859781121,-0.0015425331178044452,0.0025926049775855664,50.93378607809847,0.9733700000000001,0.0108826805908311,0.9951353611816622,0.9516046388183379,-0.002630247850278211,0.007351336927296768,0.00969488384016388,0.0,0.0,0.0,0.0,0.0,0,0.0,0.0,0.3333333333333333,0.0
USDT,2018-12-03,0.9859,1.02,0.9812,0.9888,0.9844571428571428,0.9743,0.978744,0.9806996869574596,0.9789637323223386,0.0017359546351209953,-0.0008868355672193572,0.0026227902023403526,61.12730806608358,0.9743,0.011380870376481096,0.9970617407529623,0.9515382592470378,0.0029414747946039377,0.006342109075068209,0.009490485702607462,0.0,0.0,0.0,0.0,0.0,0,0.0,0.0,0.3333333333333333,0.0
USDT,2018-12-04,0.9888,1.02,0.9829,0.9867,0.9867142857142858,0.976005,0.9790719999999999,0.9816228120409274,0.9795367891873505,0.002086022853576841,-0.0002922638830601176,0.0023782867366369588,68.5185185185185,0.976005,0.010477267371738737,0.9969595347434775,0.9550504652565225,-0.0021237864077670032,0.006446730149983895,0.009362482623908354,0.0,0.0,0.0,0.0,0.0,0,0.0,0.0,0.3333333333333333,0.0
USDT,2018-12-05,0.9867,1.02,0.9799,0.9835,0.9863571428571428,0.97654,0.979562,0.9819116101884771,0.9798303603586579,0.002081249829819165,0.00018243885951573895,0.001898810970303426,58.41968911917098,0.97654,0.01057770246668148,0.997695404933363,0.955384595066637,-0.003243133677916288,0.003027158561410765,0.00937978400161015,0.0,0.0,0.0,0.0,0.0,0,0.0,0.0,0.3333333333333333,0.0
USDT,2018-12-06,0.9835,1.01,0.9796,0.984,0.9859571428571429,0.97689,0.980084,0.9822329009287114,0.9801392225543129,0.0020936783743985554,0.0005646867624923023,0.001528991611906253,56.08755129958961,0.97689,0.010708722465451303,0.9983074449309026,0.9554725550690975,0.0005083884087442314,0.003009757325549155,0.009380649028791736,0.0,0.0,0.0,0.0,0.0,0,0.0,0.0,0.3333333333333333,0.0
USDT,2018-12-07,0.984,0.9971,0.98,0.9954,0.9875428571428572,0.977675,0.980712,0.9842586084781404,0.9812696505132527,0.0029889579648877396,0.0010495410029713898,0.0019394169619163498,64.53201970443345,0.977675,0.011473671233694364,1.0006223424673888,0.9547276575326112,0.011585365853658436,0.005244481165125234,0.009624136658022243,0.0,0.0,0.0,0.0,0.0,0,0.0,0.0,0.3333333333333333,0.0
USDT,2018-12-08,0.9954,0.9996,0.988,0.995,0.9884714285714286,0.9782399999999999,0.9810899999999999,0.9859111302507342,0.982286713438197,0.0036244168125372234,0.0015645161648845567,0.0020599006476526667,75.83212735166421,0.9782399999999999,0.01204973902316044,1.0023394780463208,0.954140521953679,-0.0004018485031143104,0.00514697604272801,0.009619494566988135,0.0,0.0,0.0,0.0,0.0,0,0.0,0.0,0.3333333333333333,0.0
USDT,2018-12-09,0.995,1.02,0.9919,0.9963,0.9899571428571428,0.9797600000000001,0.9815699999999999,0.9875094179044673,0.9833247346649971,0.004184683239470188,0.002088549579801683,0.002096133659668505,72.12020033388976,0.9797600000000001,0.01232542942563381,1.0044108588512677,0.9551091411487325,0.0013065326633165952,0.004899975999021665,0.009611871815730897,0.0,0.0,0.0,0.0,0.0,0,0.0,0.0,0.3333333333333333,0.0
USDT,2018-12-10,0.9963,1.02,0.9922,0.995,0.9908428571428571,0.9818750000000002,0.9820019999999999,0.9886618151499339,0.9841895691342566,0.004472246015677306,0.002565288866976808,0.001906957148700498,78.11934900542497,0.9818750000000002,0.010995112550582196,1.0038652251011646,0.9598847748988357,-0.001304827863093383,0.004955812857078788,0.009612929242042162,0.0,0.0,0.0,0.0,0.0,0,0.0,0.0,0.3333333333333333,0.0
USDT,2018-12-11,0.995,1.03,0.9871,0.9929,0.9917285714285714,0.9829950000000001,0.982398,0.9893138435884056,0.9848347862354228,0.004479057352982818,0.00294804256417801,0.0015310147888048082,71.82539682539684,0.9829950000000001,0.010916017926349999,1.0048270358527,0.9611629641473001,-0.002110552763819107,0.004954467751669726,0.009623225606706651,0.0,0.0,0.0,0.0,0.0,0,0.0,0.0,0.3333333333333333,0.0
USDT,2018-12-12,0.9929,0.999,0.9893,0.9949,0.9933571428571428,0.983985,0.982778,0.9901732522671124,0.9855803576253914,0.004592894641720968,0.003277012979686602,0.0013158816620343662,61.930294906166246,0.983985,0.011059231675986093,1.006103463351972,0.9618665366480278,0.0020143015409406217,0.004607023329473776,0.009561965679021407,0.0,0.0,0.0,0.0,0.0,0,0.0,0.0,0.3333333333333333,0.0
USDT,2018-12-13,0.9949,1.02,0.9864,0.9892,0.9941000000000001,0.9848550000000001,0.9830059999999999,0.9900235211490951,0.9858484792827699,0.004175041866325224,0.0034566187570143265,0.0007184231093108977,52.84360189573455,0.9848550000000001,0.010729716482249307,1.0063144329644989,0.9633955670355016,-0.005729219016986642,0.005400983445895183,0.009389607584512308,0.0,0.0,0.0,0.0,0.0,0,0.0,0.0,0.3333333333333333,0.0
USDT,2018-12-14,0.9892,1.02,0.986,0.9916,0.9935571428571429,0.98647,0.9832940000000001,0.9902660563569267,0.9862745178544166,0.003991538502510106,0.0035636027061134827,0.0004279357963966231,58.66983372921624,0.98647,0.008966845364422056,1.004403690728844,0.9685363092711559,0.0024262029923169948,0.0028498866378156777,0.008692309433189268,0.0,0.0,0.0,0.0,0.0,0,0.0,0.0,0.3333333333333333,0.0
USDT,2018-12-15,0.9916,1.02,0.9874,0.9922,0.9931571428571428,0.98759,0.983592,0.9905635861481688,0.9867134424577931,0.003850143690375618,0.00362091090296591,0.00022923278740970797,54.80519480519473,0.98759,0.008135490798120457,1.003860981596241,0.971319018403759,0.0006050826946348842,0.0028834005303311574,0.00784403429172206,0.0,0.0,0.0,0.0,0.0,0,0.0,0.0,0.3333333333333333,0.0
USDT,2018-12-16,0.9921,1.02,0.9691,0.9911,0.9924142857142858,0.98895,0.983614,0.9906461113561428,0.9870383726461047,0.0036077387100380554,0.0036182764643803394,-1.0537754342284083e-05,57.02702702702704,0.98895,0.005945586598477123,1.0008411731969542,0.9770588268030458,-0.0011086474501108556,0.002788243451297191,0.007819984911269933,0.0,0.0,0.0,0.0,0.0,0,0.0,0.0,0.3333333333333333,0.0
USDT,2018-12-17,0.9911,1.02,0.9882,0.9979,0.9928285714285714,0.9903000000000001,0.9837719999999999,0.9917620942244285,0.9878429376352822,0.003919156589146322,0.003678452489333536,0.00024070409981278608,61.12469437652816,0.9903000000000001,0.004527692569068146,0.9993553851381364,0.9812446148618638,0.006861063464837169,0.003971597272384516,0.007896164110402837,0.0,0.0,0.0,0.0,0.0,0,0.0,0.0,0.3333333333333333,0.0
USDT,2018-12-18,0.9979,0.9994,0.9945,0.9988,0.9936714285714284,0.9909399999999999,0.983994,0.9928448489591318,0.9886545718845205,0.004190277074611282,0.0037808174063890853,0.00040945966822219636,65.2392947103275,0.9909399999999999,0.0047852184683116195,1.0005104369366231,0.9813695630633767,0.0009018939773524082,0.0038113413435905035,0.007869704657789673,0.0,0.0,0.0,0.0,0.0,0,0.0,0.0,0.3333333333333333,0.0
USDT,2018-12-19,0.9988,1.01,0.9973,1.0,0.9944,0.9916,0.984144,0.9939456414269577,0.9894949739671487,0.0044506674598090434,0.003914787417073077,0.0005358800427359665,71.88328912466847,0.9916,0.005085065853736917,1.0017701317074739,0.9814298682925262,0.0012014417300760805,0.003782333077981309,0.007039012900772845,0.0,0.0,0.0,0.0,0.0,0,0.0,0.0,0.3333333333333333,0.0
USDT,2018-12-20,1.0,1.01,1.0,1.01,0.9973714285714286,0.992885,0.98452,0.9964155427458873,0.9910138647843969,0.005401677961490381,0.004212165525956538,0.0011895124355338427,77.54237288135602,0.992885,0.006255715281581596,1.0053964305631633,0.9803735694368368,0.010000000000000009,0.003968389779488067,0.0066320870520094905,0.0,0.0,0.0,0.0,0.0,0,0.0,0.0,0.3333333333333333,0.0
USDT,2018-12-21,1.01,1.02,1.0,1.0,0.9985714285714286,0.99346,0.984714,0.9969669977080585,0.9916795044299971,0.005287493278061439,0.004427231076377518,0.000860262201683921,55.02183406113543,0.99346,0.006359112814652561,1.006178225629305,0.9807417743706949,-0.00990099009900991,0.006304609684327077,0.006186422788394598,0.0,0.0,0.0,0.0,0.0,0,0.0,0.0,0.3333333333333333,0.0
USDT,2018-12-22,1.0,1.01,0.9989,1.0,0.9996857142857143,0.994165,0.98493,0.9974336134452803,0.9922958374351825,0.005137776010097794,0.004569340063121574,0.0005684359469762205,55.506607929515425,0.994165,0.006257650054975361,1.0066803001099507,0.9816496998900492,0.0,0.006318623577142328,0.006148478483678076,0.0,0.0,0.0,0.0,0.0,0,0.0,0.0,0.3333333333333333,0.0
USDT,2018-12-23,1.0,1.01,1.0,1.0,1.0009571428571429,0.9947250000000001,0.98493,0.9978284421460064,0.9928665161436875,0.004961926002318928,0.0046478572509610445,0.0003140687513578837,54.19501133786852,0.9947250000000001,0.006253409596288717,1.0072318191925775,0.9822181808074226,0.0,0.0062666527073212365,0.006098784409129521,0.0,0.0,0.0,0.0,0.0,0,0.0,0.0,0.3333333333333333,0.0
USDT,2018-12-24,1.0,1.01,1.0,1.0,1.001257142857143,0.9953900000000001,0.9851059999999999,0.9981625279696977,0.9933949223552662,0.004767605614431569,0.0046718069236551495,9.579869077641981e-05,55.841121495327094,0.9953900000000001,0.00605925998608392,1.007508519972168,0.9832714800278323,0.0,0.005767633486072676,0.005517034616104591,0.0,0.0,0.0,0.0,0.0,0,0.0,0.0,0.3333333333333333,0.0
USDT,2018-12-25,1.0,1.01,1.0,1.01,1.002857142857143,0.996715,0.98548,0.9999836775128211,0.994624928106728,0.005358749406093155,0.004809195420142751,0.0005495539859504042,66.86390532544377,0.996715,0.006217739900775704,1.0091504798015514,0.9842795201984487,0.010000000000000009,0.006846290728656633,0.0054630662894737695,0.0,0.0,0.0,0.0,0.0,0,0.0,0.0,0.3333333333333333,0.0
USDT,2018-12-26,1.01,1.02,1.01,1.01,1.0042857142857142,0.998015,0.985862,1.0015246502031563,0.9957638223210444,0.005760827882111852,0.004999521912536571,0.0007613059695752806,65.50308008213551,0.998015,0.006136883745459149,1.0102887674909182,0.9857412325090816,0.0,0.006873373805255707,0.005286949400671898,0.0,0.0,0.0,0.0,0.0,0,0.0,0.0,0.3333333333333333,0.0
USDT,2018-12-27,1.01,1.01,1.0,1.01,1.0042857142857142,0.9987449999999999,0.98624,1.0028285501719014,0.9968183540009671,0.0060101961709343454,0.005201656764216127,0.0008085394067182186,74.18604651162794,0.9987449999999999,0.006655862077899409,1.0120567241557987,0.985433275844201,0.0,0.005744971779996929,0.005182655214261617,0.0,0.0,0.0,0.0,0.0,0,0.0,0.0,0.3333333333333333,0.0
USDT,2018-12-28,1.01,1.02,1.01,1.01,1.0057142857142856,0.9994950000000001,0.986648,1.003931850145455,0.9977947722231176,0.0061370779223374194,0.005388740995840385,0.0007483369264970341,72.66009852216747,0.9994950000000001,0.007045377357195604,1.0135857547143914,0.9854042452856089,0.0,0.003779644730092311,0.004434806416643846,0.0,0.0,0.0,0.0,0.0,0,0.0,0.0,0.3333333333333333,0.0
USDT,2018-12-29,1.01,1.02,1.01,1.01,1.0071428571428571,1.0001799999999998,0.9870960000000001,1.004865411661539,0.9986988631695534,0.006166548491985613,0.005544302495069431,0.000622245996916182,72.25000000000003,1.0001799999999998,0.007376605980360941,1.0149332119607217,0.985426788039278,0.0,0.003779644730092311,0.00443728028338015,0.0,0.0,0.0,0.0,0.0,0,0.0,0.0,0.3333333333333333,0.0
USDT,2018-12-30,1.01,1.01,1.0,1.01,1.0085714285714287,1.0009299999999999,0.987566,1.0056553483289945,0.9995359844162531,0.006119363912741371,0.005659314778603819,0.00046004913413755233,74.29305912596402,1.0009299999999999,0.007581910604925229,1.0160938212098503,0.9857661787901494,0.0,0.003779644730092311,0.004395873821403111,0.0,0.0,0.0,0.0,0.0,0,0.0,0.0,0.3333333333333333,0.0
USDT,2018-12-31,1.01,1.01,1.0,1.0,1.0085714285714287,1.001285,0.987834,1.0047852947399185,0.9995703559409751,0.005214938798943414,0.005570439582671738,-0.00035550078372832434,52.494061757719706,1.001285,0.007348775408190533,1.0159825508163811,0.986587449183619,-0.00990099009900991,0.005744971779996929,0.004763867275842969,0.0,0.0,0.0,0.0,0.0,0,0.0,0.0,0.3333333333333333,0.0
USDT,2019-01-01,1.0,1.01,0.9971,1.0,1.0071428571428571,1.0015399999999999,0.9882139999999999,1.0040490955491619,0.9996021814268288,0.004446914122333112,0.005345734490604014,-0.0008988203682709014,51.45631067961162,1.0015399999999999,0.007202587254446934,1.0159451745088937,0.987134825491106,0.0,0.0037422225050419,0.004730325770651857,0.0,0.0,0.0,0.0,0.0,0,0.0,0.0,0.3333333333333333,0.0
USDT,2019-01-02,1.0,1.02,1.0,1.01,1.0071428571428571,1.0025799999999998,0.98901,1.0049646193108293,1.0003723902100266,0.004592229100802703,0.005195033412643752,-0.0006028043118410488,60.0,1.0025799999999998,0.006818442483057751,1.0162168849661153,0.9889431150338843,0.010000000000000009,0.005744971779996929,0.005023236150902958,0.0,0.0,0.0,0.0,0.0,0,0.0,0.0,0.3333333333333333,0.0
USDT,2019-01-03,1.01,1.01,1.0,1.01,1.0071428571428573,1.0035,0.9901580000000001,1.0057392932630094,1.0010855464907653,0.004653746772244061,0.005086776084563814,-0.0004330293123197531,50.0,1.0035,0.006492505801228082,1.0164850116024562,0.9905149883975439,0.0,0.005744971779996929,0.004996678256025595,0.0,0.0,0.0,0.0,0.0,0,0.0,0.0,0.3333333333333333,0.0
USDT,2019-01-04,1.01,1.01,1.0,1.01,1.0071428571428573,1.0043900000000001,0.9909020000000001,1.0063947866071619,1.0017458763803382,0.004648910226823677,0.004999202913015787,-0.0003502926861921095,66.66666666666666,1.0043900000000001,0.006068113380618051,1.0165262267612363,0.992253773238764,0.0,0.005744971779996929,0.0049411787434696045,0.0,0.0,0.0,0.0,0.0,0,0.0,0.0,0.3333333333333333,0.0
USDT,2019-01-05,1.01,1.02,1.0,1.01,1.0071428571428571,1.005335,0.9915619999999999,1.0069494348214447,1.0023572929447575,0.004592141876687217,0.004917790705750073,-0.0003256488290628561,66.66666666666666,1.005335,0.005314357415236685,1.0159637148304734,0.9947062851695267,0.0,0.005744971779996929,0.004943433864075476,0.0,0.0,0.0,0.0,0.0,0,0.0,0.0,0.3333333333333333,0.0
USDT,2019-01-06,1.01,1.02,1.0,1.01,1.0071428571428571,1.00594,0.9921679999999999,1.0074187525412224,1.0029234193932939,0.004495333147928493,0.004833299194185757,-0.00033796604625726395,66.66666666666666,1.00594,0.0051081359253273804,1.0161562718506547,0.9957237281493453,0.0,0.005744971779996929,0.0045121244323533686,0.0,0.0,0.0,0.0,0.0,0,0.0,0.0,0.3333333333333333,0.0
USDT,2019-01-07,1.01,1.01,1.01,1.01,1.0085714285714287,1.0065,0.9926940000000001,1.0078158675348805,1.0034476105493462,0.004368256985534336,0.004740290752455473,-0.0003720337669211376,66.66666666666666,1.0065,0.004893604849300346,1.0162872096986006,0.9967127903013993,0.0,0.003779644730092311,0.004509965180444236,0.0,0.0,0.0,0.0,0.0,0,0.0,0.0,0.3333333333333333,0.0
USDT,2019-01-08,1.01,1.01,1.01,1.01,1.01,1.0070000000000001,0.993576,1.0081518879141296,1.0039329727308761,0.004218915183253458,0.00463601563861507,-0.00041710045536161224,50.0,1.0070000000000001,0.004701623459821051,1.0164032469196422,0.997596753080358,0.0,0.003779644730092311,0.004508303278821032,0.0,0.0,0.0,0.0,0.0,0,0.0,0.0,0.3333333333333333,0.0
USDT,2019-01-09,1.01,1.01,1.0,1.01,1.01,1.0070000000000001,0.994722,1.0084362128504174,1.0043823821582185,0.00405383069219889,0.004519578649331834,-0.00046574795713294394,50.0,1.0070000000000001,0.004701623459821051,1.0164032469196422,0.997596753080358,0.0,0.0,0.004496918189862515,0.0,0.0,0.0,0.0,0.0,0,0.0,0.0,0.3333333333333333,0.0
USDT,2019-01-10,1.01,1.01,1.0,1.01,1.01,1.0075,0.995512,1.0086767954888147,1.0047985019983505,0.003878293490464202,0.0043913216175583076,-0.0005130281270941056,50.0,1.0075,0.00444261658319844,1.016385233166397,0.9986147668336032,0.0,0.0,0.004470963528613453,0.0,0.0,0.0,0.0,0.0,0,0.0,0.0,0.3333333333333333,0.0
USDT,2019-01-11,1.01,1.01,1.0,1.01,1.01,1.0079999999999998,0.99621,1.0088803654136125,1.005183798146621,0.003696567266991524,0.004252370747444951,-0.0005558034804534267,50.0,1.0079999999999998,0.004103913408346493,1.0162078268166927,0.9997921731833068,0.0,0.0,0.004463784746306649,0.0,0.0,0.0,0.0,0.0,0,0.0,0.0,0.3333333333333333,0.0
USDT,2019-01-12,1.01,1.01,1.01,1.01,1.01,1.0085,0.996974,1.0090526168884413,1.005540553839464,0.003512063048977332,0.004104309207751427,-0.0005922461587740948,50.0,1.0085,0.003663475485332038,1.015826950970664,1.0011730490293358,0.0,0.0,0.004307381958155208,0.0,0.0,0.0,0.0,0.0,0,0.0,0.0,0.3333333333333333,0.0
USDT,2019-01-13,1.01,1.03,1.01,1.01,1.01,1.0090000000000001,0.997988,1.0091983681363734,1.0058708831846888,0.003327484951684667,0.003948944356538075,-0.0006214594048534082,50.0,1.0090000000000001,0.0030779350562638273,1.0151558701125278,1.0028441298874724,0.0,0.0,0.004296672354240369,0.0,0.0,0.0,0.0,0.0,0,0.0,0.0,0.3333333333333333,0.0
USDT,2019-01-14,1.01,1.01,1.01,1.01,1.01,1.009,0.9987920000000001,1.0093216961153928,1.0061767436895266,0.00314495242586621,0.0037881459704037024,-0.0006431935445374926,100.0,1.009,0.0030779350562638273,1.0151558701125276,1.0028441298874722,0.0,0.0,0.004298174246269293,0.0,0.0,0.0,0.0,0.0,0,0.0,0.0,0.3333333333333333,0.0
USDT,2019-01-15,1.01,1.01,1.01,1.01,1.01,1.009,0.999714,1.0094260505591786,1.0064599478606728,0.0029661026985057237,0.0036237373160241068,-0.000657634617518383,100.0,1.009,0.0030779350562638273,1.0151558701125276,1.0028441298874722,0.0,0.0,0.004287714339117012,0.0,0.0,0.0,0.0,0.0,0,0.0,0.0,0.3333333333333333,0.0
USDT,2019-01-16,1.01,1.01,1.0,1.0,1.0085714285714287,1.0085000000000002,1.000296,1.0079758889346895,1.0059814332043266,0.001994455730362832,0.003297880998891852,-0.0013034252685290202,0.0,1.0085000000000002,0.003663475485332038,1.0158269509706643,1.001173049029336,-0.00990099009900991,0.0037422225050418997,0.0045339851973698235,0.0,0.0,0.0,0.0,0.0,0,0.0,0.0,0.3333333333333333,0.0
USDT,2019-01-17,1.0,1.0,1.0,1.0,1.0071428571428573,1.008,1.0005760000000001,1.0067488290985833,1.0055383640780802,0.0012104650205031486,0.0028803978032141114,-0.0016699327827109627,0.0,1.008,0.004103913408346493,1.016207826816693,0.999792173183307,0.0,0.0037422225050418997,0.004531336979499588,0.0,0.0,0.0,0.0,0.0,0,0.0,0.0,0.3333333333333333,0.0
USDT,2019-01-18,1.0,1.01,1.0,1.0,1.0057142857142858,1.0075,1.00084,1.0057105476988013,1.0051281148871112,0.0005824328116901256,0.0024208048049093145,-0.0018383719932191889,0.0,1.0075,0.00444261658319844,1.016385233166397,0.9986147668336032,0.0,0.0037422225050418997,0.0045261153090508325,0.0,0.0,0.0,0.0,0.0,0,0.0,0.0,0.3333333333333333,0.0
USDT,2019-01-19,1.0,1.03,1.0,1.0,1.0042857142857142,1.0070000000000001,1.001154,1.0048320018989858,1.004748254525103,8.374737388283648e-05,0.001953393318704019,-0.0018696459448211823,0.0,1.0070000000000001,0.004701623459821051,1.0164032469196422,0.997596753080358,0.0,0.0037422225050418997,0.0041145266640348205,0.0,0.0,0.0,0.0,0.0,0,0.0,0.0,0.3333333333333333,0.0
USDT,2019-01-20,1.0,1.02,0.9973,0.9999,1.0028428571428571,1.006995,1.001382,1.0040732323760648,1.0043891245602805,-0.00031589218421568255,0.0014995362181200785,-0.001815428402335761,0.0,1.006995,0.004709506064171278,1.0164140121283427,0.9975759878716576,-9.999999999998899e-05,0.0037361089754945048,0.0036956119815105305,0.0,0.0,0.0,0.0,0.0,0,0.0,0.0,0.3333333333333333,0.0
USDT,2019-01-21,0.9999,1.02,0.9988,1.0,1.0014142857142858,1.006995,1.0016639999999999,1.0034465812412856,1.004064004222482,-0.0006174229811963805,0.0010761443782567868,-0.0016935673594531673,0.980392156862635,1.006995,0.004709506064171278,1.0164140121283427,0.9975759878716576,0.00010001000100001711,0.0037426685211470485,0.0036956540398626093,0.0,0.0,0.0,0.0,0.0,0,0.0,0.0,0.3333333333333333,0.0
USDT,2019-01-22,1.0,1.01,1.0,1.0,0.9999857142857144,1.0064950000000001,1.0018880000000001,1.0029163379733954,1.0037629668726684,-0.0008466288992730053,0.0006915897227508284,-0.0015382186220238337,0.980392156862635,1.0064950000000001,0.004900641741009809,1.0162962834820197,0.9966937165179806,0.0,0.0037426685211470485,0.0036956540398626093,0.0,0.0,0.0,0.0,0.0,0,0.0,0.0,0.3333333333333333,0.0
USDT,2019-01-23,1.0,1.03,1.0,1.0,0.9999857142857144,1.005995,1.002154,1.002467670592873,1.003484228585804,-0.0010165579929310997,0.0003499601796144428,-0.0013665181725455425,0.980392156862635,1.005995,0.005032575462873411,1.0160601509257468,0.9959298490742532,0.0,5.773791401306282e-05,0.0036956540398626093,0.0,0.0,0.0,0.0,0.0,0,0.0,0.0,0.3333333333333333,0.0
USDT,2019-01-24,1.0,1.01,0.9987,1.0,0.9999857142857144,1.005495,1.002484,1.0020880289632002,1.0032261375794482,-0.0011381086162480791,5.234642044193842e-05,-0.0011904550366900175,0.980392156862635,1.005495,0.0051098949417605136,1.015714789883521,0.995275210116479,0.0,5.773791401306282e-05,0.0031779227178791074,0.0,0.0,0.0,0.0,0.0,0,0.0,0.0,0.3333333333333333,0.0
USDT,2019-01-25,1.0,1.01,0.9979,1.0,0.9999857142857144,1.004995,1.002804,1.0017667937380925,1.0029871644254151,-0.0012203706873226139,-0.00020219700111097203,-0.0010181736862116418,0.980392156862635,1.004995,0.005135067774885759,1.0152651355497715,0.9947248644502286,0.0,5.773791401306282e-05,0.0031779227178791074,0.0,0.0,0.0,0.0,0.0,0,0.0,0.0,0.3333333333333333,0.0
USDT,2019-01-26,1.0,1.03,0.9968,0.9991,0.9998571428571429,1.0044499999999998,1.002878,1.001356517778386,1.0026992263198289,-0.0013427085414428053,-0.0004302993091773387,-0.0009124092322654665,0.9009009009008082,1.0044499999999998,0.005154303260897654,1.014758606521795,0.9941413934782045,-0.0009000000000000119,0.0003450338839058533,0.0031789798461886276,0.0,0.0,0.0,0.0,0.0,0,0.0,0.0,0.3333333333333333,0.0
USDT,2019-01-27,0.9991,1.03,0.9941,0.9964,0.9993571428571428,1.00377,1.002906,1.0005939765817113,1.0022326169628046,-0.0016386403810932926,-0.0006719675235605296,-0.000966672857532763,0.7246376811593365,1.00377,0.005279164606962326,1.0143283292139247,0.9932116707860754,-0.0027024321889701497,0.00103043022650506,0.003206690660866287,0.0,0.0,0.0,0.0,0.0,0,0.0,0.0,0.3333333333333333,0.0
USDT,2019-01-28,0.9964,1.01,0.9947,0.998,0.9990714285714286,1.00317,1.0029400000000002,1.000194903261448,1.0019190897803747,-0.0017241865189265848,-0.0008824113226337406,-0.0008417751962928442,11.038961038961205,1.00317,0.005215372015800175,1.0136007440316002,0.9927392559683995,0.0016057808109193328,0.0012988555907434485,0.0032277387974621796,0.0,0.0,0.0,0.0,0.0,0,0.0,0.0,0.3333333333333333,0.0
USDT,2019-01-29,0.998,1.0,0.9946,0.9961,0.9985142857142858,1.002475,1.002962,0.9995649181443023,1.0014880460929396,-0.0019231279486373598,-0.0010905546478344645,-0.0008325733008028953,9.826589595375879,1.002475,0.005183361538821815,1.0128417230776436,0.9921082769223564,-0.0019038076152304573,0.0014226024603931707,0.0032384373353552508,0.0,0.0,0.0,0.0,0.0,0,0.0,0.0,0.3333333333333333,0.0
USDT,2019-01-30,0.9961,1.01,0.9934,0.9935,0.9975857142857143,1.0016500000000002,1.002974,0.9986318538144096,1.0008963389749441,-0.0022644851605345684,-0.0013253407503744854,-0.000939144410160083,17.17171717171749,1.0016500000000002,0.005235456045086248,1.0121209120901726,0.9911790879098277,-0.002610179700833215,0.0015850186763265155,0.0027405543424366377,0.0,0.0,0.0,0.0,0.0,0,0.0,0.0,0.3333333333333333,0.0
USDT,2019-01-31,0.9935,0.9972,0.9916,0.9936,0.9966714285714285,1.00083,1.002948,0.9978577224583466,1.0003558694212447,-0.0024981469628980735,-0.001559901992879203,-0.0009382449700188705,18.000000000000227,1.00083,0.0051423013484162075,1.0111146026968325,0.9905453973031677,0.00010065425264227379,0.0015952859961250406,0.00274088660687553,0.0,0.0,0.0,0.0,0.0,0,0.0,0.0,0.3333333333333333,0.0
USDT,2019-02-01,0.9936,0.9951,0.9882,0.9911,0.9954000000000001,0.9998850000000001,1.0029860000000002,0.9968180728493702,0.9996702494641154,-0.0028521766147452388,-0.0018183569172524102,-0.0010338196974928285,14.40000000000012,0.9998850000000001,0.005104927959698409,1.010094855919397,0.9896751440806033,-0.002516103059581387,0.0016374752335798221,0.0019801116617922513,0.0,0.0,0.0,0.0,0.0,0,0.0,0.0,0.3333333333333333,0.0
USDT,2019-02-02,0.9911,1.01,0.9899,0.9909,0.9942285714285715,0.99893,1.002972,0.9959076001033133,0.9990206013556624,-0.0031130012523491457,-0.0020772857842717572,-0.0010357154680773885,14.173228346456838,0.99893,0.004895336126304088,1.008720672252608,0.9891393277473918,-0.0002017959842598449,0.0016847189865154826,0.001978248145743298,0.0,0.0,0.0,0.0,0.0,0,0.0,0.0,0.3333333333333333,0.0
USDT,2019-02-03,0.9909,1.01,0.9873,0.9876,0.9929714285714286,0.99781,1.00288,0.9946295077797266,0.9981746308848726,-0.0035451231051459864,-0.002370853248446603,-0.0011742698566993832,11.32075471698127,0.99781,0.004790659772166391,1.0073913195443327,0.9882286804556671,-0.003330305782621834,0.0017928156224936843,0.002034079891527013,0.0,0.0,0.0,0.0,0.0,0,0.0,0.0,0.3333333333333333,0.0
USDT,2019-02-04,0.9876,0.9895,0.9849,0.9866,0.9913428571428572,0.99664,1.00279,0.9933941988905379,0.9973172508193264,-0.003923051928788501,-0.002681292984514983,-0.0012417589442735182,10.119047619047805,0.99664,0.004505832477557131,1.0056516649551142,0.9876283350448857,-0.0010125556905630217,0.001299199927867791,0.0020296824585635236,0.0,0.0,0.0,0.0,0.0,0,0.0,0.0,0.3333333333333333,0.0
USDT,2019-02-05,0.9866,1.0,0.9848,0.9873,0.9900857142857143,0.9960049999999999,1.002578,0.9924566298304551,0.996575232240117,-0.004118602409661887,-0.002968754869544364,-0.0011498475401175226,13.71428571428551,0.9960049999999999,0.004886229307157314,1.0057774586143144,0.9862325413856853,0.0007095073991485457,0.0015598115492052918,0.0020431621067876523,0.0,0.0,0.0,0.0,0.0,0,0.0,0.0,0.3333333333333333,0.0
USDT,2019-02-06,0.9872,0.9964,0.9862,0.9891,0.9894571428571428,0.9954599999999999,1.002384,0.9919402252411543,0.9960215113334416,-0.004081286092287306,-0.003191261114092953,-0.0008900249781943533,21.761658031088004,0.9954599999999999,0.005023146424305847,1.0055062928486116,0.9854137071513882,0.001823154056517895,0.0018039216846596822,0.0020929139264629472,0.0,0.0,0.0,0.0,0.0,0,0.0,0.0,0.3333333333333333,0.0
USDT,2019-02-07,0.9891,0.9962,0.987,0.9883,0.9886999999999999,0.9948750000000001,1.00215,0.991380190588669,0.9954495475309645,-0.004069356942295488,-0.00336688027973346,-0.0007024766625620279,20.895522388059604,0.9948750000000001,0.005146370719153719,1.0051677414383076,0.9845822585616927,-0.0008088160954403678,0.001774834493901733,0.0020888627915354604,0.0,0.0,0.0,0.0,0.0,0,0.0,0.0,0.3333333333333333,0.0
USDT,2019-02-08,0.9883,0.9935,0.9861,0.9883,0.9883,0.99429,1.001716,0.9909063151134891,0.9949199514175597,-0.004013636304070589,-0.003496231484600886,-0.000517404819469703,20.895522388059604,0.99429,0.005197863933742243,1.0046857278674846,0.9838942721325156,0.0,0.001607362779814949,0.0020888627915354604,0.0,0.0,0.0,0.0,0.0,0,0.0,0.0,0.3333333333333333,0.0
USDT,2019-02-09,0.9883,0.9908,0.9877,0.9894,0.9880857142857142,0.993765,1.001504,0.9906745743267985,0.9945110661273702,-0.003836491800571662,-0.0035642835477950417,-0.0002722082527766203,26.108374384236328,0.993765,0.005131253565933753,1.0040275071318676,0.9835024928681325,0.001113022361631133,0.0017084348048768704,0.0021118786771074332,0.0,0.0,0.0,0.0,0.0,0,0.0,0.0,0.3333333333333333,0.0
USDT,2019-02-10,0.989,0.9925,0.9885,0.9904,0.9884857142857143,0.993285,1.001312,0.9906323321226757,0.9942065427105279,-0.0035742105878522334,-0.00356626895580648,-7.941632045753433e-06,33.87096774193543,0.993285,0.004963580520043921,1.003212161040088,0.9833578389599121,0.0010107135637760223,0.001050310185879405,0.002131148812946434,0.0,0.0,0.0,0.0,0.0,0,0.0,0.0,0.3333333333333333,0.0
USDT,2019-02-11,0.9904,0.9931,0.9873,0.988,0.9886857142857143,0.992685,1.001072,0.9902273579499563,0.9937467988060443,-0.0035194408560880186,-0.003556903335862788,3.746247977476922e-05,24.226804123711133,0.992685,0.00483270383075565,1.0023504076615113,0.9830195923384888,-0.0024232633279482885,0.0014331916083836652,0.002151458084852912,0.0,0.0,0.0,0.0,0.0,0,0.0,0.0,0.3333333333333333,0.0
USDT,2019-02-12,0.988,0.9939,0.9856,0.9883,0.9888285714285713,0.9921,1.000838,0.9899308413422707,0.9933433322278188,-0.0034124908855480696,-0.0035280208457998444,0.00011552996025177486,28.089887640449135,0.9921,0.004603316881966648,1.0013066337639334,0.9828933662360667,0.00030364372469637857,0.001417430838814941,0.0021557284593725474,0.0,0.0,0.0,0.0,0.0,0,0.0,0.0,0.3333333333333333,0.0
USDT,2019-02-13,0.9883,1.0,0.9879,0.9902,0.9889857142857144,0.99161,1.0004419999999998,0.9899722503665368,0.9931104928035359,-0.003138242436999117,-0.003450065164039699,0.00031182272704058205,40.35087719298217,0.99161,0.004224103766669041,1.0000582075333382,0.9831617924666619,0.0019224931700900783,0.0014373838640822111,0.0022059056341211477,0.0,0.0,0.0,0.0,0.0,0,0.0,0.0,0.3333333333333333,0.0
USDT,2019-02-14,0.9902,0.9919,0.9889,0.9902,0.9892571428571427,0.9911199999999999,1.000046,0.990007288771685,0.9928949007440148,-0.0028876119723297844,-0.003337574525697716,0.0004499625533679317,39.99999999999974,0.9911199999999999,0.0037403349132351057,0.9986006698264701,0.9836393301735297,0.0,0.0013778294979097622,0.0022059056341211477,0.0,0.0,0.0,0.0,0.0,0,0.0,0.0,0.3333333333333333,0.0
USDT,2019-02-15,0.9902,0.9924,0.9889,0.9904,0.9895571428571428,0.990685,0.999654,0.9900677058837334,0.9927100932814952,-0.0026423873977617918,-0.0031985371001105314,0.0005561497023487396,47.61904761904748,0.990685,0.0032352133257583723,0.9971554266515168,0.9842145733484833,0.00020197939810140397,0.0013732122271671327,0.0013519630776312496,0.0,0.0,0.0,0.0,0.0,0,0.0,0.0,0.3333333333333333,0.0
USDT,2019-02-16,0.9904,1.0,0.9898,0.9904,0.9896999999999999,0.9903849999999998,0.9992620000000001,0.9901188280554667,0.9925389752606437,-0.0024201472051770256,-0.0030428591211238303,0.0006227119159468047,48.2758620689653,0.9903849999999998,0.002942300388973459,0.9962696007779468,0.9845003992220529,0.0,0.001327615839468837,0.0013519630776312496,0.0,0.0,0.0,0.0,0.0,0,0.0,0.0,0.3333333333333333,0.0
USDT,2019-02-17,0.9904,0.9909,0.9877,0.9892,0.9895285714285713,0.989945,0.9988459999999999,0.9899774698930872,0.9922916437598552,-0.002314173866768021,-0.0028971220702526685,0.0005829482034846473,56.451612903225616,0.989945,0.0023399224008736493,0.9946248448017473,0.9852651551982526,-0.0012116316639740887,0.0013516154931587966,0.001360128219977099,0.0,0.0,0.0,0.0,0.0,0,0.0,0.0,0.3333333333333333,0.0
USDT,2019-02-18,0.9892,1.0,0.9863,0.9933,0.9902857142857142,0.9898049999999999,0.998512,0.9904886283710738,0.9923663368146808,-0.001877708443607018,-0.0026932393449235386,0.0008155309013165206,71.61290322580643,0.9898049999999999,0.0020132390764517017,0.9938314781529033,0.9857785218470966,0.00414476344520831,0.0017497595241158072,0.0015892683584333633,0.0,0.0,0.0,0.0,0.0,0,0.0,0.0,0.3333333333333333,0.0
USDT,2019-02-19,0.9933,0.9984,0.9893,0.9924,0.9908714285714285,0.9897499999999999,0.99836,0.9907826855447547,0.9923688303839637,-0.0015861448392090471,-0.0024718204437806403,0.0008856756045715931,66.24203821656056,0.9897499999999999,0.0019198410021897061,0.9935896820043794,0.9859103179956205,-0.0009060706735125601,0.0018593313788053468,0.001593927067133515,0.0,0.0,0.0,0.0,0.0,0,0.0,0.0,0.3333333333333333,0.0
USDT,2019-02-20,0.9924,0.9969,0.943,0.9914,0.9910428571428571,0.98964,0.998188,0.9908776569994078,0.9922970651703368,-0.001419408170929004,-0.002261337989210313,0.000841929818281309,57.718120805369075,0.98964,0.0017424725324435095,0.993124945064887,0.9861550549351129,-0.0010076582023377245,0.001839888557557292,0.0015983697469953788,0.0,0.0,0.0,0.0,0.0,0,0.0,0.0,0.3333333333333333,0.0
USDT,2019-02-21,0.9914,0.9938,0.9898,0.9901,0.9910285714285714,0.98959,0.99779,0.9907580174610373,0.9921343196021637,-0.0013763021411263843,-0.0020843308195935273,0.000708028678467143,55.844155844155985,0.98959,0.0017124620625852385,0.9930149241251705,0.9861650758748295,-0.0013112769820455838,0.0019253806112360925,0.0016081604256398792,0.0,0.0,0.0,0.0,0.0,0,0.0,0.0,0.3333333333333333,0.0
USDT,2019-02-22,0.9899,0.9948,0.9892,0.9925,0.9913285714285713,0.9896699999999999,0.9974399999999999,0.9910260147747239,0.9921614070390404,-0.0011353922643165815,-0.0018945431085381382,0.0007591508442215567,61.79775280898907,0.9896699999999999,0.0018113966696285033,0.9932927933392569,0.986047206660743,0.0024239975760025345,0.0021381161677004996,0.001684417512981472,0.0,0.0,0.0,0.0,0.0,0,0.0,0.0,0.3333333333333333,0.0
USDT,2019-02-23,0.9925,0.9986,0.9917,0.9968,0.9922428571428572,0.9901300000000001,0.997176,0.9919143201939972,0.9925050065176301,-0.0005906863236329052,-0.0016337717515570917,0.0010430854279241866,67.61904761904788,0.9901300000000001,0.0023470249925799215,0.9948240499851599,0.9854359500148402,0.004332493702770668,0.0026102038699564317,0.0018808259735513997,0.0,0.0,0.0,0.0,0.0,0,0.0,0.0,0.3333333333333333,0.0
USDT,2019-02-24,0.9969,1.01,0.9934,0.9969,0.9933428571428572,0.990645,0.996914,0.9926813478564591,0.9928305615903982,-0.00014921373393905757,-0.001336860148033485,0.0011876464140944275,66.16915422885596,0.990645,0.0026430594313978347,0.9959311188627956,0.9853588811372044,0.00010032102728740888,0.0024749373517507006,0.0018811084854827155,0.0,0.0,0.0,0.0,0.0,0,0.0,0.0,0.3333333333333333,0.0
USDT,2019-02-25,0.9969,0.998,0.9924,0.9957,0.9936857142857143,0.9910650000000001,0.9966280000000001,0.9931457558785424,0.993043112583702,0.00010264329484033219,-0.0010489594594587216,0.0011516027542990538,70.37037037037057,0.9910650000000001,0.002748832287968016,0.9965626645759361,0.985567335424064,-0.0012037315678603555,0.0021916076778467327,0.001886362787736674,0.0,0.0,0.0,0.0,0.0,0,0.0,0.0,0.3333333333333333,0.0
USDT,2019-02-26,0.9956,0.9987,0.9898,0.997,0.9943428571428571,0.99146,0.9963679999999999,0.9937387165126128,0.9933362153552797,0.00040250115733309055,-0.0007586673361003592,0.0011611684934334497,71.85929648241225,0.99146,0.0030070793663947793,0.9974741587327896,0.9854458412672105,0.0013056141408054334,0.0021396811294837237,0.0018378736625109771,0.0,0.0,0.0,0.0,0.0,0,0.0,0.0,0.3333333333333333,0.0
USDT,2019-02-27,0.997,0.9975,0.9925,0.9961,0.9950142857142856,0.9918499999999998,0.9960899999999999,0.9941019908952877,0.9935409401437775,0.0005610507515102503,-0.0004947237185782374,0.0010557744700884877,65.6084656084657,0.9918499999999998,0.003080584360151242,0.9980111687203023,0.9856888312796973,-0.0009027081243730972,0.002126351288227379,0.0018202980670666395,0.0,0.0,0.0,0.0,0.0,0,0.0,0.0,0.3333333333333333,0.0
USDT,2019-02-28,0.9961,0.9976,0.9935,0.9948,0.9956857142857143,0.9921749999999999,0.9957860000000001,0.9942093769113973,0.993634203836831,0.0005751730745663375,-0.0002807443599493224,0.0008559174345156599,61.38613861386157,0.9921749999999999,0.003028787320296355,0.9982325746405927,0.9861174253594072,-0.001305089850416552,0.0021253877317386617,0.00180260383441053,0.0,0.0,0.0,0.0,0.0,0,0.0,0.0,0.3333333333333333,0.0
USDT,2019-03-01,0.9948,0.996,0.9922,0.9952,0.9960714285714286,0.9924649999999999,0.9954900000000001,0.99436178046349,0.9937501887378065,0.0006115917256834802,-0.00010227714282276187,0.0007138688685062421,61.764705882353084,0.9924649999999999,0.0030267709039953315,0.9985185418079906,0.9864114581920093,0.0004020908725370642,0.0019811642203592856,0.001737328630539184,0.0,0.0,0.0,0.0,0.0,0,0.0,0.0,0.3333333333333333,0.0
USDT,2019-03-02,0.9952,0.9975,0.9939,0.9966,0.9960428571428571,0.992775,0.9952219999999999,0.9947061219306454,0.9939612858683393,0.0007448360623061312,6.714549820301675e-05,0.0006776905641031145,64.2201834862388,0.992775,0.0031202015791847583,0.9990154031583695,0.9865345968416305,0.001406752411575729,0.0011414101681485793,0.0017547010015060186,0.0,0.0,0.0,0.0,0.0,0,0.0,0.0,0.3333333333333333,0.0
USDT,2019-03-03,0.9966,1.02,0.9942,0.9943,0.9956714285714285,0.9930899999999999,0.9949079999999999,0.9946436416336231,0.9939863758040178,0.0006572658296052358,0.00018516956448346057,0.00047209626512177526,61.135371179039275,0.9930899999999999,0.002924650226502187,0.9989393004530043,0.9872406995469956,-0.002307846678707648,0.0014241461448958675,0.001744367790012848,0.0,0.0,0.0,0.0,0.0,0,0.0,0.0,0.3333333333333333,0.0
USDT,2019-03-04,0.9943,0.9982,0.9935,0.9963,0.9957571428571429,0.9934899999999999,0.994634,0.9948984659976811,0.9941577553740906,0.0007407106235904903,0.00029627777630486654,0.0004444328472856238,57.21153846153845,0.9934899999999999,0.0027784698553077252,0.9990469397106153,0.9879330602893844,0.0020114653525094006,0.0016167015137426358,0.001777266128645374,0.0,0.0,0.0,0.0,0.0,0,0.0,0.0,0.3333333333333333,0.0
USDT,2019-03-05,0.9963,0.9981,0.9945,0.9963,0.9956571428571429,0.9937949999999999,0.9943599999999999,0.9951140866134225,0.9943164401611949,0.0007976464522275739,0.00039655151148940804,0.00040109494073816587,59.7989949748744,0.9937949999999999,0.002732740093946881,0.9992604801878936,0.9883295198121061,0.0,0.0015254425444539913,0.0016497024900344744,0.0,0.0,0.0,0.0,0.0,0,0.0,0.0,0.3333333333333333,0.0
USDT,2019-03-06,0.9963,0.9978,0.9948,0.9956,0.9955857142857143,0.994065,0.9940720000000001,0.9951888425190498,0.9944115186677731,0.0007773238512767122,0.0004727059794468689,0.0003046178718298433,60.71428571428598,0.994065,0.002623431862437979,0.9993118637248759,0.988818136275124,-0.0007025996185886507,0.001509671518373608,0.001642192919180561,0.0,0.0,0.0,0.0,0.0,0,0.0,0.0,0.3333333333333333,0.0
USDT,2019-03-07,0.9956,0.997,0.9935,0.9959,0.995742857142857,0.9943399999999999,0.99399,0.9952982513622729,0.9945217765442343,0.0007764748180385528,0.0005334597471652057,0.00024301507087334708,65.59139784946248,0.9943399999999999,0.0025046062827502763,0.9993492125655005,0.9893307874344993,0.00030132583366815346,0.0014095407495662206,0.0016404076763608369,0.0,0.0,0.0,0.0,0.0,0,0.0,0.0,0.3333333333333333,0.0
USDT,2019-03-08,0.9959,1.01,0.9931,0.9944,0.9956285714285714,0.9945400000000001,0.993878,0.9951600588450001,0.9945127560594762,0.0006473027855239399,0.0005562283548369525,9.107443068698739e-05,55.36723163841782,0.9945400000000001,0.0023268229978172916,0.9991936459956346,0.9898863540043655,-0.0015061753188071458,0.0015336963610661095,0.0016457500364268594,0.0,0.0,0.0,0.0,0.0,0,0.0,0.0,0.3333333333333333,0.0
USDT,2019-03-09,0.9944,1.0,0.9933,0.9938,0.9952285714285714,0.9947700000000002,0.993754,0.9949508190226924,0.9944599593143298,0.000490859708362601,0.0005431546255420822,-5.229491717948127e-05,39.2857142857142,0.9947700000000002,0.0019714007843778395,0.9987128015687559,0.9908271984312444,-0.0006033789219629382,0.0013822353843697761,0.0016419190044283834,0.0,0.0,0.0,0.0,0.0,0,0.0,0.0,0.3333333333333333,0.0
USDT,2019-03-10,0.9937,0.9998,0.9936,0.9948,0.9953000000000001,0.994845,0.9936499999999999,0.9949276160961243,0.9944851475132683,0.00044246858285601487,0.0005230174170048688,-8.054883414885389e-05,42.953020134228176,0.994845,0.0019408286347557357,0.9987266572695115,0.9909633427304885,0.0010062386798148637,0.0011718133750052333,0.0016482474205705908,0.0,0.0,0.0,0.0,0.0,0,0.0,0.0,0.3333333333333333,0.0
USDT,2019-03-11,0.9949,1.02,0.9933,1.01,0.997257142857143,0.995725,0.993852,0.9972464443890283,0.9956343958456189,0.0016120485434094611,0.0007408236422857873,0.0008712249011236738,74.74048442906577,0.995725,0.003837333915489164,1.0033996678309782,0.9880503321690216,0.015279453156413325,0.00592430843493739,0.0032060781732389633,0.0,0.0,0.0,0.0,0.0,0,0.0,0.0,0.3333333333333333,0.0
USDT,2019-03-12,1.01,1.02,1.0,1.01,0.9992142857142856,0.996655,0.994052,0.9992085298676393,0.9966985146718693,0.002510015195769988,0.0010946619529826275,0.0014153532427873604,73.55072463768121,0.996655,0.004853373758750018,1.0063617475175,0.9869482524825,0.0,0.00592430843493739,0.0032079241523238966,0.0,0.0,0.0,0.0,0.0,0,0.0,0.0,0.3333333333333333,0.0
USDT,2019-03-13,1.01,1.01,0.999,1.0,0.9998428571428571,0.9971499999999999,0.994052,0.9993302945033871,0.9969430691406197,0.0023872253627673645,0.001353174634939575,0.0010340507278277895,55.31335149863763,0.9971499999999999,0.004650240514438405,1.0064504810288766,0.987849518971123,-0.00990099009900991,0.007441272539069008,0.003707273075739774,0.0,0.0,0.0,0.0,0.0,0,0.0,0.0,0.3333333333333333,0.0
USDT,2019-03-14,1.0,1.02,0.9956,1.0,1.0004285714285714,0.9975249999999999,0.994052,0.9994333261182506,0.9971695084635368,0.00226381765471384,0.0015353032388944281,0.0007285144158194119,57.344632768361556,0.9975249999999999,0.00455699289121085,1.0066389857824216,0.9884110142175782,0.0,0.0074445221076083765,0.0037079853911251336,0.0,0.0,0.0,0.0,0.0,0,0.0,0.0,0.3333333333333333,0.0
USDT,2019-03-15,1.0,1.01,0.9934,1.0,1.0012285714285714,0.9976849999999999,0.994052,0.9995205067154429,0.9973791745032748,0.0021413322121680567,0.001656509033549154,0.00048482317861890277,56.85714285714289,0.9976849999999999,0.0045862810297920865,1.006857562059584,0.9885124379404158,0.0,0.0073947398280538425,0.003697345099406772,0.0,0.0,0.0,0.0,0.0,0,0.0,0.0,0.3333333333333333,0.0
USDT,2019-03-16,1.0,1.02,0.9935,1.01,1.0035428571428573,0.99834,0.994252,1.0011327364515286,0.9983140504659952,0.0028186859855333646,0.0018889444239459962,0.0009297415615873684,65.3669724770642,0.99834,0.005341535359802609,1.0090230707196053,0.9876569292803948,0.010000000000000009,0.008105066344497635,0.0040954512367376355,0.0,0.0,0.0,0.0,0.0,0,0.0,0.0,0.3333333333333333,0.0
USDT,2019-03-17,1.01,1.02,0.9957,1.01,1.0057142857142858,0.999055,0.9944699999999999,1.0024969308436011,0.9991796763574029,0.00331725448619824,0.002174606436396445,0.001142648049801795,69.00726392251826,0.999055,0.005897677955193974,1.010850355910388,0.9872596440896121,0.0,0.008141519002253262,0.004096410084754975,0.0,0.0,0.0,0.0,0.0,0,0.0,0.0,0.3333333333333333,0.0
USDT,2019-03-18,1.01,1.02,0.9994,1.0,1.0042857142857142,0.9992050000000001,0.994542,1.0021127876368934,0.9992404410716693,0.00287234656522406,0.002314154462161968,0.0005581921030620917,53.75253549695744,0.9992050000000001,0.005880787183257035,1.0109665743665142,0.9874434256334861,-0.00990099009900991,0.00685970923541664,0.004527684533710839,0.0,0.0,0.0,0.0,0.0,0,0.0,0.0,0.3333333333333333,0.0
USDT,2019-03-19,1.0,1.02,0.9955,1.01,1.0042857142857142,0.9999,0.994782,1.0033262049235252,1.000037445436731,0.0032887594867943015,0.0025090754670884347,0.0007796840197058668,61.55143338954474,0.9999,0.006300877131924062,1.0125017542638481,0.9872982457361519,0.010000000000000009,0.008124588278693222,0.004847348994827337,0.0,0.0,0.0,0.0,0.0,0,0.0,0.0,0.3333333333333333,0.0
USDT,2019-03-20,1.01,1.02,0.9966,1.01,1.0057142857142858,1.00066,0.9950600000000001,1.0043529426275983,1.0007754124414174,0.0035775301861808995,0.002722766410906928,0.0008547637752739715,62.2866894197952,1.00066,0.006564529886564988,1.01378905977313,0.9875309402268702,0.0,0.006873373805255708,0.004804814578747667,0.0,0.0,0.0,0.0,0.0,0,0.0,0.0,0.3333333333333333,0.0
USDT,2019-03-21,1.01,1.02,0.9969,1.0,1.0057142857142858,1.0009000000000001,0.99519,1.0036832591464293,1.0007179744827939,0.002965284663635437,0.00277127006145263,0.00019401460218280682,53.001464128843324,1.0009000000000001,0.006440987175076505,1.013781974350153,0.9880180256498471,-0.00990099009900991,0.008124588278693222,0.005166916373419954,0.0,0.0,0.0,0.0,0.0,0,0.0,0.0,0.3333333333333333,0.0
USDT,2019-03-22,1.0,1.01,0.9978,1.01,1.0071428571428573,1.0015699999999998,0.995518,1.004655065431594,1.001405531928513,0.0032495335030811034,0.002866922749778325,0.00038261075330277847,60.15625000000004,1.0015699999999998,0.006663261411021351,1.0148965228220426,0.9882434771779571,0.010000000000000009,0.008955465026462528,0.005456020615731401,0.0,0.0,0.0,0.0,0.0,0,0.0,0.0,0.3333333333333333,0.0
USDT,2019-03-23,1.01,1.01,0.9962,1.0,1.0057142857142858,1.001855,0.9956959999999999,1.003938901519041,1.0013014184523268,0.0026374830667141858,0.0028210348131654972,-0.00018355174645131147,53.59628770301623,1.001855,0.006454576100070908,1.0147641522001418,0.9889458477998582,-0.00990099009900991,0.008950224885668294,0.00577754696520787,0.0,0.0,0.0,0.0,0.0,0,0.0,0.0,0.3333333333333333,0.0
USDT,2019-03-24,1.0,1.01,0.9995,1.01,1.0057142857142858,1.0025400000000002,0.996078,1.0048713782084193,1.0019457578262285,0.0029256203821907967,0.0028419519269705573,8.366845522023939e-05,57.98319327731092,1.0025400000000002,0.006560118740904439,1.0156602374818091,0.9894197625181913,0.010000000000000009,0.009950512641866997,0.006031419062624912,0.0,0.0,0.0,0.0,0.0,0,0.0,0.0,0.3333333333333333,0.0
USDT,2019-03-25,1.01,1.01,0.9971,1.0,1.0057142857142858,1.002725,0.9963259999999999,1.004121935407124,1.0018016276168782,0.0023203077902458347,0.002737623099625613,-0.00041731530937977844,44.444444444444436,1.002725,0.006425678338143942,1.0155763566762879,0.9898736433237122,-0.00990099009900991,0.009950512641866997,0.006282318967404122,0.0,0.0,0.0,0.0,0.0,0,0.0,0.0,0.3333333333333333,0.0
USDT,2019-03-26,1.0,1.01,0.9954,1.01,1.0057142857142858,1.003445,0.996794,1.0050262530367973,1.0024089144600723,0.00261733857672497,0.0027135661950454847,-9.622761832051453e-05,50.0,1.003445,0.006391974820452086,1.016228949640904,0.9906610503590958,0.010000000000000009,0.009950512641866997,0.006535813723026028,0.0,0.0,0.0,0.0,0.0,0,0.0,0.0,0.3333333333333333,0.0
USDT,2019-03-27,1.01,1.01,0.9974,1.0,1.0042857142857142,1.00365,0.997048,1.0042529833388285,1.0022304763519188,0.0020225069869097556,0.002575354353418339,-0.0005528473665085834,50.0,1.00365,0.006200127333160107,1.0160502546663202,0.9912497453336797,-0.00990099009900991,0.01063752665829652,0.006799538630008422,0.0,0.0,0.0,0.0,0.0,0,0.0,0.0,0.3333333333333333,0.0
USDT,2019-03-28,1.0,1.01,0.9969,1.0,1.0042857142857142,1.00393,0.9972660000000001,1.0035986782097779,1.0020652558814063,0.0015334223283716142,0.0023669679484089943,-0.0008335456200373802,50.0,1.00393,0.005878515745360562,1.0156870314907211,0.9921729685092788,0.0,0.009950512641866997,0.006796170288198316,0.0,0.0,0.0,0.0,0.0,0,0.0,0.0,0.3333333333333333,0.0
USDT,2019-03-29,1.0,1.01,0.9981,1.0,1.002857142857143,1.0042399999999998,0.9975,1.0030450354082736,1.001912273964265,0.0011327614440086453,0.0021201266475289245,-0.0009873652035202792,50.0,1.0042399999999998,0.005465143133872694,1.0151702862677452,0.9933097137322544,0.0,0.008950224885668294,0.006793472688322131,0.0,0.0,0.0,0.0,0.0,0,0.0,0.0,0.3333333333333333,0.0
USDT,2019-03-30,1.0,1.02,0.9975,1.01,1.0042857142857142,1.0050000000000001,0.9979340000000001,1.004115029960847,1.0025113647817268,0.0016036651791202505,0.0020168343538471897,-0.0004131691747269392,50.0,1.0050000000000001,0.005129891760428987,1.015259783520858,0.9947402164791421,0.010000000000000009,0.008955465026462528,0.007019613917861514,0.0,0.0,0.0,0.0,0.0,0,0.0,0.0,0.3333333333333333,0.0
USDT,2019-03-31,1.01,1.01,0.998,1.0,1.002857142857143,1.0045,0.998146,1.003481948428409,1.002325337760858,0.0011566106675509058,0.001844789616587933,-0.0006881789490370271,45.45454545454546,1.0045,0.005104177855343549,1.014708355710687,0.9942916442893128,-0.00990099009900991,0.008950224885668294,0.007273504978666876,0.0,0.0,0.0,0.0,0.0,0,0.0,0.0,0.3333333333333333,0.0
USDT,2019-04-01,1.0,1.01,0.9967,1.0,1.002857142857143,1.004,0.998338,1.0029462640548077,1.002153090519313,0.0007931735354946845,0.0016344664003692833,-0.0008412928648745988,50.0,1.004,0.0050262468995034455,1.014052493799007,0.9939475062009931,0.0,0.008124588278693222,0.007269896837952459,0.0,0.0,0.0,0.0,0.0,0,0.0,0.0,0.3333333333333333,0.0
USDT,2019-04-02,1.0,1.02,1.0,1.01,1.002857142857143,1.0045000000000002,0.9987779999999999,1.004031454200222,1.002734343073438,0.0012971111267841007,0.001566995345652247,-0.00026988421886814623,50.0,1.0045000000000002,0.005104177855343549,1.0147083557106873,0.994291644289313,0.010000000000000009,0.008124588278693222,0.00747153714905388,0.0,0.0,0.0,0.0,0.0,0,0.0,0.0,0.3333333333333333,0.0
USDT,2019-04-03,1.01,1.02,1.01,1.01,1.0042857142857142,1.0050000000000001,0.9992120000000001,1.0049496920155725,1.0032725398828128,0.0016771521327596517,0.001589026703073728,8.812542968592366e-05,50.0,1.0050000000000001,0.005129891760428987,1.015259783520858,0.9947402164791421,0.0,0.006873373805255707,0.007466987445203759,0.0,0.0,0.0,0.0,0.0,0,0.0,0.0,0.3333333333333333,0.0
USDT,2019-04-04,1.01,1.01,1.0,1.01,1.0057142857142858,1.0055,0.999608,1.0057266624747152,1.0037708702618637,0.0019557922128514704,0.0016623798050292766,0.0002934124078221938,55.55555555555556,1.0055,0.005104177855343722,1.0157083557106874,0.9952916442893126,0.0,0.006873373805255707,0.007466987445203759,0.0,0.0,0.0,0.0,0.0,0,0.0,0.0,0.3333333333333333,0.0
USDT,2019-04-05,1.01,1.01,1.0,1.01,1.0071428571428571,1.0055,1.000004,1.0063840990170667,1.0042322872795035,0.0021518117375631807,0.0017602661915360575,0.0003915455460271231,50.0,1.0055,0.005104177855343722,1.0157083557106874,0.9952916442893126,0.0,0.006873373805255707,0.007464244343536704,0.0,0.0,0.0,0.0,0.0,0,0.0,0.0,0.3333333333333333,0.0
USDT,2019-04-06,1.01,1.01,1.0,1.01,1.0071428571428573,1.0055,1.0003959999999998,1.0069403914759796,1.0046595252587995,0.0022808662171800442,0.001864386196664855,0.00041648002051518926,57.142857142857146,1.0055,0.005104177855343722,1.0157083557106874,0.9952916442893126,0.0,0.005744971779996929,0.007464731541720751,0.0,0.0,0.0,0.0,0.0,0,0.0,0.0,0.3333333333333333,0.0
USDT,2019-04-07,1.01,1.01,1.0,1.01,1.0085714285714287,1.0059999999999998,1.000788,1.007411100479675,1.00505511598037,0.002355984499305075,0.001962705857192899,0.0003932786421121759,50.0,1.0059999999999998,0.005026246899503802,1.0160524937990074,0.9959475062009921,0.0,0.003779644730092311,0.007455863389611064,0.0,0.0,0.0,0.0,0.0,0,0.0,0.0,0.3333333333333333,0.0
USDT,2019-04-08,1.01,1.02,1.01,1.01,1.01,1.006,1.001204,1.0078093927135712,1.0054214036855278,0.00238798902804338,0.0020477624913629953,0.0003402265366803849,60.0,1.006,0.005026246899503802,1.0160524937990076,0.9959475062009924,0.0,0.003779644730092311,0.007453469828298654,0.0,0.0,0.0,0.0,0.0,0,0.0,0.0,0.3333333333333333,0.0
USDT,2019-04-09,1.01,1.01,1.01,1.01,1.01,1.0059999999999998,1.001538,1.0081464092191756,1.0057605589680814,0.002385850251094279,0.002115380043309252,0.0002704702077850271,50.0,1.0059999999999998,0.005026246899503802,1.0160524937990074,0.9959475062009921,0.0,0.0,0.007453684287365324,0.0,0.0,0.0,0.0,0.0,0,0.0,0.0,0.3333333333333333,0.0
USDT,2019-04-10,1.01,1.01,1.0,1.0,1.0085714285714285,1.0059999999999998,1.00169,1.0068931154931486,1.0053338508963716,0.0015592645967770213,0.002004156954002806,-0.00044489235722578466,50.0,1.0059999999999998,0.005026246899503802,1.0160524937990074,0.9959475062009921,-0.00990099009900991,0.0037422225050419006,0.007147246023795303,0.0,0.0,0.0,0.0,0.0,0,0.0,0.0,0.3333333333333333,0.0
USDT,2019-04-11,1.0,1.01,1.0,1.01,1.0085714285714287,1.006,1.002062,1.007371097724972,1.0056794915707143,0.0016916061542575633,0.0019416467940537576,-0.0002500406397961943,60.0,1.006,0.005026246899503802,1.0160524937990076,0.9959475062009924,0.010000000000000009,0.005744971779996928,0.0073910848593450006,0.0,0.0,0.0,0.0,0.0,0,0.0,0.0,0.3333333333333333,0.0
USDT,2019-04-12,1.01,1.01,1.0,1.0,1.0071428571428573,1.006,1.00226,1.0062370826903608,1.0052587884914022,0.0009782941989586735,0.0017489762750347408,-0.0007706820760760673,50.0,1.006,0.005026246899503802,1.0160524937990076,0.9959475062009924,-0.00990099009900991,0.00685970923541664,0.0073910848593450006,0.0,0.0,0.0,0.0,0.0,0,0.0,0.0,0.3333333333333333,0.0
USDT,2019-04-13,1.0,1.01,1.0,1.0,1.0057142857142858,1.0055,1.0024100000000002,1.0052775315072284,1.00486924860315,0.0004082829040783498,0.0014808376008434627,-0.001072554696765113,40.0,1.0055,0.005104177855343722,1.0157083557106874,0.9952916442893126,0.0,0.00685970923541664,0.0073910848593450006,0.0,0.0,0.0,0.0,0.0,0,0.0,0.0,0.3333333333333333,0.0
USDT,2019-04-14,1.0,1.01,1.0,1.01,1.0057142857142858,1.006,1.002674,1.006004065121501,1.005249304262176,0.000754760859325021,0.0013356222525397745,-0.0005808613932147535,60.0,1.006,0.005026246899503802,1.0160524937990076,0.9959475062009924,0.010000000000000009,0.008124588278693222,0.007612047031774619,0.0,0.0,0.0,0.0,0.0,0,0.0,0.0,0.3333333333333333,0.0
USDT,2019-04-15,1.01,1.01,1.0,1.0,1.0042857142857142,1.0055,1.002736,1.0050803627951161,1.004860466909422,0.0002198958856940436,0.0011124769791706283,-0.0008925810934765847,50.0,1.0055,0.005104177855343722,1.0157083557106874,0.9952916442893126,-0.00990099009900991,0.008950224885668294,0.007610112832879321,0.0,0.0,0.0,0.0,0.0,0,0.0,0.0,0.3333333333333333,0.0
USDT,2019-04-16,1.0,1.01,1.0,1.01,1.0042857142857142,1.006,1.003022,1.0058372300574059,1.0052411730642796,0.0005960569931262594,0.0010091929819617546,-0.0004131359888354953,50.0,1.006,0.005026246899503802,1.0160524937990076,0.9959475062009924,0.010000000000000009,0.009950512641866997,0.007839422868608233,0.0,0.0,0.0,0.0,0.0,0,0.0,0.0,0.3333333333333333,0.0
USDT,2019-04-17,1.01,1.01,1.0,1.0,1.0042857142857142,1.006,1.003082,1.0049391946639588,1.004852938022481,8.625664147765555e-05,0.0008246057138649349,-0.0007383490723872793,42.857142857142854,1.006,0.005026246899503802,1.0160524937990076,0.9959475062009924,-0.00990099009900991,0.009950512641866997,0.007839422868608233,0.0,0.0,0.0,0.0,0.0,0,0.0,0.0,0.3333333333333333,0.0
USDT,2019-04-18,1.0,1.01,1.0,1.01,1.0042857142857142,1.0065000000000002,1.00336,1.0057177801002728,1.0052342018726677,0.00048357822760514146,0.0007564002166129762,-0.00027282198900783474,50.0,1.0065000000000002,0.004893604849299566,1.0162872096985993,0.996712790301401,0.010000000000000009,0.009950512641866997,0.007839422868608233,0.0,0.0,0.0,0.0,0.0,0,0.0,0.0,0.3333333333333333,0.0
USDT,2019-04-19,1.01,1.01,1.0,1.0,1.0042857142857142,1.006,1.003464,1.0048381216233078,1.004846483215433,-8.361592125138984e-06,0.0006034478548653532,-0.0006118094469904922,44.444444444444436,1.006,0.005026246899503802,1.0160524937990076,0.9959475062009924,-0.00990099009900991,0.009950512641866997,0.008046395863870352,0.0,0.0,0.0,0.0,0.0,0,0.0,0.0,0.3333333333333333,0.0
USDT,2019-04-20,1.0,1.01,1.0,1.01,1.0057142857142856,1.0065,1.00376,1.0056322567581835,1.0052282251994749,0.0004040315587086063,0.0005635645956340038,-0.00015953303692539753,50.0,1.0065,0.004893604849299566,1.016287209698599,0.9967127903014008,0.010000000000000009,0.010637526658296516,0.00804794380193411,0.0,0.0,0.0,0.0,0.0,0,0.0,0.0,0.3333333333333333,0.0
USDT,2019-04-21,1.01,1.01,1.0,1.01,1.0057142857142858,1.0070000000000001,1.004028,1.0063042172569245,1.0055816899995138,0.0007225272574107322,0.0005953571279893495,0.0001271701294213827,50.0,1.0070000000000001,0.004701623459820141,1.0164032469196405,0.9975967530803599,0.0,0.009950512641866997,0.007839422868608233,0.0,0.0,0.0,0.0,0.0,0,0.0,0.0,0.3333333333333333,0.0
USDT,2019-04-22,1.01,1.01,1.0,1.01,1.0071428571428571,1.0070000000000001,1.004342,1.0068727992173976,1.005908972221772,0.0009638269956255829,0.0006690511015165963,0.00029477589410898666,50.0,1.0070000000000001,0.004701623459820141,1.0164032469196405,0.9975967530803599,0.0,0.008955465026462528,0.007612047031774618,0.0,0.0,0.0,0.0,0.0,0,0.0,0.0,0.3333333333333333,0.0
USDT,2019-04-23,1.01,1.01,1.0,1.01,1.0071428571428571,1.0070000000000001,1.004616,1.0073539070301056,1.0062120113164557,0.0011418957136499763,0.0007636200239432723,0.00037827568970670404,50.0,1.0070000000000001,0.004701623459820141,1.0164032469196405,0.9975967530803599,0.0,0.008124588278693222,0.007391084859345,0.0,0.0,0.0,0.0,0.0,0,0.0,0.0,0.3333333333333333,0.0
USDT,2019-04-24,1.01,1.01,1.0,1.0,1.0071428571428571,1.0065,1.0046899999999999,1.0062225367177817,1.0057518623300514,0.00047067438773029657,0.0007050308967006772,-0.00023435650897038062,50.0,1.0065,0.004893604849299566,1.016287209698599,0.9967127903014008,-0.00990099009900991,0.008124588278693222,0.007391084859345,0.0,0.0,0.0,0.0,0.0,0,0.0,0.0,0.3333333333333333,0.0
USDT,2019-04-25,1.0,1.01,1.0,1.0,1.0057142857142858,1.006,1.004778,1.0052652233765846,1.0053257984537514,-6.057507716672461e-05,0.0005519097019271969,-0.0006124847790939215,44.444444444444436,1.006,0.005026246899503802,1.0160524937990076,0.9959475062009924,0.0,0.00685970923541664,0.007147246023795303,0.0,0.0,0.0,0.0,0.0,0,0.0,0.0,0.3333333333333333,0.0
USDT,2019-04-26,1.0,1.0,0.9774,0.9954,1.0050571428571429,1.0052699999999999,1.0047679999999999,1.0037474967032638,1.0045905541238438,-0.0008430574205799957,0.00027291627742575836,-0.001115973698005754,47.28132387706853,1.0052699999999999,0.005456536399009702,1.0161830727980192,0.9943569272019804,-0.0046000000000000485,0.0060041024124253845,0.006965081456076088,0.0,0.0,0.0,0.0,0.0,0,0.0,0.0,0.3333333333333333,0.0
USDT,2019-04-27,0.9954,1.02,0.98,1.01,1.0050571428571426,1.00527,1.00508,1.004709420287377,1.0049912538183738,-0.0002818335309968667,0.00016196631574123336,-0.00044379984673810003,55.04032258064515,1.00527,0.005456536399009702,1.0161830727980194,0.9943569272019807,0.014667470363672885,0.007464586753769102,0.007470960518469315,0.0,0.0,0.0,0.0,0.0,0,0.0,0.0,0.3333333333333333,0.0
USDT,2019-04-28,1.01,1.03,0.975,0.9917,1.0024428571428572,1.0043549999999999,1.0050379999999999,1.0027079710123958,1.0040067164984943,-0.0012987454860984293,-0.0001301760446266992,-0.0011685694414717302,41.48837209302328,1.0043549999999999,0.006116111165561472,1.0165872223311228,0.9921227776688769,-0.018118811881188135,0.010137181960369508,0.008197956977988924,0.0,0.0,0.0,0.0,0.0,0,0.0,0.0,0.3333333333333333,0.0
USDT,2019-04-29,0.9917,1.03,0.9742,1.02,1.0038714285714285,1.004855,1.0055420000000002,1.005368283164335,1.0051914041652725,0.0001768789990623798,-6.87650358888834e-05,0.0002456440349512632,57.94912559618442,1.004855,0.006953338842071808,1.0187616776841437,0.9909483223158564,0.028536855904003122,0.015604289940040192,0.0095790361125959,0.0,0.0,0.0,0.0,0.0,0,0.0,0.0,0.3333333333333333,0.0
USDT,2019-04-30,1.02,1.04,0.999,1.01,1.0038714285714287,1.0053550000000002,1.0055420000000002,1.0060808549852065,1.0055475964493263,0.0005332585358801545,5.163967846492418e-05,0.0004816188574152303,50.0,1.0053550000000002,0.006945386579368771,1.0192457731587377,0.9914642268412627,-0.009803921568627416,0.016191549288376874,0.009575461945112208,0.0,0.0,0.0,0.0,0.0,0,0.0,0.0,0.3333333333333333,0.0
USDT,2019-05-01,1.01,1.05,0.9934,1.01,1.0053,1.005355,1.005542,1.0066838003720977,1.0058774041197467,0.000806396252351016,0.00020259099324214256,0.0006038052591088735,54.317789291882555,1.005355,0.006945386579368771,1.0192457731587374,0.9914642268412625,0.0,0.015592495869065505,0.009575461945112208,0.0,0.0,0.0,0.0,0.0,0,0.0,0.0,0.3333333333333333,0.0
USDT,2019-05-02,1.01,1.05,0.9875,1.02,1.008157142857143,1.0063549999999999,1.0059420000000001,1.008732446468698,1.0069235223330988,0.001808924135599188,0.0005238576217135517,0.0012850665138856364,54.317789291882555,1.0063549999999999,0.0075474969709401745,1.0214499939418802,0.9912600060581196,0.00990099009900991,0.01587746973072837,0.009572046906324044,0.0,0.0,0.0,0.0,0.0,0,0.0,0.0,0.3333333333333333,0.0
USDT,2019-05-03,1.02,1.04,0.9814,1.02,1.0116714285714286,1.007355,1.0063419999999998,1.0104659162427445,1.0078921503084248,0.002573765934319683,0.000933839284234778,0.0016399266500849048,59.45179584120982,1.007355,0.007974068168628327,1.0233031363372567,0.9914068636627433,0.0,0.015606248847110203,0.009572046906324044,0.0,0.0,0.0,0.0,0.0,0,0.0,0.0,0.3333333333333333,0.0
USDT,2019-05-04,1.02,1.05,0.9837,1.01,1.0116714285714286,1.007355,1.006542,1.0103942368207839,1.0080482873226155,0.0023459494981683537,0.0012162613270214932,0.0011296881711468606,50.0,1.007355,0.007974068168628327,1.0233031363372567,0.9914068636627433,-0.009803921568627416,0.015453341569446695,0.009750890948678752,0.0,0.0,0.0,0.0,0.0,0,0.0,0.0,0.3333333333333333,0.0
USDT,2019-05-05,1.01,1.05,0.9914,1.03,1.0171428571428571,1.008855,1.006942,1.013410508079125,1.0096743401135329,0.003736167965592063,0.0017202426547356074,0.002015925310856456,57.94912559618442,1.008855,0.009239017662525596,1.0273330353250512,0.9903769646749488,0.01980198019801982,0.014626059070663208,0.010396537864805374,0.0,0.0,0.0,0.0,0.0,0,0.0,0.0,0.3333333333333333,0.0
USDT,2019-05-06,1.03,1.05,0.9885,1.02,1.0171428571428571,1.009355,1.007142,1.014424276066952,1.0104392038088268,0.003985072258125166,0.002173208575413519,0.0018118636827116471,53.681885125184095,1.009355,0.009568945110426507,1.028492890220853,0.990217109779147,-0.009708737864077666,0.011377023950094716,0.010568944259847108,0.0,0.0,0.0,0.0,0.0,0,0.0,0.0,0.3333333333333333,0.0
USDT,2019-05-07,1.02,1.05,1.01,1.01,1.0171428571428571,1.009855,1.007342,1.0137436182104977,1.010406670193358,0.003336948017139685,0.002405956463758752,0.0009309915533809326,50.0,1.009855,0.009312214672423711,1.0284794293448474,0.9912305706551525,-0.009803921568627416,0.011377023950094716,0.010731490843457073,0.0,0.0,0.0,0.0,0.0,0,0.0,0.0,0.3333333333333333,0.0
USDT,2019-05-08,1.01,1.04,0.9912,1.01,1.0171428571428571,1.009855,1.007342,1.0131676769473443,1.0103765464753316,0.0027911304720127372,0.0024829912654095493,0.0003081392066031879,53.681885125184095,1.009855,0.009312214672423711,1.0284794293448474,0.9912305706551525,0.0,0.011377023950094716,0.010731490843457073,0.0,0.0,0.0,0.0,0.0,0,0.0,0.0,0.3333333333333333,0.0
USDT,2019-05-09,1.01,1.03,0.9992,1.01,1.0157142857142858,1.0103550000000001,1.007342,1.0126803420323682,1.0103486541438256,0.002331687888542655,0.0024527305900361707,-0.00012104270149351564,53.681885125184095,1.0103550000000001,0.009019071897638798,1.0283931437952778,0.9923168562047225,0.0,0.01053311641581174,0.010731490843457073,0.0,0.0,0.0,0.0,0.0,0,0.0,0.0,0.3333333333333333,0.0
USDT,2019-05-10,1.01,1.01,0.9939,1.0,1.012857142857143,1.0098550000000002,1.007342,1.0107295201812347,1.0095820871702088,0.0011474330110259334,0.0021916710742341233,-0.0010442380632081898,51.62889518413599,1.0098550000000002,0.009312214672423711,1.0284794293448476,0.9912305706551527,-0.00990099009900991,0.010975648839660469,0.010731490843457073,0.0,0.0,0.0,0.0,0.0,0,0.0,0.0,0.3333333333333333,0.0
USDT,2019-05-11,1.0,1.0,0.9987,1.0,1.0114285714285713,1.009355,1.007142,1.009078824768737,1.0088723029353786,0.00020652183335845287,0.0017946412260589893,-0.0015881193927005364,46.05055292259083,1.009355,0.009568945110426507,1.028492890220853,0.990217109779147,0.0,0.010546142680986165,0.010565977720183844,0.0,0.0,0.0,0.0,0.0,0,0.0,0.0,0.3333333333333333,0.0
USDT,2019-05-12,1.0,1.01,0.9962,1.0,1.0071428571428571,1.008855,1.007142,1.0076820824966237,1.0082150953105358,-0.0005330128139120482,0.001329110418064782,-0.0018621232319768301,53.831948291782076,1.008855,0.00979212761139956,1.0284392552227992,0.9892707447772009,0.0,0.0052410461947940004,0.010408489596673794,0.0,0.0,0.0,0.0,0.0,0,0.0,0.0,0.3333333333333333,0.0
USDT,2019-05-13,1.0,1.01,0.9971,1.0,1.0042857142857142,1.0083550000000001,1.006942,1.0065002236509892,1.0076065697319776,-0.001106346080988363,0.000842019118254153,-0.0019483651992425158,37.5,1.0083550000000001,0.009984012219545722,1.0283230244390915,0.9883869755609087,0.0,0.004807587845870653,0.010408489596673794,0.0,0.0,0.0,0.0,0.0,0,0.0,0.0,0.3333333333333333,0.0
USDT,2019-05-14,0.9999,1.0,0.9937,0.9968,1.0024,1.0081950000000002,1.0068780000000002,1.005007881550837,1.0068060830851644,-0.001798201534327415,0.0003139749877378394,-0.002112176522065254,40.983606557377065,1.0081950000000002,0.010149227349385363,1.028493454698771,0.9878965453012295,-0.0031999999999999806,0.0037360894153242235,0.01025127491257453,0.0,0.0,0.0,0.0,0.0,0,0.0,0.0,0.3333333333333333,0.0
USDT,2019-05-15,0.9968,1.0,0.9962,0.9994,1.0008857142857142,1.008165,1.006666,1.0041451305430158,1.0062574843381151,-0.002112353795099331,-0.00017129076882959468,-0.0019410630262697362,43.00791556728228,1.008165,0.010175578349011926,1.0285161566980239,0.9878138433019761,0.0026083467094701884,0.00406909366643832,0.01010434005504732,0.0,0.0,0.0,0.0,0.0,0,0.0,0.0,0.3333333333333333,0.0
USDT,2019-05-16,0.9991,1.0,0.9959,0.9987,0.9992714285714286,1.00833,1.00664,1.0033074181517825,1.00569767068344,-0.0023902525316574774,-0.0006150831213951713,-0.0017751694102623062,33.98496240601503,1.00833,0.00998262174191447,1.0282952434838288,0.9883647565161711,-0.0007004202521512237,0.004034556057784123,0.009927546524387395,0.0,0.0,0.0,0.0,0.0,0,0.0,0.0,0.3333333333333333,0.0
USDT,2019-05-17,0.9985,1.01,0.9925,1.0,0.9992714285714286,1.0078299999999998,1.00664,1.0027985845899698,1.0052756210031852,-0.0024770364132153944,-0.000987473779759216,-0.0014895626334561784,35.25073746312681,1.0078299999999998,0.010143709484468732,1.0281174189689373,0.9875425810310623,0.0013016921998598718,0.0017901792485980818,0.009764380583592996,0.0,0.0,0.0,0.0,0.0,0,0.0,0.0,0.3333333333333333,0.0
USDT,2019-05-18,1.0,1.01,1.0,1.0,0.9992714285714286,1.008245,1.00664,1.0023680331145899,1.0048848342622085,-0.0025168011476186525,-0.0012933392533311034,-0.001223461894287549,41.349480968858096,1.008245,0.009604520591341969,1.027454041182684,0.9890359588173161,0.0,0.0017901792485980818,0.009581832313862955,0.0,0.0,0.0,0.0,0.0,0,0.0,0.0,0.3333333333333333,0.0
USDT,2019-05-19,1.0,1.01,1.0,1.0,0.9992714285714286,1.007245,1.00644,1.0020037203277299,1.00452299468723,-0.0025192743595001676,-0.0015385262745649163,-0.0009807480849352514,10.317460317460103,1.007245,0.009354113927489794,1.0259532278549794,0.9885367721450203,0.0,0.0017901792485980818,0.009408231647062056,0.0,0.0,0.0,0.0,0.0,0,0.0,0.0,0.3333333333333333,0.0
USDT,2019-05-20,1.0,1.01,1.0,1.0,0.9992714285714286,1.006745,1.00644,1.0016954556619253,1.0041879580437316,-0.0024925023818063163,-0.0017293214960131965,-0.0007631808857931199,14.028776978417,1.006745,0.009465698461733198,1.0256763969234663,0.9878136030765337,0.0,0.0017901792485980818,0.00921851012609101,0.0,0.0,0.0,0.0,0.0,0,0.0,0.0,0.3333333333333333,0.0
USDT,2019-05-21,1.0,1.01,1.0,1.01,1.0011571428571429,1.006745,1.00664,1.002973077867783,1.0046184796701219,-0.0016454018023388528,-0.0017125375572783277,6.713575493947493e-05,50.0,1.006745,0.009465698461733198,1.0256763969234663,0.9878136030765337,0.010000000000000009,0.003743010058823771,0.009408231647062056,0.0,0.0,0.0,0.0,0.0,0,0.0,0.0,0.3333333333333333,0.0
USDT,2019-05-22,1.01,1.01,0.9984,1.0,1.001242857142857,1.0057450000000001,1.00644,1.0025156812727394,1.0042763700649275,-0.0017606887921881587,-0.001722167804260294,-3.8520987927864736e-05,36.7724867724867,1.0057450000000001,0.009038483512767124,1.0238219670255344,0.9876680329744658,-0.00990099009900991,0.00577558856556925,0.009581832313862955,0.0,0.0,0.0,0.0,0.0,0,0.0,0.0,0.3333333333333333,0.0
USDT,2019-05-23,1.0,1.0,0.9993,1.0,1.0014285714285713,1.004745,1.00624,1.0021286533846256,1.0039596019119699,-0.0018309485273442228,-0.0017439239488770799,-8.702457846714289e-05,36.7724867724867,1.004745,0.00846662021675552,1.021678240433511,0.9878117595664889,0.0,0.005765467986398406,0.009581832313862955,0.0,0.0,0.0,0.0,0.0,0,0.0,0.0,0.3333333333333333,0.0
USDT,2019-05-24,1.0,1.01,1.0,1.01,1.002857142857143,1.004745,1.00624,1.003339629786991,1.0044070388073796,-0.0010674090203885989,-0.0016086209631793837,0.0005412119427907849,63.2275132275133,1.004745,0.00846662021675552,1.021678240433511,0.9878117595664889,0.010000000000000009,0.006873373805255706,0.00958221432901844,0.0,0.0,0.0,0.0,0.0,0,0.0,0.0,0.3333333333333333,0.0
USDT,2019-05-25,1.01,1.01,1.0,1.0,1.002857142857143,1.003245,1.00604,1.0028258405889923,1.0040805914883144,-0.0012547508993221435,-0.0015378469504079358,0.0002830960510857923,50.0,1.003245,0.006077090283665781,1.0153991805673315,0.9910908194326684,-0.00990099009900991,0.008124588278693222,0.009764380583592998,0.0,0.0,0.0,0.0,0.0,0,0.0,0.0,0.3333333333333333,0.0
USDT,2019-05-26,1.0,1.01,1.0,1.01,1.0042857142857142,1.002745,1.00604,1.003929557421455,1.0045190661928838,-0.000589508771428715,-0.0013481793146120917,0.0007586705431833767,58.6505190311419,1.002745,0.004928913086123707,1.0126028261722475,0.9928871738277526,0.010000000000000009,0.008955465026462528,0.009887901716433802,0.0,0.0,0.0,0.0,0.0,0,0.0,0.0,0.3333333333333333,0.0
USDT,2019-05-27,1.01,1.01,1.0,1.0,1.0042857142857142,1.0022449999999998,1.00584,1.0033250101258466,1.0041843205489664,-0.000859310423119819,-0.0012504055363136372,0.0003910951131938182,50.0,1.0022449999999998,0.0046537449549043895,1.0115524899098085,0.992937510090191,-0.00990099009900991,0.009950512641866997,0.009692312675807576,0.0,0.0,0.0,0.0,0.0,0,0.0,0.0,0.3333333333333333,0.0
USDT,2019-05-28,1.0,1.0,1.0,1.0,1.002857142857143,1.001745,1.0056399999999999,1.0028134701064857,1.0038743708786726,-0.0010609007721869013,-0.0012125045834882901,0.00015160381130138885,52.47678018575851,1.001745,0.004300486508589561,1.0103459730171793,0.993144026982821,0.0,0.008950224885668294,0.00908851701097533,0.0,0.0,0.0,0.0,0.0,0,0.0,0.0,0.3333333333333333,0.0
USDT,2019-05-29,1.0,1.0,1.0,1.0,1.002857142857143,1.001245,1.0054400000000001,1.0023806285516417,1.0035873804432154,-0.0012067518915737097,-0.001211354045105374,4.602153531664413e-06,50.48387096774198,1.001245,0.003847688985137694,1.0089403779702752,0.9935496220297245,0.0,0.008124588278693222,0.007362666203200023,0.0,0.0,0.0,0.0,0.0,0,0.0,0.0,0.3333333333333333,0.0
USDT,2019-05-30,1.0,1.0,0.9994,1.0,1.002857142857143,1.001245,1.0054400000000001,1.0020143780052353,1.0033216485585328,-0.0013072705532974904,-0.0012305373467437974,-7.673320655369304e-05,51.06035889070144,1.001245,0.003847688985137694,1.0089403779702752,0.9935496220297245,0.0,0.008124588278693222,0.007156289836165416,0.0,0.0,0.0,0.0,0.0,0,0.0,0.0,0.3333333333333333,0.0
USDT,2019-05-31,1.0,1.0,0.9963,0.9988,1.0012571428571428,1.001185,1.0052159999999999,1.001519858312122,1.0029867116282711,-0.0014668533161490416,-0.0012778005406248463,-0.0001890527755241953,49.01960784313727,1.001185,0.0038773668493250167,1.00893973369865,0.99343026630135,-0.0011999999999999789,0.006833828496970206,0.007157868605324169,0.0,0.0,0.0,0.0,0.0,0,0.0,0.0,0.3333333333333333,0.0
USDT,2019-06-01,0.9988,1.0,0.9978,1.0,1.001257142857143,1.001185,1.005216,1.001286033956411,1.0027654737298808,-0.0014794397734698705,-0.0013181283871938512,-0.00016131138627601934,50.0,1.001185,0.0038773668493250167,1.00893973369865,0.99343026630135,0.0012014417300760805,0.005786645914908313,0.006899955587923153,0.0,0.0,0.0,0.0,0.0,0,0.0,0.0,0.3333333333333333,0.0
USDT,2019-06-02,1.0,1.0,0.9999,1.0,0.9998285714285716,1.001185,1.005216,1.0010881825785016,1.0025606238239637,-0.001472441245462086,-0.0013489909588474984,-0.00012345028661458774,50.0,1.001185,0.0038773668493250167,1.00893973369865,0.99343026630135,0.0,0.0038059802951325872,0.006899955587923153,0.0,0.0,0.0,0.0,0.0,0,0.0,0.0,0.3333333333333333,0.0
USDT,2019-06-03,1.0,1.0,0.9981,0.9984,0.9996,1.0012649999999998,1.004984,1.000674616027963,1.002252429466633,-0.0015778134386701392,-0.0013947554548120265,-0.00018305798385811274,48.749999999999964,1.0012649999999998,0.003797821397650928,1.0088606427953017,0.993669357204698,-0.0016000000000000458,0.0009200006091230987,0.006683284087894914,0.0,0.0,0.0,0.0,0.0,0,0.0,0.0,0.3333333333333333,0.0
USDT,2019-06-04,0.9984,1.0,0.9958,0.9995,0.9995285714285714,1.00127,1.004974,1.0004939058698148,1.002048545802438,-0.0015546399326231697,-0.0014267323503742552,-0.00012790758224891447,40.47186932849372,1.00127,0.003795301804798647,1.0088606036095975,0.9936793963904028,0.001101762820512997,0.0010505621974004546,0.005506008849900875,0.0,0.0,0.0,0.0,0.0,0,0.0,0.0,0.3333333333333333,0.0
USDT,2019-06-05,0.9994,1.0,0.9985,1.0,0.9995285714285715,1.001335,1.004774,1.0004179203513817,1.001896801668924,-0.0014788813175423687,-0.001437162143807878,-4.171917373449073e-05,50.0,1.001335,0.0037599377094549853,1.00885487541891,0.9938151245810901,0.0005002501250623848,0.0010729703340175707,0.0052582701207651615,0.0,0.0,0.0,0.0,0.0,0,0.0,0.0,0.3333333333333333,0.0
USDT,2019-06-06,1.0,1.0,1.0,1.0,0.9995285714285715,1.001335,1.004774,1.0003536249127076,1.0017562978415964,-0.0014026729288887374,-0.00143026430082405,2.7591371935312614e-05,50.0,1.001335,0.0037599377094549853,1.00885487541891,0.9938151245810901,0.0,0.0010729703340175707,0.004966051323476802,0.0,0.0,0.0,0.0,0.0,0,0.0,0.0,0.3333333333333333,0.0
USDT,2019-06-07,1.0,1.0,1.0,1.0,0.9997,1.001335,1.004574,1.0002992210799835,1.0016262017051818,-0.0013269806251983152,-0.001409607565698903,8.262694050058792e-05,35.9550561797753,1.001335,0.0037599377094549853,1.00885487541891,0.9938151245810901,0.0,0.0009363664952137298,0.004966051323476802,0.0,0.0,0.0,0.0,0.0,0,0.0,0.0,0.3333333333333333,0.0
USDT,2019-06-08,1.0,1.0,1.0,1.0,0.9996999999999999,1.001335,1.004574,1.0002531870676783,1.0015057423196128,-0.0012525552519344618,-0.0013781971029460148,0.00012564185101155301,50.0,1.001335,0.0037599377094549853,1.00885487541891,0.9938151245810901,0.0,0.0008189557295159129,0.004966051323476802,0.0,0.0,0.0,0.0,0.0,0,0.0,0.0,0.3333333333333333,0.0
USDT,2019-06-09,1.0,1.0,1.0,1.0,0.9996999999999999,1.001335,1.0043739999999999,1.0002142352111123,1.0013942058514933,-0.0011799706403810006,-0.001338551810433012,0.0001585811700520114,17.94871794871804,1.001335,0.0037599377094549853,1.00885487541891,0.9938151245810901,0.0,0.0008189557295159129,0.0046246031209384655,0.0,0.0,0.0,0.0,0.0,0,0.0,0.0,0.3333333333333333,0.0
USDT,2019-06-10,1.0,1.004,1.0,1.004,1.0005000000000002,1.001035,1.004254,1.0007966605632488,1.0015872276402715,-0.0007905670770227413,-0.001228954863750958,0.0004383877867282166,70.83333333333323,1.001035,0.0032348879424230477,1.0075047758848459,0.9945652241151538,0.0040000000000000036,0.0014708790007180975,0.004681606117280569,0.0,0.0,0.0,0.0,0.0,0,0.0,0.0,0.3333333333333333,0.0
USDT,2019-06-11,1.004,1.004,1.002,1.003,1.001,1.001185,1.004114,1.0011356358612105,1.001691877444696,-0.0005562415834854395,-0.0010944122076978543,0.0005381706242124148,64.15094339622568,1.001185,0.0032538681434211387,1.0076927362868422,0.9946772637131577,-0.0009960159362550902,0.0016066560087595993,0.004686189593171101,0.0,0.0,0.0,0.0,0.0,0,0.0,0.0,0.3333333333333333,0.0
USDT,2019-06-12,1.003,1.005,1.002,1.004,1.0015714285714286,1.001385,1.003994,1.0015763072671782,1.0018628494858295,-0.00028654221865132,-0.0009328382098885475,0.0006462959912372275,67.24137931034443,1.001385,0.003299804619420669,1.0079846092388414,0.9947853907611587,0.0009970089730808596,0.0016175714982580769,0.004688913661955118,0.0,0.0,0.0,0.0,0.0,0,0.0,0.0,0.3333333333333333,0.0
USDT,2019-06-13,1.004,1.005,1.002,1.002,1.0018571428571428,1.000985,1.004034,1.0016414907645355,1.0018730087831755,-0.0002315180186400756,-0.0007925741716388532,0.0005610561529987776,57.352941176470445,1.000985,0.0026141870025391217,1.0062133740050783,0.9957566259949218,-0.0019920318725099584,0.0018875780297443968,0.004664332018504915,0.0,0.0,0.0,0.0,0.0,0,0.0,0.0,0.3333333333333333,0.0
USDT,2019-06-14,1.002,1.003,1.001,1.003,1.0022857142857142,1.001135,1.004094,1.0018504921853761,1.0019564896140514,-0.00010599742867523076,-0.0006552588230461288,0.000549261394370898,65.67164179104407,1.001135,0.0026406289123361622,1.0064162578246725,0.9958537421753277,0.0009980039920158834,0.0018999379918239352,0.00464469444127604,0.0,0.0,0.0,0.0,0.0,0,0.0,0.0,0.3333333333333333,0.0
USDT,2019-06-15,1.003,1.005,1.003,1.004,1.002857142857143,1.000835,1.0042659999999999,1.0021811856953182,1.0021078607537512,7.332494156697678e-05,-0.0005095420701235077,0.0005828670116904845,65.1515151515148,1.000835,0.0017815649536978091,1.0043981299073956,0.9972718700926043,0.0009970089730808596,0.0018997388449957602,0.004644564805554571,0.0,0.0,0.0,0.0,0.0,0,0.0,0.0,0.3333333333333333,0.0
USDT,2019-06-16,1.004,1.006,1.002,1.002,1.0031428571428571,1.000935,1.004106,1.0021533109729617,1.0020998710682882,5.3439904673435734e-05,-0.000396945675164119,0.00045038557983755474,56.57894736842091,1.000935,0.001788346781404595,1.0045116935628091,0.9973583064371907,-0.0019920318725099584,0.0021344094565084225,0.004656218163937659,0.0,0.0,0.0,0.0,0.0,0,0.0,0.0,0.3333333333333333,0.0
USDT,2019-06-17,1.002,1.004,1.001,1.004,1.0031428571428571,1.001135,1.004352,1.0024374169771215,1.002240621359526,0.00019679561759544661,-0.0002781974166122059,0.0004749930342076525,67.94871794871779,1.001135,0.0018985520798845907,1.0049321041597692,0.9973378958402309,0.001996007984031989,0.001627704636556118,0.004669320995667095,0.0,0.0,0.0,0.0,0.0,0,0.0,0.0,0.3333333333333333,0.0
USDT,2019-06-18,1.004,1.004,0.9991,0.9999,1.0027000000000001,1.00113,1.00395,1.0020470451344874,1.002067241999561,-2.0196865073707215e-05,-0.00022659730630450616,0.00020640044123079894,51.07526881720417,1.00113,0.0019018273760925697,1.0049336547521852,0.9973263452478149,-0.004083665338645459,0.002244470349935727,0.004732745760028077,0.0,0.0,0.0,0.0,0.0,0,0.0,0.0,0.3333333333333333,0.0
USDT,2019-06-19,0.9999,1.003,0.9993,1.003,1.0025571428571427,1.00128,1.00381,1.0021936535753355,1.0021363351847787,5.7318390556782006e-05,-0.00016981416693224853,0.00022713255748903053,57.07547169811291,1.00128,0.0019261633531951902,1.0051323267063903,0.9974276732936096,0.003100310031002973,0.0025840059422989766,0.0047663065233373,0.0,0.0,0.0,0.0,0.0,0,0.0,0.0,0.3333333333333333,0.0
USDT,2019-06-20,1.003,1.004,1.002,1.003,1.0027,1.00149,1.00367,1.0023177068714377,1.0022003103562767,0.0001173965151610723,-0.00011237203051358436,0.00022976854567465665,57.07547169811291,1.00149,0.0018696748943494966,1.005229349788699,0.997750650211301,0.0,0.002452317398907564,0.004385304788549444,0.0,0.0,0.0,0.0,0.0,0,0.0,0.0,0.3333333333333333,0.0
USDT,2019-06-21,1.003,1.004,1.001,1.002,1.0025571428571427,1.00159,1.00331,1.0022688288912165,1.002185472552108,8.335633910849793e-05,-7.322635658916791e-05,0.00015658269569766584,54.50450450450451,1.00159,0.0018390214789486927,1.0052680429578973,0.9979119570421026,-0.0009970089730806375,0.0024526010442876556,0.0039912835850945015,0.0,0.0,0.0,0.0,0.0,0,0.0,0.0,0.3333333333333333,0.0
USDT,2019-06-22,1.002,1.004,0.9982,1.002,1.0022714285714287,1.00169,1.00295,1.00222747060026,1.0021717338445444,5.573675571568515e-05,-4.74337341281973e-05,0.00010317048984388245,54.50450450450451,1.00169,0.0018020164144450842,1.0052940328288902,0.9980859671711098,0.0,0.0024040415585016447,0.0039912835850945015,0.0,0.0,0.0,0.0,0.0,0,0.0,0.0,0.3333333333333333,0.0
USDT,2019-06-23,1.002,1.002,0.9963,0.9966,1.0014999999999998,1.0016,1.0026819999999999,1.0013617058925277,1.0017590128190226,-0.000397306926494867,-0.00011740837260153125,-0.0002798985538933357,43.84057971014499,1.0016,0.0020081413244545316,1.005616282648909,0.997583717351091,-0.005389221556886148,0.0030600920525128803,0.003645575178230526,0.0,0.0,0.0,0.0,0.0,0,0.0,0.0,0.3333333333333333,0.0
USDT,2019-06-24,0.9966,1.001,0.9966,0.9984,1.0007,1.001545,1.00205,1.0009060588321388,1.0015101970546505,-0.0006041382225117076,-0.00021475434258356652,-0.0003893838799281411,38.976377952755755,1.001545,0.0020823759203656804,1.0057097518407312,0.9973802481592685,0.0018061408789884492,0.003032227531400502,0.0031967197146888257,0.0,0.0,0.0,0.0,0.0,0,0.0,0.0,0.3333333333333333,0.0
USDT,2019-06-25,0.9984,1.0,0.9967,0.9968,1.0002571428571427,1.001385,1.0015859999999999,1.0002743574733481,1.0011612935691208,-0.0008869360957726169,-0.0003491906932213766,-0.0005377454025512402,38.07692307692318,1.001385,0.0023170478040709956,1.006019095608142,0.996750904391858,-0.0016025641025639858,0.002711787586536941,0.0025818228077962714,0.0,0.0,0.0,0.0,0.0,0,0.0,0.0,0.3333333333333333,0.0
USDT,2019-06-26,0.9968,0.9983,0.9825,0.9899,0.9983857142857142,1.00088,1.001184,0.9986783024774484,1.000327123675112,-0.0016488211976635192,-0.0006091167941098052,-0.0010397044035537141,27.899686520375894,1.00088,0.0034556742049215556,1.007791348409843,0.9939686515901569,-0.006922150882825107,0.0031424662462450556,0.002239857965974621,0.0,0.0,0.0,0.0,0.0,0,0.0,0.0,0.3333333333333333,0.0
USDT,2019-06-27,0.9899,0.9951,0.9858,0.9926,0.9969,1.0005099999999998,1.0008359999999998,0.9977431790193794,0.9997547441436221,-0.00201156512424272,-0.0008896064601363882,-0.001121958664106332,35.58282208588946,1.0005099999999998,0.0039198415650087675,1.0083496831300174,0.9926703168699823,0.002727548237195787,0.0035552745606117053,0.0023082745107467265,0.0,0.0,0.0,0.0,0.0,0,0.0,0.0,0.3333333333333333,0.0
USDT,2019-06-28,0.9926,0.9961,0.9852,0.9926,0.9955571428571429,1.00014,1.000488,0.9969519207087056,0.9992247630959464,-0.002272842387240792,-0.001166253645557269,-0.0011065887416835231,33.54430379746846,1.00014,0.004301211579620883,1.008742423159242,0.9915375768407583,0.0,0.0035976820011164807,0.0023082745107467265,0.0,0.0,0.0,0.0,0.0,0,0.0,0.0,0.3333333333333333,0.0
USDT,2019-06-29,0.9926,0.999,0.9915,0.9973,0.9948857142857143,1.000005,1.0004339999999998,0.9970054713689047,0.9990821880518023,-0.0020767166828975503,-0.0013483462530253254,-0.0007283704298722249,40.50991501416413,1.000005,0.004347954752104589,1.0087009095042092,0.9913090904957909,0.004735039290751475,0.004273324025575066,0.002481024315724211,0.0,0.0,0.0,0.0,0.0,0,0.0,0.0,0.3333333333333333,0.0
USDT,2019-06-30,0.9973,1.001,0.9919,0.9944,0.9945714285714286,0.999525,1.000322,0.9966046296198424,0.9987353593072243,-0.002130729687381927,-0.0015048229398966458,-0.0006259067474852812,39.50276243093902,0.999525,0.004413123371804773,1.0083512467436095,0.9906987532563905,-0.002907851198235223,0.003902848524650202,0.0025266148867699066,0.0,0.0,0.0,0.0,0.0,0,0.0,0.0,0.3333333333333333,0.0
USDT,2019-07-01,0.9943,1.002,0.9927,1.001,0.994942857142857,0.9994250000000001,1.000342,0.9972808404475589,0.9989031104696522,-0.0016222700220932529,-0.0015283123563359674,-9.395766575728544e-05,46.323529411764525,0.9994250000000001,0.00435247963204896,1.008129959264098,0.9907200407359023,0.006637168141592875,0.004687498073885315,0.002805902376187214,0.0,0.0,0.0,0.0,0.0,0,0.0,0.0,0.3333333333333333,0.0
USDT,2019-07-02,1.001,1.004,0.9964,1.002,0.9956857142857143,0.999325,1.000382,0.9980068649940883,0.9991325096941224,-0.0011256447000340675,-0.0014477788250755875,0.00032213412504152007,52.78514588859417,0.999325,0.004263909128096436,1.007852818256193,0.9907971817438072,0.0009990009990010762,0.004606448554538018,0.0028113692787142966,0.0,0.0,0.0,0.0,0.0,0,0.0,0.0,0.3333333333333333,0.0
USDT,2019-07-03,1.002,1.003,1.0,1.002,0.9974142857142857,0.999325,1.000486,0.9986211934565362,0.9993449163834467,-0.000723722926910475,-0.0013029676454425652,0.0005792447185320902,48.55491329479783,0.999325,0.004263909128096436,1.007852818256193,0.9907971817438072,0.0,0.0032180364347297228,0.0027937086368968627,0.0,0.0,0.0,0.0,0.0,0,0.0,0.0,0.3333333333333333,0.0
USDT,2019-07-04,1.002,1.004,1.002,1.002,0.9987571428571428,0.9992750000000001,1.000538,0.9991410098478384,0.9995415892439321,-0.0004005793960937254,-0.0011224899955727973,0.0007219105994790719,48.55491329479783,0.9992750000000001,0.004224225248184683,1.0077234504963695,0.9908265495036308,0.0,0.0032437789072435547,0.002787643845636989,0.0,0.0,0.0,0.0,0.0,0,0.0,0.0,0.3333333333333333,0.0
USDT,2019-07-05,1.003,1.003,0.9982,1.002,1.0001,0.9991749999999999,1.0006039999999998,0.9995808544866325,0.9997236937443815,-0.00014283925774905004,-0.0009265598480080479,0.0007837205902589978,50.0,0.9991749999999999,0.004129084899259834,1.0074331697985195,0.9909168302014802,0.0,0.0032437789072435547,0.0027865828245247064,0.0,0.0,0.0,0.0,0.0,0,0.0,0.0,0.3333333333333333,0.0
USDT,2019-07-06,1.002,1.005,1.001,1.003,1.0009142857142856,0.999225,1.0006639999999998,1.0001068768733044,0.9999663830966495,0.00014049377665481533,-0.0007131491230754753,0.0008536428997302906,51.44508670520216,0.999225,0.0041709364088113625,1.0075668728176228,0.9908831271823773,0.0009980039920158834,0.0028814701049839444,0.002791666482170271,0.0,0.0,0.0,0.0,0.0,0,0.0,0.0,0.3333333333333333,0.0
USDT,2019-07-07,1.003,1.005,1.0,1.003,1.002142857142857,0.9991749999999999,1.000724,1.0005519727389498,1.0001910954598607,0.00036087727908906686,-0.0004983438426425669,0.0008592211217316337,60.958904109588865,0.9991749999999999,0.004116318615875205,1.0074076372317504,0.9909423627682495,0.0,0.002428860038524596,0.002791666482170271,0.0,0.0,0.0,0.0,0.0,0,0.0,0.0,0.3333333333333333,0.0
USDT,2019-07-08,1.003,1.005,1.003,1.004,1.0025714285714284,0.9993799999999998,1.000804,1.001082438471419,1.000473236536908,0.0006092019345109723,-0.0002768346872118591,0.0008860366217228314,59.859154929577564,0.9993799999999998,0.004254112561303831,1.0078882251226076,0.9908717748773922,0.0009970089730808596,0.000533456236840726,0.0027963209609010746,0.0,0.0,0.0,0.0,0.0,0,0.0,0.0,0.3333333333333333,0.0
USDT,2019-07-09,1.004,1.005,1.0,1.002,1.0025714285714284,0.9993299999999999,1.0008439999999998,1.0012236017835083,1.0005863301267666,0.0006372716567417669,-9.401341842113389e-05,0.0007312850751629008,59.02777777777773,0.9993299999999999,0.004215023256479623,1.0077600465129593,0.9908999534870407,-0.0019920318725099584,0.0009965129679722958,0.002823204839251756,0.0,0.0,0.0,0.0,0.0,0,0.0,0.0,0.3333333333333333,0.0
USDT,2019-07-10,1.002,1.003,0.9981,0.9992,1.0021714285714285,0.9991399999999999,1.0006279999999999,1.0009122784321993,1.0004836390062652,0.0004286394259340742,1.0517150449907736e-05,0.0004181222754841665,68.825910931174,0.9991399999999999,0.00412558129875827,1.0073911625975165,0.9908888374024833,-0.0027944111776447844,0.0014522286959107707,0.0027691118149492993,0.0,0.0,0.0,0.0,0.0,0,0.0,0.0,0.3333333333333333,0.0
USDT,2019-07-11,0.9992,1.002,0.9983,1.0,1.0018857142857143,0.9990399999999999,1.0006279999999999,1.0007719279041687,1.00044781389469,0.0003241140094787376,7.32365222556737e-05,0.0002508774872230639,66.22807017543849,0.9990399999999999,0.00407655685468828,1.0071931137093766,0.9908868862906234,0.0008006405124099114,0.0015188708148106338,0.002769746970715585,0.0,0.0,0.0,0.0,0.0,0,0.0,0.0,0.3333333333333333,0.0
USDT,2019-07-12,1.0,1.003,0.9987,1.002,1.0018857142857143,0.9990399999999999,1.0006680000000001,1.0009608620727581,1.0005627906432315,0.0003980714295266363,0.00013820350370986623,0.0002598679258167701,68.95161290322571,0.9990399999999999,0.00407655685468828,1.0071931137093766,0.9908868862906234,0.0020000000000000018,0.0017515696190648405,0.002789380954647551,0.0,0.0,0.0,0.0,0.0,0,0.0,0.0,0.3333333333333333,0.0
USDT,2019-07-13,1.002,1.003,0.9963,0.9963,1.0009285714285714,0.9990249999999999,1.000394,1.000243806369257,1.0002470283733624,-3.22200410551865e-06,0.00010991840214678926,-0.00011314040625230791,48.06201550387598,0.9990249999999999,0.004086547249339588,1.0071980944986791,0.9908519055013207,-0.005688622754491002,0.002689569587333489,0.0029543183375811137,0.0,0.0,0.0,0.0,0.0,0,0.0,0.0,0.3333333333333333,0.0
USDT,2019-07-14,0.9963,1.0,0.9957,0.9993,1.0004,0.99907,1.00038,1.0000986053893712,1.0001768781234837,-7.827273411242786e-05,7.228017489494584e-05,-0.0001505529090073737,59.45945945945943,0.99907,0.00408425732474941,1.0072385146494989,0.9909014853505012,0.003011141222523328,0.003080020360104235,0.003004573252785715,0.0,0.0,0.0,0.0,0.0,0,0.0,0.0,0.3333333333333333,0.0
USDT,2019-07-15,0.9993,1.002,0.9986,1.0,0.9998285714285713,0.9992300000000001,1.00018,1.0000834353294679,1.0001637760402626,-8.034071079476846e-05,4.175599775700298e-05,-0.00012209670855177143,47.500000000000306,0.9992300000000001,0.004053211851830839,1.0073364237036617,0.9911235762963384,0.0007004903432403786,0.0030575765588249228,0.0030012619073017674,0.0,0.0,0.0,0.0,0.0,0,0.0,0.0,0.3333333333333333,0.0
USDT,2019-07-16,1.0,1.001,0.9972,0.9998,0.9995142857142857,0.999725,1.000176,1.000039829894165,1.0001368296669098,-9.699977274468807e-05,1.4004843656664767e-05,-0.00011100461640135283,44.27083333333342,0.999725,0.0034067850255863285,1.0065385700511726,0.9929114299488273,-0.00019999999999997797,0.0029926207481445416,0.0029806598274117286,0.0,0.0,0.0,0.0,0.0,0,0.0,0.0,0.3333333333333333,0.0
USDT,2019-07-17,0.9998,1.002,0.9989,1.001,0.9997714285714286,1.000145,1.0001959999999999,1.0001875483719858,1.0002007682101015,-1.3219838115752225e-05,8.559907302181369e-06,-2.1779745417933592e-05,47.549019607842865,1.000145,0.0029722355577173985,1.006089471115435,0.9942005288845652,0.0012002400480095599,0.0028155657748344474,0.0029651499520505806,0.0,0.0,0.0,0.0,0.0,0,0.0,0.0,0.3333333333333333,0.0
USDT,2019-07-18,1.001,1.003,0.9993,1.001,0.9999142857142856,1.0005650000000001,1.000216,1.0003125409301419,1.000259970564909,5.257036523298453e-05,1.7361998888342e-05,3.520836634464253e-05,47.549019607842865,1.0005650000000001,0.0023855430806228074,1.0053360861612457,0.9957939138387545,0.0,0.002806215907261217,0.0028678902326463923,0.0,0.0,0.0,0.0,0.0,0,0.0,0.0,0.3333333333333333,0.0
USDT,2019-07-19,1.001,1.003,1.0,1.001,0.9997714285714286,1.0007499999999998,1.0002360000000001,1.0004183038639662,1.0003147875601008,0.000103516303865403,3.4592859883754204e-05,6.89234439816488e-05,47.549019607842865,1.0007499999999998,0.0022591335087949246,1.0052682670175896,0.99623173298241,0.0,0.0026852179108172464,0.0028090901860936862,0.0,0.0,0.0,0.0,0.0,0,0.0,0.0,0.3333333333333333,0.0
USDT,2019-07-20,1.001,1.002,1.0,1.002,1.0005857142857144,1.00113,1.0003,1.0006616417310483,1.0004396181112045,0.00022202361984380303,7.207901187576398e-05,0.00014994460796803906,47.549019607843434,1.00113,0.001706365790374441,1.004542731580749,0.9977172684192512,0.0009990009990010762,0.0011088346034001694,0.0028157725882004664,0.0,0.0,0.0,0.0,0.0,0,0.0,0.0,0.3333333333333333,0.0
USDT,2019-07-21,1.002,1.002,0.9976,0.9994,1.0006,1.0010499999999998,1.000288,1.0004675430031946,1.0003626093622264,0.00010493364096819668,7.864993769425052e-05,2.6283703273946165e-05,42.17391304347848,1.0010499999999998,0.0017497368223256603,1.0045494736446512,0.9975505263553485,-0.0025948103792415855,0.001271530191201675,0.0028496134060069372,0.0,0.0,0.0,0.0,0.0,0,0.0,0.0,0.3333333333333333,0.0
USDT,2019-07-22,0.9994,1.001,0.9975,0.9982,1.000342857142857,1.0008599999999999,1.000252,1.0001186902334724,1.0002024160761356,-8.372584266314043e-05,4.617478162277233e-05,-0.00012990062428591275,37.5,1.0008599999999999,0.001844879114576959,1.0045497582291538,0.9971702417708459,-0.0012007204322593834,0.0013033545591556214,0.0028568353235207925,0.0,0.0,0.0,0.0,0.0,0,0.0,0.0,0.3333333333333333,0.0
USDT,2019-07-23,0.9982,1.0,0.9973,0.9996,1.0003142857142857,1.00074,1.000276,1.0000388917360152,1.0001577926630885,-0.00011890092707322886,1.3159639883572094e-05,-0.00013206056695680096,44.6902654867258,1.00074,0.0018448791145769517,1.004429758229154,0.9970502417708461,0.0014025245441795509,0.0014477028447822506,0.0026892902722506474,0.0,0.0,0.0,0.0,0.0,0,0.0,0.0,0.3333333333333333,0.0
USDT,2019-07-24,0.9996,1.001,0.9983,1.0,1.0001714285714285,1.00064,1.000286,1.000032908392013,1.0001461043176745,-0.00011319592566150227,-1.211147322544278e-05,-0.00010108445243605949,51.980198019802025,1.00064,0.0018271058506576742,1.0042942117013154,0.9969857882986847,0.0004001600640255454,0.001363749279810146,0.0026707861018661124,0.0,0.0,0.0,0.0,0.0,0,0.0,0.0,0.3333333333333333,0.0
USDT,2019-07-25,1.0,1.002,0.9999,1.001,1.0001714285714285,1.0005899999999999,1.000306,1.0001816917163187,1.0002093558496985,-2.7664133379845524e-05,-1.5222005256323328e-05,-1.2442128123522195e-05,52.450980392156595,1.0005899999999999,0.0018014321787873822,1.0041928643575746,0.9969871356424251,0.0009999999999998899,0.001431780431193649,0.0026572611845077023,0.0,0.0,0.0,0.0,0.0,0,0.0,0.0,0.3333333333333333,0.0
USDT,2019-07-26,1.001,1.003,1.0,1.001,1.0001714285714285,1.0004899999999999,1.000326,1.0003075852984236,1.0002679220830542,3.9663215369412086e-05,-4.244961131176246e-06,4.390817650058833e-05,47.28260869565187,1.0004899999999999,0.0017139980961827289,1.0039179961923654,0.9970620038076344,0.0,0.001431780431193649,0.002298942366143246,0.0,0.0,0.0,0.0,0.0,0,0.0,0.0,0.3333333333333333,0.0
USDT,2019-07-27,1.001,1.003,0.9964,0.9989,0.9997285714285714,1.0002849999999999,1.000304,1.0000910337140507,1.0001665945213465,-7.556080729576031e-05,-1.8508130364093062e-05,-5.705267693166725e-05,58.783783783784045,1.0002849999999999,0.0016416535309934429,1.0035683070619867,0.997001692938013,-0.002097902097901949,0.0015458811855028202,0.0022974269825933318,0.0,0.0,0.0,0.0,0.0,0,0.0,0.0,0.3333333333333333,0.0
USDT,2019-07-28,0.9989,1.003,0.998,0.9982,0.9995571428571429,0.999995,1.000268,0.9998001054503506,1.0000209208530986,-0.00022081540274798694,-5.896958484087184e-05,-0.00016184581790711512,45.59999999999999,0.999995,0.001452212468155136,1.0028994249363103,0.9970905750636897,-0.0007007708479327412,0.0012420828147771943,0.0023032274775962552,0.0,0.0,0.0,0.0,0.0,0,0.0,0.0,0.3333333333333333,0.0
USDT,2019-07-29,0.9982,1.0,0.9959,0.9985,0.9996,0.9998199999999999,1.000238,0.9996000892272198,0.9999082600491653,-0.00030817082194556367,-0.00010880983226181022,-0.00019936098968375345,43.801652892562146,0.9998199999999999,0.0014080968866306055,1.002636193773261,0.9970038062267387,0.0003005409737528719,0.0011616475881786861,0.0021378458973392122,0.0,0.0,0.0,0.0,0.0,0,0.0,0.0,0.3333333333333333,0.0
USDT,2019-07-30,0.9985,1.003,0.998,1.001,0.9997999999999999,0.9999100000000001,1.000178,0.9998154601153398,0.9999891296751531,-0.00017366955981323873,-0.00012178177777209592,-5.188778204114281e-05,54.16666666666629,0.9999100000000001,0.0014238199176610476,1.0027576398353222,0.997062360164678,0.0025037556334499556,0.0014218063599129084,0.002108443029666083,0.0,0.0,0.0,0.0,0.0,0,0.0,0.0,0.3333333333333333,0.0
USDT,2019-07-31,1.001,1.003,0.9998,1.002,1.0000857142857142,1.00001,1.0001579999999999,1.0001515431745183,1.0001380830325493,1.3460141969012795e-05,-9.473339382387418e-05,0.00010819353579288697,53.52112676056378,1.00001,0.001498736309812171,1.0030074726196243,0.9970125273803757,0.0009990009990010762,0.0014534624664793699,0.0017352115649206267,0.0,0.0,0.0,0.0,0.0,0,0.0,0.0,0.3333333333333333,0.0
USDT,2019-08-01,1.002,1.003,1.0,1.001,1.0000857142857142,0.9999600000000001,1.000098,1.000282074993823,1.000201928733842,8.014625998109537e-05,-5.9757463062880274e-05,0.00013990372304397564,50.0,0.9999600000000001,0.0014445542018695081,1.0028491084037392,0.997070891596261,-0.0009980039920161055,0.0014857881659703232,0.001735249638683644,0.0,0.0,0.0,0.0,0.0,0,0.0,0.0,0.3333333333333333,0.0
USDT,2019-08-02,1.001,1.002,1.0,1.0,0.999942857142857,1.000145,1.000058,1.0002386788409272,1.0001869710498537,5.1707791073551945e-05,-3.746441223559383e-05,8.917220330914577e-05,46.91358024691391,1.000145,0.0011600703245615827,1.0024651406491232,0.997824859350877,-0.0009990009990008542,0.0015331188100327288,0.0017441804393792213,0.0,0.0,0.0,0.0,0.0,0,0.0,0.0,0.3333333333333333,0.0
USDT,2019-08-03,1.0,1.002,0.9998,1.001,1.000242857142857,1.0002299999999997,1.000018,1.0003558051730923,1.000247195416531,0.00010860975656123983,-8.249578476227098e-06,0.00011685933503746693,46.913580246913185,1.0002299999999997,0.0011571744171094914,1.0025443488342187,0.9979156511657807,0.0009999999999998899,0.0013044090280203628,0.0017549900726526054,0.0,0.0,0.0,0.0,0.0,0,0.0,0.0,0.3333333333333333,0.0
USDT,2019-08-04,1.001,1.003,1.001,1.001,1.000642857142857,1.0002799999999998,0.999958,1.0004549120695396,1.0003029587190102,0.00015195335052942127,2.3791007324902576e-05,0.0001281623432045187,55.88235294117635,1.0002799999999998,0.001168264569905696,1.0026165291398113,0.9979434708601884,0.0,0.001240033289886713,0.0017549900726526054,0.0,0.0,0.0,0.0,0.0,0,0.0,0.0,0.3333333333333333,0.0
USDT,2019-08-05,1.001,1.002,1.0,1.0,1.0008571428571427,1.0002900000000001,0.999918,1.0003849255973027,1.000280517332417,0.00010440826488578026,3.991445883707811e-05,6.449380604870214e-05,56.71641791044804,1.0002900000000001,0.0011647904713462658,1.0026195809426925,0.9979604190573076,-0.0009990009990008542,0.0013499682103702215,0.0017524543658880042,0.0,0.0,0.0,0.0,0.0,0,0.0,0.0,0.3333333333333333,0.0
USDT,2019-08-06,1.0,1.002,0.9986,0.9989,1.0005571428571427,1.0001849999999999,0.999816,1.00015647550541,1.000178256789275,-2.1781283864985568e-05,2.7575310296665376e-05,-4.9356594161650944e-05,47.32824427480894,1.0001849999999999,0.0011917589830657627,1.0025685179661314,0.9978014820338683,-0.0010999999999999899,0.0009636576743538396,0.0017618081386683267,0.0,0.0,0.0,0.0,0.0,0,0.0,0.0,0.3333333333333333,0.0
USDT,2019-08-07,0.9989,1.001,0.9985,0.9995,1.0002,1.0001099999999998,0.999808,1.0000554792738086,1.000128015545625,-7.253627181635913e-05,7.552993874060474e-06,-8.00892656904196e-05,48.12030075187986,1.0001099999999998,0.0011849494770628784,1.0024798989541255,0.9977401010458741,0.0006006607267994291,0.0008825413911648411,0.0017544973267765152,0.0,0.0,0.0,0.0,0.0,0,0.0,0.0,0.3333333333333333,0.0
USDT,2019-08-08,0.9995,1.002,0.9981,1.001,1.0002,1.00011,0.999768,1.0002007901547612,1.0001926069866898,8.183168071385083e-06,7.679028713525397e-06,5.041393578596863e-07,50.0,1.00011,0.0011849494770628784,1.0024798989541257,0.9977401010458743,0.0015007503751873763,0.0010660713960668046,0.0017437820206727878,0.0,0.0,0.0,0.0,0.0,0,0.0,0.0,0.3333333333333333,0.0
USDT,2019-08-09,1.001,1.002,0.9983,1.001,1.0003428571428572,1.00006,0.999728,1.0003237455155671,1.0002524138765645,7.13316390026364e-05,2.0409550771347597e-05,5.0922088231288796e-05,50.0,1.00006,0.0011203382947889042,1.0023006765895777,0.9978193234104221,0.0,0.000972753944551309,0.001663930315516475,0.0,0.0,0.0,0.0,0.0,0,0.0,0.0,0.3333333333333333,0.0
USDT,2019-08-10,1.001,1.002,0.9973,0.9987,1.0000142857142857,1.000025,0.9996619999999998,1.0000739385131723,1.0001374202560782,-6.348174290593533e-05,3.6312920358910108e-06,-6.711303494182635e-05,49.28571428571434,1.000025,0.0011525144136703227,1.0023300288273407,0.9977199711726593,-0.002297702297702209,0.0012481893613626358,0.0017119232689978582,0.0,0.0,0.0,0.0,0.0,0,0.0,0.0,0.3333333333333333,0.0
USDT,2019-08-11,0.9988,1.004,0.9983,1.0,0.9998714285714286,1.0001149999999999,0.999622,1.0000625633572997,1.00012724097785,-6.467762055040183e-05,-1.0030490481367556e-05,-5.464713006903427e-05,56.16438356164412,1.0001149999999999,0.0010698130677990814,1.002254626135598,0.9979753738644017,0.0013016921998598718,0.0013936673445742514,0.0016877788704278039,0.0,0.0,0.0,0.0,0.0,0,0.0,0.0,0.3333333333333333,0.0
USDT,2019-08-12,1.0,1.002,0.9982,1.001,1.0000142857142857,1.0001849999999999,0.99971,1.0002067843792535,1.0001918897943056,1.489458494785545e-05,-5.045475395522956e-06,1.9940060343378405e-05,58.169934640522705,1.0001849999999999,0.0010800950250749307,1.0023451900501497,0.99802480994985,0.0009999999999998899,0.0013935852428912617,0.001321312002663022,0.0,0.0,0.0,0.0,0.0,0,0.0,0.0,0.3333333333333333,0.0
USDT,2019-08-13,1.001,1.001,0.9972,1.0,1.0001714285714285,1.0001849999999999,0.9997419999999999,1.0001749713978298,1.0001776757354681,-2.704337638270715e-06,-4.577247844072508e-06,1.8729102058017929e-06,46.37681159420313,1.0001849999999999,0.0010800950250749307,1.0023451900501497,0.99802480994985,-0.0009990009990008542,0.0013790100314422119,0.0012217873501728037,0.0,0.0,0.0,0.0,0.0,0,0.0,0.0,0.3333333333333333,0.0
USDT,2019-08-14,1.0,1.001,0.9975,0.9997,1.0002,1.0001200000000001,0.9998,1.0001018988750867,1.0001422923476557,-4.039347256901138e-05,-1.1740492789060283e-05,-2.8652979779951096e-05,41.22137404580113,1.0001200000000001,0.0010675106310487536,1.0022550212620975,0.9979849787379026,-0.00029999999999996696,0.0013728344259584491,0.0012163294601499463,0.0,0.0,0.0,0.0,0.0,0,0.0,0.0,0.3333333333333333,0.0
USDT,2019-08-15,0.9997,1.002,0.9982,1.002,1.0003428571428572,1.00017,1.0000419999999999,1.0003939144327656,1.0002799003219034,0.00011401411086220392,1.3410427941192559e-05,0.00010060368292101137,53.47222222222284,1.00017,0.0011323473523391617,1.0024346947046783,0.9979053052953217,0.0023006902070621393,0.001538967863194501,0.0012864738529759804,0.0,0.0,0.0,0.0,0.0,0,0.0,0.0,0.3333333333333333,0.0
USDT,2019-08-16,1.002,1.003,0.9996,1.002,1.0004857142857142,1.000325,1.00023,1.0006410045200325,1.0004073151128736,0.00023368940715884357,5.746622378472276e-05,0.0001762231833741208,57.46268656716463,1.000325,0.0011611586772349348,1.0026473173544699,0.99800268264553,0.0,0.001538967863194501,0.001268784956883486,0.0,0.0,0.0,0.0,0.0,0,0.0,0.0,0.3333333333333333,0.0
USDT,2019-08-17,1.002,1.012,1.001,1.001,1.0008142857142857,1.000465,1.000398,1.0006962345938737,1.0004512176971052,0.0002450168967684796,9.497635838147413e-05,0.00015004053838700546,50.0,1.000465,0.001055449517620021,1.00257589903524,0.9983541009647598,-0.0009980039920161055,0.0012458157186508183,0.0012827159033892764,0.0,0.0,0.0,0.0,0.0,0,0.0,0.0,0.3333333333333333,0.0
USDT,2019-08-18,1.001,1.011,1.001,1.001,1.0009571428571429,1.00059,1.000472,1.0007429677332778,1.0004918682380604,0.0002510994952173995,0.00012620098574865922,0.00012489850946874028,50.0,1.00059,0.0009536081066593928,1.0024972162133188,0.9986827837866813,0.0,0.0011714149841903475,0.0012827159033892764,0.0,0.0,0.0,0.0,0.0,0,0.0,0.0,0.3333333333333333,0.0
USDT,2019-08-19,1.001,1.015,1.001,1.002,1.0010999999999999,1.00064,1.000624,1.0009363573127734,1.0006035817019077,0.00033277561086575425,0.00016751591077207825,0.000165259700093676,57.46268656716439,1.00064,0.0010012623611338636,1.0026425247222677,0.9986374752777323,0.0009990009990010762,0.0011712932827485573,0.0012827159033892764,0.0,0.0,0.0,0.0,0.0,0,0.0,0.0,0.3333333333333333,0.0
USDT,2019-08-20,1.002,1.003,1.0,1.001,1.001242857142857,1.00059,1.000624,1.0009461484954236,1.000632946020285,0.00031320247513866306,0.00019665322364539523,0.00011654925149326783,57.894736842104955,1.00059,0.0009536081066593928,1.0024972162133188,0.9986827837866813,-0.0009980039920161055,0.0011711312857668897,0.0012018789982230031,0.0,0.0,0.0,0.0,0.0,0,0.0,0.0,0.3333333333333333,0.0
USDT,2019-08-21,1.001,1.003,0.9988,1.0,1.0012857142857143,1.0005399999999998,1.000584,1.0008005871884353,1.0005860611298936,0.0002145260585417752,0.00020022779062467123,1.4298267917103966e-05,51.82481751824802,1.0005399999999998,0.000957188866603488,1.0024543777332067,0.9986256222667927,-0.0009990009990008542,0.0012428424242367584,0.0011951627084511249,0.0,0.0,0.0,0.0,0.0,0,0.0,0.0,0.3333333333333333,0.0
USDT,2019-08-22,1.0,1.006,0.9987,1.001,1.0011428571428571,1.0005899999999999,1.000564,1.0008312660825223,1.00061672326842,0.00021454281410226983,0.00020309079532019095,1.1452018782078877e-05,50.0,1.0005899999999999,0.0009536081066593928,1.0024972162133186,0.9986827837866811,0.0009999999999998899,0.0008987316140638168,0.0011817641807208114,0.0,0.0,0.0,0.0,0.0,0,0.0,0.0,0.3333333333333333,0.0
USDT,2019-08-23,1.001,1.004,1.0,1.001,1.001,1.00059,1.0005439999999999,1.0008572251467496,1.000645114137426,0.00021211100932361227,0.00020489483812087523,7.216171202737039e-06,50.0,1.00059,0.0009536081066593928,1.0024972162133188,0.9986827837866813,0.0,0.0008987316140638168,0.001179901270227511,0.0,0.0,0.0,0.0,0.0,0,0.0,0.0,0.3333333333333333,0.0
USDT,2019-08-24,1.001,1.019,1.001,1.002,1.0011428571428571,1.00064,1.000544,1.0010330366626343,1.0007454760531722,0.0002875606094621119,0.00022142799238912257,6.613261707298936e-05,63.86554621848737,1.00064,0.0010012623611338636,1.0026425247222677,0.9986374752777323,0.0009990009990010762,0.0008987842540619,0.0011798730804323193,0.0,0.0,0.0,0.0,0.0,0,0.0,0.0,0.3333333333333333,0.0
USDT,2019-08-25,1.002,1.011,1.001,1.002,1.0012857142857141,1.00074,1.000524,1.0011818002529982,1.0008384037529372,0.00034339650006098843,0.0002458216939234958,9.757480613749265e-05,59.433962264151,1.00074,0.0010333389926437953,1.0028066779852876,0.9986733220147124,0.0,0.0008987842540619,0.0011798730804323193,0.0,0.0,0.0,0.0,0.0,0,0.0,0.0,0.3333333333333333,0.0
USDT,2019-08-26,1.002,1.002,0.9999,1.0,1.001,1.0007949999999999,1.000464,1.00099998482946,1.0007762997712382,0.00022368505822178975,0.00024139436678315458,-1.770930856136483e-05,45.689655172414284,1.0007949999999999,0.0009566801148446371,1.0027083602296891,0.9988816397703106,-0.001996007984031989,0.001111159594493349,0.001173654808702388,0.0,0.0,0.0,0.0,0.0,0,0.0,0.0,0.3333333333333333,0.0
USDT,2019-08-27,1.0,1.009,0.9997,1.001,1.001,1.00087,1.0004039999999998,1.0009999871633892,1.0007928701585538,0.00020711700483544426,0.00023453889439361254,-2.7421889558168277e-05,54.310344827585716,1.00087,0.0009073385023951367,1.0026846770047901,0.9990553229952096,0.0009999999999998899,0.0011532599871474395,0.0011778405682746403,0.0,0.0,0.0,0.0,0.0,0,0.0,0.0,0.3333333333333333,0.0
USDT,2019-08-28,1.001,1.014,0.9984,1.001,1.0011428571428571,1.00087,1.000384,1.0009999891382524,1.000808213109772,0.00019177602848041708,0.00022598632121097347,-3.421029273055639e-05,55.75221238937985,1.00087,0.0009073385023951367,1.0026846770047901,0.9990553229952096,0.0,0.0010675780454374867,0.0011773016650791438,0.0,0.0,0.0,0.0,0.0,0,0.0,0.0,0.3333333333333333,0.0
USDT,2019-08-29,1.001,1.004,1.001,1.002,1.0012857142857141,1.00092,1.00044,1.0011538369631365,1.0008964936201592,0.0002573433429773342,0.00023225772556424563,2.508561741308856e-05,50.0,1.00092,0.0009417788320274489,1.0028035576640548,0.9990364423359451,0.0009990009990010762,0.001067444489984054,0.0011001842046903256,0.0,0.0,0.0,0.0,0.0,0,0.0,0.0,0.3333333333333333,0.0
USDT,2019-08-30,1.002,1.023,1.001,1.003,1.0015714285714286,1.001135,1.0005,1.001437862045731,1.001052308907555,0.0003855531381760091,0.0002629168080865983,0.0001226363300894108,54.545454545454,1.001135,0.0008981120549196125,1.0029312241098394,0.9993387758901608,0.0009980039920158834,0.0011109034161752014,0.0011001540600193566,0.0,0.0,0.0,0.0,0.0,0,0.0,0.0,0.3333333333333333,0.0
USDT,2019-08-31,1.003,1.027,1.001,1.002,1.0015714285714286,1.0012349999999999,1.0005,1.001524344807926,1.001122508247736,0.0004018365601901053,0.00029070075850729974,0.00011113580168280553,54.5454545454551,1.0012349999999999,0.0008761608840680793,1.002987321768136,0.9994826782318638,-0.0009970089730806375,0.001152684363905251,0.0011001218940976448,0.0,0.0,0.0,0.0,0.0,0,0.0,0.0,0.3333333333333333,0.0
USDT,2019-09-01,1.002,1.016,1.001,1.003,1.0017142857142856,1.0013349999999999,1.000634,1.0017513686836297,1.0012615817108665,0.0004897869727631399,0.0003305180013584678,0.0001592689714046721,58.333333333333485,1.0013349999999999,0.0009582192914779358,1.0032514385829558,0.999418561417044,0.0009980039920158834,0.001212756834440144,0.0010958790979535725,0.0,0.0,0.0,0.0,0.0,0,0.0,0.0,0.3333333333333333,0.0
USDT,2019-09-02,1.003,1.005,1.0,1.001,1.0018571428571428,1.001385,1.0006680000000001,1.0016357735015329,1.0012422052878394,0.00039356821369351813,0.00034312804382547786,5.044016986804027e-05,46.15384615384563,1.001385,0.0009097570526085758,1.003204514105217,0.9995654858947828,-0.001994017946161497,0.0012121718974326587,0.0011463028265743186,0.0,0.0,0.0,0.0,0.0,0,0.0,0.0,0.3333333333333333,0.0
USDT,2019-09-03,1.001,1.003,1.0,1.001,1.0018571428571428,1.0014499999999997,1.000688,1.0015379621936047,1.0012242641554068,0.0003136980381979182,0.0003372420426999659,-2.3544004502047732e-05,50.0,1.0014499999999997,0.0008255779475026363,1.003101155895005,0.9997988441049944,0.0,0.0011518216824464,0.0011463028265743186,0.0,0.0,0.0,0.0,0.0,0,0.0,0.0,0.3333333333333333,0.0
USDT,2019-09-04,1.001,1.004,1.0,1.003,1.002142857142857,1.0014999999999998,1.0007519999999999,1.0017628910868963,1.0013558001438951,0.000407090943001176,0.000351211822760208,5.5879120240968005e-05,61.538461538461405,1.0014999999999998,0.0008885233166579074,1.0032770466333156,0.999722953366684,0.0019980019980019303,0.0013771716483927995,0.001186084482239008,0.0,0.0,0.0,0.0,0.0,0,0.0,0.0,0.3333333333333333,0.0
USDT,2019-09-05,1.003,1.01,1.001,1.003,1.0022857142857142,1.00155,1.000792,1.001953215535066,1.0014775927258288,0.00047562280923729716,0.00037609402005562583,9.952878918167133e-05,58.333333333333485,1.00155,0.0009445132414064661,1.0034390264828128,0.999660973517187,0.0,0.0013422903104053571,0.0011644975911723784,0.0,0.0,0.0,0.0,0.0,0,0.0,0.0,0.3333333333333333,0.0
USDT,2019-09-06,1.003,1.004,1.0,1.002,1.002142857142857,1.0016,1.000812,1.001960413145056,1.0015162895609526,0.00044412358410328423,0.00038969993286515754,5.442365123812669e-05,53.84615384615437,1.0016,0.0009403246919814846,1.003480649383963,0.9997193506160371,-0.0009970089730806375,0.001342360871735442,0.0011790139081470676,0.0,0.0,0.0,0.0,0.0,0,0.0,0.0,0.3333333333333333,0.0
USDT,2019-09-07,1.002,1.01,1.001,1.002,1.002142857142857,1.00165,1.000832,1.001966503430432,1.001552119963845,0.0004143834665868429,0.0003946366396094946,1.9746826977348265e-05,50.0,1.00165,0.000933302004505117,1.0035166040090102,0.9997833959909896,0.0,0.0012882905257566655,0.0011482637308290623,0.0,0.0,0.0,0.0,0.0,0,0.0,0.0,0.3333333333333333,0.0
USDT,2019-09-08,1.002,1.006,1.002,1.003,1.002142857142857,1.0017,1.0008519999999999,1.0021255029026732,1.0016593703368937,0.0004661325657795423,0.0004089358248435042,5.7196740936038136e-05,53.84615384615359,1.0017,0.0009787209698767334,1.0036574419397535,0.9997425580602466,0.0009980039920158834,0.0012882905257566655,0.0011616261289275334,0.0,0.0,0.0,0.0,0.0,0,0.0,0.0,0.3333333333333333,0.0
USDT,2019-09-09,1.003,1.009,1.001,1.002,1.0022857142857142,1.00175,1.0009039999999998,1.0021061947638004,1.0016846021637904,0.0004215926000099568,0.0004114671798767947,1.0125420133162081e-05,58.333333333333805,1.00175,0.0009665456669760446,1.003683091333952,0.9998169086660478,-0.0009970089730806375,0.0010671341697043263,0.001092534194198349,0.0,0.0,0.0,0.0,0.0,0,0.0,0.0,0.3333333333333333,0.0
USDT,2019-09-10,1.002,1.005,1.001,1.002,1.0024285714285714,1.0018499999999997,1.00098,1.0020898571078312,1.0017079649664726,0.0003818921413585308,0.00040555217217314195,-2.366003081461117e-05,54.545454545455286,1.0018499999999997,0.0008750939799350953,1.00360018795987,1.0000998120401294,0.0,0.0010671341697043263,0.0010691957223972425,0.0,0.0,0.0,0.0,0.0,0,0.0,0.0,0.3333333333333333,0.0
USDT,2019-09-11,1.002,1.008,1.0,1.003,1.0024285714285714,1.00195,1.001048,1.0022298790912418,1.0018036712652525,0.00042620782598934426,0.00040968330293638246,1.6524523052961803e-05,58.333333333333805,1.00195,0.0008870412083424507,1.0037240824166849,1.000175917583315,0.0009980039920158834,0.0008144606758685562,0.0010691357323161835,0.0,0.0,0.0,0.0,0.0,0,0.0,0.0,0.3333333333333333,0.0
USDT,2019-09-12,1.002,1.007,1.002,1.003,1.0024285714285714,1.0020499999999999,1.0011079999999999,1.0023483592310507,1.001892288208567,0.0004560710224836839,0.00041896084684584276,3.711017563784116e-05,54.54545454545437,1.0020499999999999,0.0008870412083424826,1.0038240824166849,1.000275917583315,0.0,0.0008144606758685562,0.0010501752387989589,0.0,0.0,0.0,0.0,0.0,0,0.0,0.0,0.3333333333333333,0.0
USDT,2019-09-13,1.003,1.012,1.001,1.002,1.0024285714285714,1.00205,1.001128,1.0022947655031968,1.0019002668597843,0.00039449864341256635,0.0004140684061591875,-1.956976274662117e-05,45.45454545454564,1.00205,0.0008870412083424826,1.003824082416685,1.0002759175833151,-0.0009970089730806375,0.0008144606758685562,0.001066915452213725,0.0,0.0,0.0,0.0,0.0,0,0.0,0.0,0.3333333333333333,0.0
USDT,2019-09-14,1.002,1.009,1.002,1.003,1.0025714285714284,1.0021,1.0011679999999998,1.0024032631180897,1.0019817285738744,0.00042153454421534065,0.00041556163377041815,5.9729104449224996e-06,54.54545454545437,1.0021,0.0009119095061479351,1.0039238190122959,1.000276180987704,0.0009980039920158834,0.0008975182683314245,0.0009975527937994297,0.0,0.0,0.0,0.0,0.0,0,0.0,0.0,0.3333333333333333,0.0
USDT,2019-09-15,1.003,1.007,1.002,1.003,1.0025714285714284,1.00225,1.0012499999999998,1.0024950687922298,1.0020571560869207,0.0004379127053091292,0.0004200318480781604,1.7880857230968784e-05,50.0,1.00225,0.0007863975156790617,1.0038227950313583,1.0006772049686419,0.0,0.0008144606758685562,0.0009975527937994297,0.0,0.0,0.0,0.0,0.0,0,0.0,0.0,0.3333333333333333,0.0
USDT,2019-09-16,1.003,1.014,1.002,1.003,1.0027142857142857,1.0023499999999999,1.0013459999999998,1.002572750516502,1.0021269963767785,0.00044575413972358646,0.00042517630640724564,2.057783331634082e-05,62.50000000000104,1.0023499999999999,0.0007451598203938616,1.0038403196407877,1.000859680359212,0.0,0.0006884135795966532,0.0009784169902416686,0.0,0.0,0.0,0.0,0.0,0,0.0,0.0,0.3333333333333333,0.0
USDT,2019-09-17,1.003,1.004,1.001,1.002,1.0027142857142857,1.0024,1.0014159999999999,1.0024846350524248,1.0021175892377578,0.0003670458146669553,0.0004135502080591876,-4.650439339223231e-05,55.55555555555665,1.0024,0.000680557047404211,1.0037611140948084,1.0010388859051915,-0.0009970089730806375,0.0008144606758685562,0.0009975173229823464,0.0,0.0,0.0,0.0,0.0,0,0.0,0.0,0.3333333333333333,0.0
USDT,2019-09-18,1.002,1.004,1.0,1.002,1.0025714285714284,1.0024,1.001436,1.0024100758135903,1.00210887892385,0.00030119688974039605,0.0003910795443954293,-8.988265465503326e-05,42.857142857142854,1.0024,0.000680557047404211,1.0037611140948084,1.0010388859051915,0.0,0.0006882762539466011,0.0009807171232526935,0.0,0.0,0.0,0.0,0.0,0,0.0,0.0,0.3333333333333333,0.0
USDT,2019-09-19,1.002,1.004,1.0,1.003,1.0025714285714284,1.0024,1.0014560000000001,1.0025008333807304,1.0021748878924537,0.000325945488276691,0.00037805273317168166,-5.210724489499065e-05,50.0,1.0024,0.000680557047404211,1.0037611140948084,1.0010388859051915,0.0009980039920158834,0.0008144606758685562,0.0009783469266874416,0.0,0.0,0.0,0.0,0.0,0,0.0,0.0,0.3333333333333333,0.0
USDT,2019-09-20,1.003,1.004,0.9999,1.002,1.0025714285714284,1.0024,1.001476,1.0024237820913873,1.0021619332337535,0.0002618488576338063,0.0003548119580641066,-9.29631004303003e-05,50.0,1.0024,0.000680557047404211,1.0037611140948084,1.0010388859051915,-0.0009970089730806375,0.0008144606758685562,0.0009782721467179465,0.0,0.0,0.0,0.0,0.0,0,0.0,0.0,0.3333333333333333,0.0
USDT,2019-09-21,1.002,1.005,1.001,1.003,1.0025714285714284,1.0024,1.001536,1.0025124310004045,1.0022240122534753,0.00028841874692919767,0.00034153331583712483,-5.311456890792716e-05,55.55555555555556,1.0024,0.000680557047404211,1.0037611140948084,1.0010388859051915,0.0009980039920158834,0.0008144606758685562,0.0009782065742957424,0.0,0.0,0.0,0.0,0.0,0,0.0,0.0,0.3333333333333333,0.0
USDT,2019-09-22,1.003,1.011,1.002,1.002,1.0024285714285714,1.00245,1.001556,1.0024335954618808,1.002207418753218,0.00022617670866287298,0.00031846199440227447,-9.228528573940149e-05,44.44444444444444,1.00245,0.0006048053188579925,1.003659610637716,1.001240389362284,-0.0009970089730806375,0.0008974656063468315,0.0009973109300355453,0.0,0.0,0.0,0.0,0.0,0,0.0,0.0,0.3333333333333333,0.0
USDT,2019-09-23,1.002,1.004,1.0,1.001,1.002142857142857,1.00245,1.001556,1.002213042313899,1.0021179803270537,9.506198684539058e-05,0.0002737819928908977,-0.00017872000604550714,44.44444444444334,1.00245,0.0006048053188579925,1.003659610637716,1.001240389362284,-0.0009980039920161055,0.0009489176250277439,0.0009973097460888145,0.0,0.0,0.0,0.0,0.0,0,0.0,0.0,0.3333333333333333,0.0
USDT,2019-09-24,1.001,1.016,0.9984,1.004,1.0024285714285714,1.0025,1.001636,1.0024879588809916,1.0022573891917164,0.00023056968927526178,0.00026513953216777053,-3.456984289250875e-05,58.333333333333805,1.0025,0.0006882472016369234,1.0038764944032739,1.001123505596726,0.0029970029970030065,0.0014936600893204926,0.001140529474255209,0.0,0.0,0.0,0.0,0.0,0,0.0,0.0,0.3333333333333333,0.0
USDT,2019-09-25,1.004,1.005,1.002,1.004,1.0027142857142857,1.0025499999999998,1.001738,1.0027205805916084,1.0023864714738115,0.0003341091177968547,0.0002789334492935874,5.517566850326731e-05,54.545454545455286,1.0025499999999998,0.0007591546545391606,1.004068309309078,1.0010316906909216,0.0,0.0014936600893204926,0.0010721990141431042,0.0,0.0,0.0,0.0,0.0,0,0.0,0.0,0.3333333333333333,0.0
USDT,2019-09-26,1.004,1.005,1.001,1.004,1.002857142857143,1.0026499999999998,1.001828,1.0029174143467456,1.0025059921053812,0.0004114222413644786,0.00030543120770776564,0.00010599103365671294,54.545454545455286,1.0026499999999998,0.000812727700908707,1.0042754554018172,1.0010245445981825,0.0,0.0014616425348190948,0.0010598087172537767,0.0,0.0,0.0,0.0,0.0,0,0.0,0.0,0.3333333333333333,0.0
USDT,2019-09-27,1.004,1.011,1.002,1.004,1.0031428571428571,1.00275,1.001888,1.0030839659857078,1.0026166593568344,0.00046730662887339847,0.0003378062919408922,0.00012950033693250626,60.00000000000044,1.00275,0.0008506963092439496,1.004451392618488,1.0010486073815121,0.0,0.0013782024909326494,0.0010598087172537767,0.0,0.0,0.0,0.0,0.0,0,0.0,0.0,0.3333333333333333,0.0
USDT,2019-09-28,1.004,1.009,1.003,1.004,1.0032857142857143,1.0028,1.001948,1.003224894295599,1.002719129034106,0.0005057652614930408,0.0003713980858513219,0.00013436717564171887,55.55555555555638,1.0028,0.0008944271910194912,1.004588854382039,1.001011145617961,0.0,0.0013434184961868532,0.001046204428029857,0.0,0.0,0.0,0.0,0.0,0,0.0,0.0,0.3333333333333333,0.0
USDT,2019-09-29,1.004,1.005,1.002,1.004,1.0035714285714286,1.0029,1.002054,1.0033441413270454,1.0028140083649129,0.0005301329621325568,0.0004031450611075689,0.00012698790102498787,55.55555555555638,1.0029,0.0009119095061482546,1.0047238190122965,1.0010761809877033,0.0,0.0012521436428985194,0.0010313413457544633,0.0,0.0,0.0,0.0,0.0,0,0.0,0.0,0.3333333333333333,0.0
USDT,2019-09-30,1.004,1.006,1.004,1.005,1.0041428571428572,1.00305,1.002154,1.0035988888151923,1.0029759336712156,0.0006229551439767,0.00044710707768139514,0.0001758480662953049,60.00000000000044,1.00305,0.0009986833437521077,1.0050473666875042,1.0010526333124958,0.0009960159362549792,0.0011325731634507115,0.0010268372054685528,0.0,0.0,0.0,0.0,0.0,0,0.0,0.0,0.3333333333333333,0.0
USDT,2019-10-01,1.005,1.008,1.004,1.005,1.0042857142857142,1.00315,1.002234,1.0038144443820858,1.0031258645103849,0.0006885798717009006,0.0004954016364852962,0.00019317823521560439,66.66666666666666,1.00315,0.001089422831272818,1.0053288456625455,1.0009711543374544,0.0,0.00037645863845580074,0.0010128172349925652,0.0,0.0,0.0,0.0,0.0,0,0.0,0.0,0.3333333333333333,0.0
USDT,2019-10-02,1.005,1.01,1.004,1.005,1.0044285714285714,1.00325,1.002334,1.0039968375540727,1.0032646893614674,0.0007321481926052531,0.0005427509477092876,0.0001893972448959655,66.66666666666666,1.00325,0.0011641577032043989,1.0055783154064089,1.000921684593591,0.0,0.00037645863845580074,0.0009353724012411939,0.0,0.0,0.0,0.0,0.0,0,0.0,0.0,0.3333333333333333,0.0
USDT,2019-10-03,1.005,1.009,1.004,1.004,1.0044285714285714,1.0033499999999997,1.0024199999999999,1.0039973240842153,1.0033191568161735,0.0006781672680418183,0.0005698342117757938,0.00010833305626602445,55.55555555555638,1.0033499999999997,0.0011367080817841486,1.005623416163568,1.0010765838364315,-0.0009950248756217528,0.0005747640252119875,0.0009576408069500456,0.0,0.0,0.0,0.0,0.0,0,0.0,0.0,0.3333333333333333,0.0
USDT,2019-10-04,1.004,1.01,1.003,1.004,1.0044285714285714,1.0033999999999998,1.00246,1.0039977357635668,1.003369589644605,0.0006281461189616699,0.000581496593212969,4.664952574870093e-05,62.50000000000035,1.0033999999999998,0.0011424811411705202,1.005684962282341,1.0011150377176588,0.0,0.0005747640252119875,0.0008880532082430688,0.0,0.0,0.0,0.0,0.0,0,0.0,0.0,0.3333333333333333,0.0
USDT,2019-10-05,1.004,1.031,1.004,1.006,1.0047142857142857,1.00355,1.00254,1.0043057764153258,1.003564434856116,0.0007413415592099071,0.0006134655864123566,0.00012787597279755047,66.66666666666748,1.00355,0.001276302224575661,1.0061026044491512,1.0009973955508487,0.0019920318725099584,0.000947176910542288,0.0009572333651339432,0.0,0.0,0.0,0.0,0.0,0,0.0,0.0,0.3333333333333333,0.0
USDT,2019-10-06,1.006,1.035,1.004,1.006,1.0050000000000001,1.0037,1.0026399999999998,1.0045664261975833,1.0037448470889963,0.000821579108587045,0.0006550882908472943,0.00016649081773975063,75.0,1.0037,0.0013803127029519957,1.006460625405904,1.000939374594096,0.0,0.000947176910542288,0.0009348799226106639,0.0,0.0,0.0,0.0,0.0,0,0.0,0.0,0.3333333333333333,0.0
USDT,2019-10-07,1.006,1.033,1.003,1.004,1.004857142857143,1.0037999999999998,1.0027,1.0044792837056473,1.0037637473046261,0.0007155364010211773,0.000667177912882071,4.8358488139106366e-05,66.66666666666748,1.0037999999999998,0.0013218806379884187,1.0064437612759767,1.001156238724023,-0.001988071570576566,0.0012090201600228198,0.0010119365010625503,0.0,0.0,0.0,0.0,0.0,0,0.0,0.0,0.3333333333333333,0.0
USDT,2019-10-08,1.004,1.005,1.003,1.003,1.0045714285714287,1.00385,1.0027199999999998,1.0042517015970862,1.0037071734302094,0.0005445281668767787,0.0006426479636810126,-9.811979680423384e-05,42.85714285714195,1.00385,0.001268027892783995,1.006386055785568,1.0013139442144319,-0.0009960159362550902,0.0012475757791803118,0.0010141584485651883,0.0,0.0,0.0,0.0,0.0,0,0.0,0.0,0.3333333333333333,0.0
USDT,2019-10-09,1.003,1.005,1.002,1.003,1.0042857142857142,1.00385,1.0027599999999999,1.0040591321206114,1.003654790213157,0.00040434190745441967,0.0005949867524356941,-0.00019064484498127442,42.85714285714195,1.00385,0.001268027892783995,1.006386055785568,1.0013139442144319,0.0,0.0012475757791803118,0.0009965258886002418,0.0,0.0,0.0,0.0,0.0,0,0.0,0.0,0.3333333333333333,0.0
USDT,2019-10-10,1.003,1.004,1.002,1.003,1.0041428571428572,1.0039,1.00282,1.0038961887174405,1.0036062872344045,0.0002899014830359814,0.0005339696985557516,-0.00024406821551977017,42.85714285714195,1.0039,0.0012096106376735622,1.0063192212753471,1.001480778724653,0.0,0.0012091368102823854,0.0009965258886002418,0.0,0.0,0.0,0.0,0.0,0,0.0,0.0,0.3333333333333333,0.0
USDT,2019-10-11,1.003,1.01,1.001,1.002,1.0038571428571428,1.0038500000000001,1.00284,1.0036044673762958,1.003487302994819,0.00011716438147679753,0.0004506086351399608,-0.00033344425366316324,37.49999999999966,1.0038500000000001,0.001268027892783995,1.0063860557855682,1.001313944214432,-0.0009970089730806375,0.0012477644896368549,0.0009965246983270543,0.0,0.0,0.0,0.0,0.0,0,0.0,0.0,0.3333333333333333,0.0
USDT,2019-10-12,1.002,1.008,1.001,1.004,1.0035714285714286,1.00395,1.0029000000000001,1.0036653185491735,1.0035252805507584,0.0001400379984151101,0.00038849450779499065,-0.00024845650937988054,50.0,1.00395,0.0011909748329279905,1.0063319496658558,1.001568050334144,0.001996007984031989,0.001248973685544388,0.0010631905008456756,0.0,0.0,0.0,0.0,0.0,0,0.0,0.0,0.3333333333333333,0.0
USDT,2019-10-13,1.004,1.027,1.003,1.003,1.0031428571428571,1.0040499999999999,1.00292,1.0035629618493007,1.0034863708803319,7.65909689688371e-05,0.00032611380002975994,-0.00024952283106092284,45.454545454544906,1.0040499999999999,0.0009986833437526852,1.0060473666875052,1.0020526333124946,-0.0009960159362550902,0.0012678741876497336,0.0010631573172341765,0.0,0.0,0.0,0.0,0.0,0,0.0,0.0,0.3333333333333333,0.0
USDT,2019-10-14,1.002,1.006,1.001,1.002,1.002857142857143,1.00395,1.0029199999999998,1.0033225061801776,1.0033762693336405,-5.376315346294902e-05,0.0002501384093312182,-0.0003039015627941672,36.36363636363673,1.00395,0.0010990426456140652,1.0061480852912281,1.0017519147087717,-0.0009970089730806375,0.001109838185654166,0.0010631604895819783,0.0,0.0,0.0,0.0,0.0,0,0.0,0.0,0.3333333333333333,0.0
USDT,2019-10-15,1.002,1.024,1.001,1.003,1.002857142857143,1.0039,1.00298,1.0032728898447656,1.0033483975311486,-7.550768638298067e-05,0.00018500919018837842,-0.0002605168765713591,41.666666666666515,1.0039,0.001119210247890695,1.0061384204957815,1.0016615795042185,0.0009980039920158834,0.0011518216810582134,0.0010797043807948673,0.0,0.0,0.0,0.0,0.0,0,0.0,0.0,0.3333333333333333,0.0
USDT,2019-10-16,1.003,1.025,1.002,1.002,1.0027142857142857,1.0038,1.003,1.0030770606378785,1.003248516232545,-0.00017145559466658078,0.00011371623321738659,-0.00028517182788396735,38.461538461538595,1.0038,0.001196486083247279,1.0061929721664946,1.0014070278335054,-0.0009970089730806375,0.0012119760282936507,0.0010949586747150794,0.0,0.0,0.0,0.0,0.0,0,0.0,0.0,0.3333333333333333,0.0
USDT,2019-10-17,1.002,1.012,1.002,1.003,1.0027142857142857,1.00375,1.00304,1.0030652051551279,1.003230107622727,-0.0001649024675991484,5.7992493054079596e-05,-0.00022289496065322798,46.15384615384563,1.00375,0.0012085223687732854,1.0061670447375466,1.0013329552624533,0.0009980039920158834,0.0012877756467285831,0.0010949535106669248,0.0,0.0,0.0,0.0,0.0,0,0.0,0.0,0.3333333333333333,0.0
USDT,2019-10-18,1.003,1.01,1.003,1.005,1.0031428571428571,1.0038,1.0031,1.0033628659004927,1.0033612107617842,1.6551387085339542e-06,4.672502218497047e-05,-4.506988347643652e-05,53.33333333333303,1.0038,0.0012396943596302877,1.0062793887192607,1.0013206112807393,0.001994017946161497,0.0013934365719894884,0.0011518714643778828,0.0,0.0,0.0,0.0,0.0,0,0.0,0.0,0.3333333333333333,0.0
USDT,2019-10-19,1.005,1.013,1.004,1.005,1.0032857142857143,1.00385,1.00314,1.0036147326850322,1.0034826025572077,0.00013213012782453681,6.380604331288375e-05,6.832408451165307e-05,46.15384615384563,1.00385,0.0012680278927839736,1.006386055785568,1.0013139442144319,0.0,0.001211430157916217,0.0011393950278704788,0.0,0.0,0.0,0.0,0.0,0,0.0,0.0,0.3333333333333333,0.0
USDT,2019-10-20,1.005,1.033,1.004,1.008,1.004,1.004,1.00326,1.0042893891950273,1.003817224590007,0.00047216460502030877,0.00014547775565436875,0.00032668684936594,56.250000000000085,1.004,0.0015559732104426791,1.0071119464208853,1.0008880535791147,0.0029850746268658135,0.0014901007216930812,0.0012387792374595823,0.0,0.0,0.0,0.0,0.0,0,0.0,0.0,0.3333333333333333,0.0
USDT,2019-10-21,1.008,1.015,1.003,1.005,1.0044285714285714,1.004,1.0032999999999999,1.0043987139342538,1.0039048375833397,0.0004938763509141353,0.00021515747470632208,0.0002787188762078132,52.94117647058792,1.004,0.0015559732104426791,1.0071119464208853,1.0008880535791147,-0.0029761904761905766,0.001976663618057495,0.001357300713471336,0.0,0.0,0.0,0.0,0.0,0,0.0,0.0,0.3333333333333333,0.0
USDT,2019-10-22,1.005,1.008,1.003,1.004,1.0045714285714287,1.00395,1.00336,1.004337373328984,1.0039118866512404,0.0004254866777435584,0.00025722331531376934,0.00016826336242978907,52.941176470588616,1.00395,0.0015381123085524298,1.0070262246171047,1.0008737753828951,-0.0009950248756217528,0.0020239893732379587,0.0013572471127024355,0.0,0.0,0.0,0.0,0.0,0,0.0,0.0,0.3333333333333333,0.0
USDT,2019-10-23,1.004,1.029,1.003,1.004,1.004857142857143,1.0039500000000001,1.00342,1.0042854697399095,1.0039184135659633,0.0003670561739461675,0.000279189887040249,8.786628690591854e-05,52.941176470588616,1.0039500000000001,0.0015381123085524298,1.007026224617105,1.0008737753828953,0.0,0.001964509273473717,0.001342383489737145,0.0,0.0,0.0,0.0,0.0,0,0.0,0.0,0.3333333333333333,0.0
USDT,2019-10-24,1.004,1.029,1.003,1.005,1.0051428571428571,1.004,1.00346,1.004395397472231,1.0039985310795956,0.0003968663926354754,0.0003027251881592943,9.414120447618111e-05,55.5555555555557,1.004,0.0015559732104426791,1.0071119464208853,1.0008880535791147,0.0009960159362549792,0.0019643894173696033,0.0012392582486074378,0.0,0.0,0.0,0.0,0.0,0,0.0,0.0,0.3333333333333333,0.0
USDT,2019-10-25,1.005,1.039,1.003,1.004,1.0050000000000001,1.0039,1.00348,1.0043345670918877,1.0039986398885143,0.00033592720337338733,0.0003093655912021129,2.6561612171274425e-05,55.5555555555557,1.0039,0.0014832396974313216,1.0068664793948627,1.0009335206051373,-0.0009950248756217528,0.001853012472325855,0.0012534319381307857,0.0,0.0,0.0,0.0,0.0,0,0.0,0.0,0.3333333333333333,0.0
USDT,2019-10-26,1.004,1.006,1.002,1.004,1.004857142857143,1.0037999999999998,1.00352,1.0042830952315973,1.0039987406375133,0.0002843545940840464,0.0003043633917784996,-2.0008797694453205e-05,50.0,1.0037999999999998,0.001399247918304003,1.0065984958366079,1.0010015041633917,0.0,0.001853012472325855,0.0012534319381307857,0.0,0.0,0.0,0.0,0.0,0,0.0,0.0,0.3333333333333333,0.0
USDT,2019-10-27,1.004,1.005,1.003,1.003,1.0041428571428572,1.00375,1.0035399999999999,1.0040856959651978,1.0039247598495493,0.0001609361156484912,0.00027567793655249793,-0.00011474182090400674,50.0,1.00375,0.0014095538674697978,1.0065691077349395,1.0009308922650604,-0.0009960159362550902,0.0012448956519162666,0.0012665749222221002,0.0,0.0,0.0,0.0,0.0,0,0.0,0.0,0.3333333333333333,0.0
USDT,2019-10-28,1.003,1.005,1.003,1.003,1.0038571428571428,1.00375,1.00354,1.0039186658167059,1.0038562591199531,6.240669675272592e-05,0.00023302368859254353,-0.00017061699183981761,53.33333333333303,1.00375,0.0014095538674697978,1.0065691077349395,1.0009308922650604,0.0,0.0007526052127824794,0.0012665749222221002,0.0,0.0,0.0,0.0,0.0,0,0.0,0.0,0.3333333333333333,0.0
USDT,2019-10-29,1.003,1.004,1.002,1.003,1.0037142857142858,1.00375,1.00356,1.0037773326141357,1.003792832518475,-1.5499904339355552e-05,0.00018331897000616374,-0.0001988188743455193,50.0,1.00375,0.0014095538674697978,1.0065691077349395,1.0009308922650604,0.0,0.0006871111965961088,0.0012665749222221002,0.0,0.0,0.0,0.0,0.0,0,0.0,0.0,0.3333333333333333,0.0
USDT,2019-10-30,1.003,1.004,1.002,1.004,1.0037142857142858,1.0038,1.0035999999999998,1.0038115891350379,1.0038081782578472,3.4108771906904423e-06,0.00014733735144306908,-0.00014392647425237864,57.14285714285714,1.0038,0.001399247918304003,1.006598495836608,1.001001504163392,0.0009970089730808596,0.0008132441539580934,0.0012666027398808089,0.0,0.0,0.0,0.0,0.0,0,0.0,0.0,0.3333333333333333,0.0
USDT,2019-10-31,1.004,1.004,1.003,1.003,1.0034285714285713,1.00385,1.0035999999999998,1.0036867292681089,1.0037483132017104,-6.158393360156111e-05,0.00010555309443414305,-0.00016713702803570417,50.0,1.00385,0.001348488432530164,1.0065469768650603,1.0011530231349395,-0.0009960159362550902,0.0007530428441525537,0.0012787199126345504,0.0,0.0,0.0,0.0,0.0,0,0.0,0.0,0.3333333333333333,0.0
USDT,2019-11-01,1.003,1.004,1.002,1.003,1.0032857142857143,1.0038,1.0035999999999998,1.0035810786114767,1.0036928825941762,-0.00011180398269949876,6.20816790074147e-05,-0.00017388566170691347,41.66666666666682,1.0038,0.0013611140947706567,1.0065222281895414,1.0010777718104586,0.0,0.0006875904461767316,0.0012787199126345504,0.0,0.0,0.0,0.0,0.0,0,0.0,0.0,0.3333333333333333,0.0
USDT,2019-11-02,1.003,1.01,1.001,1.003,1.0031428571428571,1.0038,1.00362,1.0034916819020188,1.0036415579575706,-0.00014987605555183414,1.969013209556493e-05,-0.00016956618764739907,41.66666666666682,1.0038,0.0013611140947706567,1.0065222281895414,1.0010777718104586,0.0,0.0006875904461767316,0.0012666287251240776,0.0,0.0,0.0,0.0,0.0,0,0.0,0.0,0.3333333333333333,0.0
USDT,2019-11-03,1.003,1.005,1.002,1.003,1.0031428571428571,1.0038500000000001,1.00362,1.0034160385324775,1.0035940351458987,-0.0001779966134212163,-1.9847217007791316e-05,-0.000158149396413425,22.222222222221944,1.0038500000000001,0.0013088765773643211,1.0064677531547288,1.0012322468452715,0.0,0.0005753367849652736,0.0012666287251240776,0.0,0.0,0.0,0.0,0.0,0,0.0,0.0,0.3333333333333333,0.0
USDT,2019-11-04,1.003,1.004,1.002,1.004,1.0032857142857143,1.0039,1.00364,1.0035058787582503,1.003624106616573,-0.00011822785832271698,-3.9523345270776455e-05,-7.870451305194053e-05,42.857142857143764,1.0039,0.0012937094768774504,1.006487418953755,1.001312581046245,0.0009970089730808596,0.000687727498269725,0.0012241024227711004,0.0,0.0,0.0,0.0,0.0,0,0.0,0.0,0.3333333333333333,0.0
USDT,2019-11-05,1.004,1.004,1.001,1.002,1.0031428571428571,1.0038999999999998,1.00362,1.003274205103135,1.0035038024227527,-0.0002295973196178025,-7.753814014018167e-05,-0.00015205917947762082,37.50000000000035,1.0038999999999998,0.0012937094768774504,1.0064874189537547,1.0013125810462449,-0.0019920318725099584,0.0010651397427937342,0.0012734544971712768,0.0,0.0,0.0,0.0,0.0,0,0.0,0.0,0.3333333333333333,0.0
USDT,2019-11-06,1.002,1.005,1.001,1.001,1.0027142857142857,1.0037999999999998,1.0036,1.0029243273949604,1.0033183355766229,-0.0003940081816624641,-0.00014083214844463817,-0.0002531760332178259,33.33333333333333,1.0037999999999998,0.0014363696929317526,1.0066727393858632,1.0009272606141364,-0.0009980039920161055,0.0009724486286120927,0.0012359724690162006,0.0,0.0,0.0,0.0,0.0,0,0.0,0.0,0.3333333333333333,0.0
USDT,2019-11-07,1.001,1.002,0.9997,1.0,1.0022857142857142,1.00355,1.00356,1.0024744308726588,1.0030725329413175,-0.0005981020686587346,-0.00023228613248745748,-0.00036581593617127713,22.222222222223863,1.00355,0.0016375527311826758,1.0068251054623654,1.0002748945376345,-0.0009990009990008542,0.0009727403481413973,0.001236047290796252,0.0,0.0,0.0,0.0,0.0,0,0.0,0.0,0.3333333333333333,0.0
USDT,2019-11-08,1.0,1.001,0.9988,1.0,1.0018571428571428,1.0032999999999999,1.0034999999999998,1.002093749199942,1.0028449379086273,-0.0007511887086852909,-0.0003360666477270242,-0.0004151220609582667,25.00000000000138,1.0032999999999999,0.001780005913660528,1.006860011827321,0.9997399881726788,0.0,0.0009727403481413973,0.001236047290796252,0.0,0.0,0.0,0.0,0.0,0,0.0,0.0,0.3333333333333333,0.0
USDT,2019-11-09,1.0,1.002,0.9998,1.001,1.0015714285714286,1.00295,1.00348,1.0019254800922586,1.0027082758413215,-0.0007827957490629256,-0.0004254124679942045,-0.0003573832810687211,33.33333333333333,1.00295,0.001468081454800404,1.0058861629096008,1.0000138370903993,0.0009999999999998899,0.0011097560301039184,0.0012521905615941907,0.0,0.0,0.0,0.0,0.0,0,0.0,0.0,0.3333333333333333,0.0
USDT,2019-11-10,1.002,1.004,1.001,1.003,1.0015714285714286,1.00285,1.00348,1.0020907908472958,1.0027298850382607,-0.0006390941909648618,-0.00046814881258833597,-0.0001709453783765258,50.0,1.00285,0.0013869694338954374,1.005623938867791,1.000076061132209,0.0019980019980019303,0.0014111602627530466,0.0012940769913590844,0.0,0.0,0.0,0.0,0.0,0,0.0,0.0,0.3333333333333333,0.0
USDT,2019-11-11,1.003,1.004,1.001,1.002,1.0012857142857143,1.00275,1.00348,1.0020768230246349,1.002675819479871,-0.0005989964552362004,-0.0004943183411179089,-0.00010467811411829151,45.45454545454601,1.00275,0.0013717065821093454,1.0054934131642188,1.0000065868357813,-0.0009970089730806375,0.001377414723373849,0.001252303823994216,0.0,0.0,0.0,0.0,0.0,0,0.0,0.0,0.3333333333333333,0.0
USDT,2019-11-12,1.002,1.004,1.0,1.002,1.0012857142857141,1.0026499999999998,1.0034999999999998,1.0020650040977679,1.0026257587776584,-0.0005607546798904739,-0.0005076056088724219,-5.3149071018051956e-05,45.45454545454601,1.0026499999999998,0.0013484884325291934,1.0053469768650583,0.9999530231349414,0.0,0.0011532599857541647,0.001239931254382738,0.0,0.0,0.0,0.0,0.0,0,0.0,0.0,0.3333333333333333,0.0
USDT,2019-11-13,1.002,1.004,1.0,1.001,1.0012857142857141,1.00245,1.00344,1.001901157313496,1.0025053322015356,-0.0006041748880396547,-0.0005269194647058686,-7.725542333378614e-05,36.36363636363599,1.00245,0.001276302224574618,1.0050026044491494,0.9998973955508508,-0.0009980039920161055,0.0011532599857541647,0.0012399579568160716,0.0,0.0,0.0,0.0,0.0,0,0.0,0.0,0.3333333333333333,0.0
USDT,2019-11-14,1.001,1.004,0.9989,1.001,1.0014285714285713,1.0023,1.00338,1.0017625177268041,1.002393826112533,-0.0006313083857287793,-0.0005477972489104508,-8.351113681832857e-05,39.99999999999999,1.0023,0.0012607433062456718,1.0048214866124914,0.9997785133875087,0.0,0.0010675781326531378,0.0012246493404795898,0.0,0.0,0.0,0.0,0.0,0,0.0,0.0,0.3333333333333333,0.0
USDT,2019-11-15,1.001,1.003,1.0,1.002,1.0017142857142856,1.0022,1.0033400000000001,1.001799053461142,1.0023646538079007,-0.0005656003467586768,-0.000551357868480096,-1.4242478278580725e-05,45.45454545454601,1.0022,0.0011964860832458218,1.0045929721664917,0.9998070278335084,0.0009990009990010762,0.0011111171212076967,0.0012265326762400165,0.0,0.0,0.0,0.0,0.0,0,0.0,0.0,0.3333333333333333,0.0
USDT,2019-11-16,1.002,1.005,1.001,1.003,1.002,1.0022,1.00332,1.0019838144671203,1.002411716488797,-0.0004279020216766405,-0.000526666699119405,9.876467744276453e-05,50.0,1.0022,0.0011964860832458218,1.0045929721664917,0.9998070278335084,0.0009980039920158834,0.001110903585079702,0.0012265326762400165,0.0,0.0,0.0,0.0,0.0,0,0.0,0.0,0.3333333333333333,0.0
USDT,2019-11-17,1.003,1.006,1.003,1.006,1.0024285714285714,1.00235,1.0033599999999998,1.0026016891644864,1.0026775152674046,-7.582610291811953e-05,-0.00043649857987914796,0.00036067247696102843,60.0000000000003,1.00235,0.0014608937423196216,1.0052717874846393,0.9994282125153608,0.0029910269192423566,0.0013934703901660019,0.0012940532453352446,0.0,0.0,0.0,0.0,0.0,0,0.0,0.0,0.3333333333333333,0.0
USDT,2019-11-18,1.006,1.009,1.0,1.005,1.002857142857143,1.00245,1.00338,1.0029706600622577,1.0028495511735227,0.0001211088887349554,-0.0003249770861563273,0.0004460859748912827,53.33333333333294,1.00245,0.0015719582156062484,1.0055939164312127,0.9993060835687876,-0.0009940357852883386,0.0013929641560604155,0.001307608065780409,0.0,0.0,0.0,0.0,0.0,0,0.0,0.0,0.3333333333333333,0.0
USDT,2019-11-19,1.005,1.006,1.0,1.002,1.002857142857143,1.0023499999999999,1.00332,1.0028213277449873,1.0027866214569654,3.4706288021935094e-05,-0.00025304041132067484,0.00028774669934260994,50.0,1.0023499999999999,0.0015312533566128352,1.0054125067132256,0.9992874932867741,-0.0029850746268655914,0.0019076612909865035,0.0012919792609640884,0.0,0.0,0.0,0.0,0.0,0,0.0,0.0,0.3333333333333333,0.0
USDT,2019-11-20,1.002,1.008,1.0,1.002,1.003,1.0023,1.00326,1.002694969630374,1.002728353200894,-3.3383570519962547e-05,-0.0002091090431605324,0.00017572547264056986,53.33333333333373,1.0023,0.0015252264715465693,1.005350452943093,0.9992495470569068,0.0,0.0018571311725951042,0.0011807912454300973,0.0,0.0,0.0,0.0,0.0,0,0.0,0.0,0.3333333333333333,0.0
USDT,2019-11-21,1.002,1.007,1.001,1.003,1.0032857142857143,1.0023,1.0032199999999998,1.0027418973795472,1.002748475186013,-6.5778064657351365e-06,-0.00016860279582157296,0.00016202498935583782,59.9999999999997,1.0023,0.0015252264715465693,1.005350452943093,0.9992495470569068,0.0009980039920158834,0.0018823590601538987,0.0011846986080486645,0.0,0.0,0.0,0.0,0.0,0,0.0,0.0,0.3333333333333333,0.0
USDT,2019-11-22,1.003,1.005,1.001,1.005,1.0037142857142858,1.0024,1.00324,1.0030892977826937,1.0029152548018638,0.00017404298082990266,-0.00010007364049127784,0.0002741166213211805,64.70588235294095,1.0024,0.0016351404253333122,1.0056702808506666,0.9991297191493334,0.001994017946161497,0.001980141890405561,0.0012411777918718157,0.0,0.0,0.0,0.0,0.0,0,0.0,0.0,0.3333333333333333,0.0
USDT,2019-11-23,1.005,1.007,1.004,1.006,1.0041428571428572,1.0025499999999998,1.00328,1.0035370981238179,1.0031437544461703,0.00039334367764753964,-1.3901768635143454e-06,0.00039473385451105396,64.70588235294142,1.0025499999999998,0.001820208200940212,1.0061904164018802,0.9989095835981194,0.0009950248756220859,0.001979999490137895,0.0012411513147450048,0.0,0.0,0.0,0.0,0.0,0,0.0,0.0,0.3333333333333333,0.0
USDT,2019-11-24,1.006,1.01,1.005,1.008,1.0044285714285712,1.00275,1.00332,1.0042236984124613,1.0035034763390467,0.0007202220734146003,0.0001429322731921086,0.0005772898002224917,64.70588235294142,1.00275,0.0021734038305293896,1.007096807661059,0.9984031923389413,0.001988071570576455,0.00179091459835548,0.0012749135987155404,0.0,0.0,0.0,0.0,0.0,0,0.0,0.0,0.3333333333333333,0.0
USDT,2019-11-25,1.008,1.014,1.006,1.006,1.0045714285714287,1.0029499999999998,1.00332,1.004496975579775,1.003688404017636,0.0008085715621390932,0.00027606013098150555,0.0005325114311575877,61.11111111111097,1.0029499999999998,0.0022820812292457934,1.0075141624584913,0.9983858375415082,-0.001984126984126977,0.0019415414999824072,0.0013322442568405837,0.0,0.0,0.0,0.0,0.0,0,0.0,0.0,0.3333333333333333,0.0
USDT,2019-11-26,1.006,1.007,1.003,1.005,1.005,1.00315,1.00334,1.0045743639521172,1.0037855592755889,0.0007888046765283097,0.0003786090400908664,0.00041019563643744325,57.89473684210483,1.00315,0.002277463963556252,1.0077049279271124,0.9985950720728874,-0.0009940357852883386,0.001503129153091853,0.0013321898123853685,0.0,0.0,0.0,0.0,0.0,0,0.0,0.0,0.3333333333333333,0.0
USDT,2019-11-27,1.005,1.006,1.003,1.005,1.0054285714285713,1.0033999999999998,1.00338,1.0046398464210222,1.0038755178477674,0.0007643285732548133,0.0004557529467236558,0.0003085756265311575,61.11111111111097,1.0033999999999998,0.002186080366421988,1.0077721607328438,0.9990278392671559,0.0,0.001503129153091853,0.0013321898123853685,0.0,0.0,0.0,0.0,0.0,0,0.0,0.0,0.3333333333333333,0.0
USDT,2019-11-28,1.005,1.005,1.001,1.004,1.0055714285714286,1.0036,1.0033999999999998,1.0045414085100957,1.0038847387479328,0.0006566697621628315,0.000495936309811491,0.00016073345235134045,57.894736842105516,1.0036,0.0020365088806797793,1.0076730177613595,0.9995269822386404,-0.0009950248756217528,0.0015646922436329384,0.0013462346727868657,0.0,0.0,0.0,0.0,0.0,0,0.0,0.0,0.3333333333333333,0.0
USDT,2019-11-29,1.004,1.013,1.003,1.005,1.0055714285714286,1.0037999999999998,1.0034399999999999,1.004611961047004,1.0039673506925304,0.000644610354473496,0.000525671118743892,0.000118939235729604,57.89473684210502,1.0037999999999998,0.001962812160901454,1.0077256243218027,0.9998743756781969,0.0009960159362549792,0.0014053165324434142,0.0013462101921817725,0.0,0.0,0.0,0.0,0.0,0,0.0,0.0,0.3333333333333333,0.0
USDT,2019-11-30,1.005,1.016,1.003,1.006,1.0055714285714286,1.00395,1.00352,1.004825505501311,1.0041179173078985,0.000707588193412434,0.0005620545336776005,0.00014553365973483349,57.894736842105516,1.00395,0.0020124611797586365,1.0079749223595171,0.9999250776404827,0.0009950248756220859,0.0014053165324434142,0.001342751015455996,0.0,0.0,0.0,0.0,0.0,0,0.0,0.0,0.3333333333333333,0.0
USDT,2019-12-01,1.006,1.019,1.005,1.006,1.0052857142857143,1.0041499999999999,1.00356,1.0050061969626476,1.0042573308406466,0.0007488661220009796,0.0005994168513422764,0.0001494492706587032,50.0,1.0041499999999999,0.002007223796305954,1.0081644475926117,1.000135552407388,0.0,0.0011057268716101892,0.001342751015455996,0.0,0.0,0.0,0.0,0.0,0,0.0,0.0,0.3333333333333333,0.0
USDT,2019-12-02,1.006,1.035,1.005,1.007,1.0054285714285716,1.0044,1.0036399999999999,1.005312935891471,1.0044604915191173,0.0008524443723536557,0.0006500223555445522,0.00020242201680910343,56.250000000000085,1.0044,0.0020365088806800777,1.0084730177613601,1.0003269822386398,0.0009940357852882276,0.000895050271389651,0.0013524172438351247,0.0,0.0,0.0,0.0,0.0,0,0.0,0.0,0.3333333333333333,0.0
USDT,2019-12-03,1.007,1.012,1.004,1.005,1.0054285714285716,1.0046,1.0037,1.0052647919081676,1.0045004551102938,0.0007643367978737992,0.0006728852440104016,9.145155386339752e-05,59.9999999999997,1.0046,0.0018750438591458723,1.0083500877182916,1.0008499122817083,-0.0019860973187686426,0.0011478156225080973,0.0014067028500875875,0.0,0.0,0.0,0.0,0.0,0,0.0,0.0,0.3333333333333333,0.0
USDT,2019-12-04,1.005,1.022,1.002,1.005,1.0054285714285716,1.0048,1.0037399999999999,1.0052240546915265,1.0045374584354572,0.0006865962560693717,0.0006756274464221957,1.0968809647175998e-05,59.9999999999997,1.0048,0.0016733200530791147,1.008146640106158,1.0014533598938418,0.0,0.0011478156225080973,0.0013957167208829067,0.0,0.0,0.0,0.0,0.0,0,0.0,0.0,0.3333333333333333,0.0
USDT,2019-12-05,1.005,1.007,1.002,1.004,1.0054285714285713,1.0049,1.00378,1.0050357385851378,1.0044976466994975,0.0005380918856403571,0.000648120334265828,-0.00011002844862547084,53.33333333333373,1.0049,0.001552586975285544,1.008005173950571,1.0017948260494287,-0.0009950248756217528,0.0011478156225080973,0.0013571449652033858,0.0,0.0,0.0,0.0,0.0,0,0.0,0.0,0.3333333333333333,0.0
USDT,2019-12-06,1.004,1.007,1.002,1.004,1.0052857142857141,1.0049499999999998,1.0038,1.0048763941874244,1.0044607839810162,0.0004156102064081235,0.0006016183086942871,-0.00018600810228616357,46.153846153846544,1.0049499999999998,0.0015035046776868957,1.0079570093553736,1.001942990644626,0.0,0.0010624061288691494,0.0013422802060603688,0.0,0.0,0.0,0.0,0.0,0,0.0,0.0,0.3333333333333333,0.0
USDT,2019-12-07,1.004,1.008,1.002,1.005,1.0051428571428571,1.0049,1.0038,1.0048954104662822,1.0045007259083483,0.0003946845579338998,0.0005602315585422097,-0.0001655470006083099,46.15384615384563,1.0049,0.001483239697431549,1.007866479394863,1.0019335206051367,0.0009960159362549792,0.001062582915206172,0.0013353243218707017,0.0,0.0,0.0,0.0,0.0,0,0.0,0.0,0.3333333333333333,0.0
USDT,2019-12-08,1.005,1.012,1.004,1.006,1.0051428571428571,1.00495,1.00382,1.0050653473176234,1.0046117832484707,0.0004535640691527565,0.0005388980606643191,-8.533399151156257e-05,41.666666666666515,1.00495,0.0015035046776868957,1.0079570093553738,1.0019429906446262,0.0009950248756220859,0.0011478156225080973,0.0013433632671837523,0.0,0.0,0.0,0.0,0.0,0,0.0,0.0,0.3333333333333333,0.0
USDT,2019-12-09,1.006,1.007,1.003,1.004,1.0047142857142857,1.00505,1.0037399999999999,1.0049014477302967,1.0045664659708062,0.00033498175949042697,0.0004981148004295407,-0.00016313304093911374,41.666666666666515,1.00505,0.001356271980189654,1.0077625439603792,1.0023374560396208,-0.001988071570576566,0.0012650527953777194,0.0013919215144818995,0.0,0.0,0.0,0.0,0.0,0,0.0,0.0,0.3333333333333333,0.0
USDT,2019-12-10,1.004,1.012,1.001,1.002,1.0042857142857142,1.00505,1.00368,1.0044550711564049,1.0043763573803761,7.87137760287493e-05,0.00041423459554938247,-0.00033552081952063317,38.461538461538595,1.00505,0.001356271980189654,1.0077625439603792,1.0023374560396208,-0.0019920318725099584,0.001266274399170804,0.0013950027789807772,0.0,0.0,0.0,0.0,0.0,0,0.0,0.0,0.3333333333333333,0.0
USDT,2019-12-11,1.002,1.004,0.9999,1.002,1.0038571428571428,1.005,1.0036399999999999,1.0040773679015733,1.0042003309077556,-0.00012296300618230838,0.0003067950752030443,-0.0004297580813853527,38.461538461538595,1.005,0.0014509525002327475,1.0079019050004654,1.0020980949995344,0.0,0.001266274399170804,0.0013830527626238825,0.0,0.0,0.0,0.0,0.0,0,0.0,0.0,0.3333333333333333,0.0
USDT,2019-12-12,1.002,1.005,1.001,1.002,1.0035714285714286,1.0048499999999998,1.0036,1.0037577728397928,1.0040373434331071,-0.00027957059331429335,0.0001895219414995768,-0.0004690925348138701,41.666666666666515,1.0048499999999998,0.00159851905147591,1.0080470381029516,1.001652961897048,0.0,0.0012475005720355163,0.0013830527626238825,0.0,0.0,0.0,0.0,0.0,0,0.0,0.0,0.3333333333333333,0.0
USDT,2019-12-13,1.002,1.007,1.001,1.004,1.0035714285714286,1.00475,1.00358,1.0037950385567478,1.004034577252877,-0.00023953869612913792,0.00010370981397383386,-0.0003432485101029718,46.153846153846544,1.00475,0.0015852942612566937,1.0079205885225133,1.0015794114774867,0.001996007984031989,0.0015213361879391812,0.0014161130478704703,0.0,0.0,0.0,0.0,0.0,0,0.0,0.0,0.3333333333333333,0.0
USDT,2019-12-14,1.004,1.035,1.003,1.005,1.0035714285714286,1.0046,1.0036,1.003980417240325,1.00410609004896,-0.0001256728086349579,5.7833289452075515e-05,-0.0001835060980870334,46.15384615384563,1.0046,0.0013917047478899797,1.0073834094957799,1.00181659050422,0.0009960159362549792,0.0015213361879391812,0.0014253159445337294,0.0,0.0,0.0,0.0,0.0,0,0.0,0.0,0.3333333333333333,0.0
USDT,2019-12-15,1.005,1.013,1.005,1.006,1.0035714285714286,1.0046,1.00364,1.004291122280275,1.004246379674963,4.4742605312064754e-05,5.5215152624073365e-05,-1.0472547312008612e-05,50.0,1.0046,0.0013917047478899797,1.0073834094957799,1.00181659050422,0.0009950248756220859,0.0015213361879391812,0.0014252329113956738,0.0,0.0,0.0,0.0,0.0,0,0.0,0.0,0.3333333333333333,0.0
USDT,2019-12-16,1.006,1.008,1.002,1.004,1.0035714285714286,1.00455,1.00366,1.004246334237156,1.0042281293286694,1.820490848647438e-05,4.781310379655357e-05,-2.960819531007919e-05,40.0000000000003,1.00455,0.0013945382182434267,1.007339076436487,1.0017609235635132,-0.001988071570576566,0.0015213361879391812,0.0014664712995671794,0.0,0.0,0.0,0.0,0.0,0,0.0,0.0,0.3333333333333333,0.0
USDT,2019-12-17,1.004,1.005,1.002,1.005,1.004,1.00455,1.0037,1.004362282816055,1.0042853049339533,7.697788210170309e-05,5.364605945758348e-05,2.333182264411961e-05,50.0,1.00455,0.0013945382182434267,1.007339076436487,1.0017609235635132,0.0009960159362549792,0.0012668346474957412,0.0013698153395172831,0.0,0.0,0.0,0.0,0.0,0,0.0,0.0,0.3333333333333333,0.0
USDT,2019-12-18,1.005,1.005,1.002,1.004,1.0042857142857142,1.00455,1.00372,1.0043065469982004,1.004264171235142,4.237576305854418e-05,5.139200017777562e-05,-9.016237119231439e-06,46.66666666666696,1.00455,0.0013945382182434267,1.007339076436487,1.0017609235635132,-0.0009950248756217528,0.0013741245994905043,0.001369839298556198,0.0,0.0,0.0,0.0,0.0,0,0.0,0.0,0.3333333333333333,0.0
USDT,2019-12-19,1.004,1.007,1.002,1.003,1.0044285714285714,1.0044499999999998,1.0037,1.004105539767708,1.0041705289214278,-6.49891537196634e-05,2.8115769398287815e-05,-9.310492311795121e-05,46.66666666666627,1.0044499999999998,0.0014317821063402707,1.0073135642126805,1.0015864357873192,-0.0009960159362550902,0.0014576682331082704,0.0012662084097604623,0.0,0.0,0.0,0.0,0.0,0,0.0,0.0,0.3333333333333333,0.0
USDT,2019-12-20,1.004,1.009,1.0,1.004,1.0044285714285714,1.00435,1.00372,1.0040893028803684,1.0041578971494702,-6.859426910188482e-05,8.77376169825329e-06,-7.736803080013811e-05,50.0,1.00435,0.001386969433896208,1.0071239388677924,1.0015760611322078,0.0009970089730808596,0.001284701275205922,0.0012783107511830788,0.0,0.0,0.0,0.0,0.0,0,0.0,0.0,0.3333333333333333,0.0
USDT,2019-12-21,1.004,1.032,1.002,1.004,1.0042857142857142,1.00425,1.0037399999999999,1.0040755639756964,1.0041462010643243,-7.063708862786733e-05,-7.108408366970835e-06,-6.352868026089649e-05,46.666666666667055,1.00425,0.001332784974971439,1.006915569949943,1.0015844300500572,0.0,0.001209020605600071,0.001266182301189289,0.0,0.0,0.0,0.0,0.0,0,0.0,0.0,0.3333333333333333,0.0
USDT,2019-12-22,1.004,1.018,1.003,1.006,1.0042857142857142,1.0042,1.0038,1.0043716310563584,1.004283519504004,8.811155235433077e-05,1.1935583777289486e-05,7.617596857704128e-05,50.0,1.0042,0.0012396943596302496,1.0066793887192604,1.0017206112807395,0.0019920318725099584,0.0014076464630075787,0.001266076334782084,0.0,0.0,0.0,0.0,0.0,0,0.0,0.0,0.3333333333333333,0.0
USDT,2019-12-23,1.006,1.01,1.001,1.002,1.004,1.0040499999999999,1.00378,1.0040067647399955,1.0041143699111148,-0.00010760517111929602,-1.1972567202027616e-05,-9.56326039172684e-05,44.444444444444436,1.0040499999999999,0.001316894273034694,1.0066837885460693,1.0014162114539304,-0.003976143141153132,0.0019657416321286103,0.0014481703906302496,0.0,0.0,0.0,0.0,0.0,0,0.0,0.0,0.3333333333333333,0.0
USDT,2019-12-24,1.002,1.004,1.001,1.003,1.0037142857142858,1.0039500000000001,1.00376,1.0038518778569192,1.004031823991773,-0.00017994613485372568,-4.5567280732367236e-05,-0.00013437885412135843,52.94117647058792,1.0039500000000001,0.0013168942730346722,1.0065837885460696,1.0013162114539307,0.0009980039920158834,0.0019659573801626465,0.001408945501446558,0.0,0.0,0.0,0.0,0.0,0,0.0,0.0,0.3333333333333333,0.0
USDT,2019-12-25,1.003,1.006,1.0,1.001,1.0032857142857143,1.0038,1.0037399999999999,1.0034131274173932,1.0038072444368267,-0.000394117019433482,-0.00011527722847259019,-0.0002788397909608918,47.36842105263127,1.0038,0.0014725559590953474,1.0067451119181907,1.0008548880818093,-0.001994017946161497,0.0020602673628301823,0.0014093870039691263,0.0,0.0,0.0,0.0,0.0,0,0.0,0.0,0.3333333333333333,0.0
USDT,2019-12-26,1.001,1.007,1.001,1.002,1.0031428571428571,1.0037,1.00376,1.0031957231993327,1.0036733744785433,-0.00047765127921062245,-0.00018775203862019665,-0.00028989924059042577,50.0,1.0037,0.0015252264715475009,1.006750452943095,1.000649547056905,0.0009990009990010762,0.0021056946595923425,0.0014159243889093483,0.0,0.0,0.0,0.0,0.0,0,0.0,0.0,0.3333333333333333,0.0
USDT,2019-12-27,1.002,1.004,0.9987,1.001,1.0027142857142857,1.0035,1.00378,1.0028579196302045,1.003475346739392,-0.0006174271091874406,-0.00027368705273364546,-0.00034374005645379513,42.10526315789449,1.0035,0.0016059101371049638,1.00671182027421,1.00028817972579,-0.0009980039920161055,0.0020605886433972824,0.001425219484592231,0.0,0.0,0.0,0.0,0.0,0,0.0,0.0,0.3333333333333333,0.0
USDT,2019-12-28,1.001,1.005,1.001,1.002,1.0024285714285714,1.0032999999999999,1.00382,1.0027259319947885,1.0033660617957334,-0.0006401298009448553,-0.00034697560237588747,-0.0002931541985689678,42.105263157895166,1.0032999999999999,0.0015252264715474113,1.0063504529430947,1.000249547056905,0.0009990009990010762,0.0021284545897704253,0.0014300693756915549,0.0,0.0,0.0,0.0,0.0,0,0.0,0.0,0.3333333333333333,0.0
USDT,2019-12-29,1.003,1.01,1.001,1.004,1.002142857142857,1.0032999999999999,1.0038799999999999,1.0029219424571287,1.0034130201812346,-0.0004910777241058373,-0.00037579602672187744,-0.00011528169738395983,45.00000000000006,1.0032999999999999,0.0015252264715474113,1.0063504529430947,1.000249547056905,0.001996007984031989,0.002129163284979568,0.0014668459248485504,0.0,0.0,0.0,0.0,0.0,0,0.0,0.0,0.3333333333333333,0.0
USDT,2019-12-30,1.003,1.01,0.9995,1.0,1.0018571428571428,1.0031999999999999,1.00382,1.0024724128483398,1.0031602038715135,-0.0006877910231737339,-0.0004381950260122488,-0.0002495959971614851,40.909090909091,1.0031999999999999,0.0016733200530786728,1.0065466401061571,0.9998533598938425,-0.003984063745019917,0.002131454368860074,0.0016202777641960476,0.0,0.0,0.0,0.0,0.0,0,0.0,0.0,0.3333333333333333,0.0
USDT,2019-12-31,1.0,1.016,0.9996,1.001,1.0015714285714286,1.00315,1.0038,1.002245887794749,1.0030001887699198,-0.0007543009751707075,-0.0005014162158439406,-0.0002528847593267669,40.909090909091,1.00315,0.0017252002172237488,1.0066004004344475,0.9996995995655525,0.0009999999999998899,0.0021316544949187715,0.0016347159654264446,0.0,0.0,0.0,0.0,0.0,0,0.0,0.0,0.3333333333333333,0.0
USDT,2020-01-01,1.001,1.017,1.001,1.008,1.0025714285714284,1.00345,1.00392,1.0031311358263262,1.0033705451573331,-0.00023940933100696782,-0.00044901483887654605,0.00020960550786957823,57.142857142857025,1.00345,0.0020124611797586356,1.0074749223595172,0.9994250776404827,0.006993006993007089,0.0033101126512992906,0.002085979904652255,0.0,0.0,0.0,0.0,0.0,0,0.0,0.0,0.3333333333333333,0.0
USDT,2020-01-02,1.008,1.019,1.003,1.003,1.0027142857142857,1.0033999999999998,1.00396,1.0031109610838145,1.0033430973679012,-0.0002321362840866925,-0.0004056391279185754,0.00017350284383188286,50.0,1.0033999999999998,0.0020104987598089583,1.0074209975196178,0.9993790024803819,-0.004960317460317554,0.004004196359475128,0.0022496180455007673,0.0,0.0,0.0,0.0,0.0,0,0.0,0.0,0.3333333333333333,0.0
USDT,2020-01-03,1.003,1.005,1.001,1.002,1.002857142857143,1.00325,1.0039799999999999,1.0029400439939968,1.0032436086739827,-0.0003035646799858238,-0.0003852242383320251,8.165955834620129e-05,46.87500000000002,1.00325,0.0019967078167068995,1.0072434156334138,0.9992565843665862,-0.0009970089730806375,0.004004148857346571,0.0022559960445078416,0.0,0.0,0.0,0.0,0.0,0,0.0,0.0,0.3333333333333333,0.0
USDT,2020-01-04,1.002,1.007,1.0,1.002,1.002857142857143,1.00305,1.0039799999999999,1.0027954218410742,1.003151489512947,-0.0003560676718727951,-0.0003793929250401791,2.3325253167384014e-05,46.87500000000002,1.00305,0.0019049796241577086,1.0068599592483154,0.9992400407516846,0.0,0.003986590246964076,0.0022496463909477678,0.0,0.0,0.0,0.0,0.0,0,0.0,0.0,0.3333333333333333,0.0
USDT,2020-01-05,1.002,1.004,1.001,1.001,1.0024285714285714,1.0029,1.00394,1.0025192030962935,1.0029921199193954,-0.00047291682310190986,-0.0003980977046525253,-7.481911844938458e-05,41.93548387096765,1.0029,0.0019439514830509109,1.0067879029661018,0.999012097033898,-0.0009980039920161055,0.0038972111361673407,0.002256036993268532,0.0,0.0,0.0,0.0,0.0,0,0.0,0.0,0.3333333333333333,0.0
USDT,2020-01-06,1.001,1.004,1.001,1.002,1.0027142857142857,1.00275,1.00386,1.0024393256968638,1.0029186295549957,-0.00047930385813188536,-0.0004143389353483973,-6.496492278348806e-05,50.0,1.00275,0.001888329810631287,1.0065266596212625,0.9989733403787374,0.0009990009990010762,0.0035800921452121366,0.0022560869412183524,0.0,0.0,0.0,0.0,0.0,0,0.0,0.0,0.3333333333333333,0.0
USDT,2020-01-07,1.002,1.002,1.0,1.001,1.0027142857142857,1.0025999999999997,1.00378,1.0022178909742694,1.0027765088472183,-0.0005586178729488633,-0.00044319472286849054,-0.0001154231500803728,46.42857142857151,1.0025999999999997,0.0019029063643840616,1.0064058127287678,0.9987941872712316,-0.0009980039920161055,0.003593761638179956,0.0022521564962552955,0.0,0.0,0.0,0.0,0.0,0,0.0,0.0,0.3333333333333333,0.0
USDT,2020-01-08,1.001,1.001,1.0,1.0,1.0015714285714286,1.00245,1.0037399999999999,1.001876676978228,1.0025708415252021,-0.0006941645469742408,-0.0004933886876896406,-0.00020077585928460022,48.148148148148394,1.00245,0.001986136159013161,1.0064222723180263,0.9984777276819737,-0.0009990009990008542,0.001850689154383832,0.0022316739520235798,0.0,0.0,0.0,0.0,0.0,0,0.0,0.0,0.3333333333333333,0.0
USDT,2020-01-09,1.0,1.002,1.0,1.0,1.0011428571428571,1.0022499999999999,1.0037,1.001587957443116,1.0023804088196315,-0.0007924513765156238,-0.0005532012254548372,-0.0002392501510607866,46.15384615384622,1.0022499999999999,0.0020228952674797617,1.0062957905349594,0.9982042094650403,0.0,0.0007855275333670218,0.002203842685426686,0.0,0.0,0.0,0.0,0.0,0,0.0,0.0,0.3333333333333333,0.0
USDT,2020-01-10,1.0,1.004,0.9996,1.001,1.001,1.0021,1.00366,1.0014975024518673,1.0022781563144736,-0.0007806538626062842,-0.0005986917528851267,-0.00018196210972115754,50.0,1.0021,0.0019973666874774235,1.0060947333749548,0.9981052666250452,0.0009999999999998899,0.0008987316140638158,0.002212393966442471,0.0,0.0,0.0,0.0,0.0,0,0.0,0.0,0.3333333333333333,0.0
USDT,2020-01-11,1.001,1.001,1.0,1.0,1.0007142857142857,1.0017999999999998,1.00356,1.0012671174592724,1.002109403994883,-0.0008422865356105813,-0.0006474107094302177,-0.00019487582618036366,46.15384615384615,1.0017999999999998,0.0018238190122672234,1.0054476380245343,0.9981523619754653,-0.0009990009990008542,0.0009502151338719755,0.0022194196680026075,0.0,0.0,0.0,0.0,0.0,0,0.0,0.0,0.3333333333333333,0.0
USDT,2020-01-12,1.0,1.001,0.9996,0.9997,1.0005285714285714,1.001685,1.003434,1.0010260224655383,1.0019309296248917,-0.0009049071593534297,-0.0006989099994148601,-0.00020599715993856963,41.152263374485656,1.001685,0.0018821250587768394,1.0054492501175536,0.9979207498824463,-0.00029999999999996696,0.0008981187314915415,0.002185250123511708,0.0,0.0,0.0,0.0,0.0,0,0.0,0.0,0.3333333333333333,0.0
USDT,2020-01-13,0.9997,1.001,0.9992,1.001,1.0003857142857142,1.001585,1.003294,1.0010220190093015,1.0018619718748998,-0.0008399528655982369,-0.0007271185726515355,-0.00011283429294670143,52.31481481481457,1.001585,0.0018615994820617363,1.0053081989641235,0.9978618010358765,0.0013003901170349774,0.0009687986663594985,0.002191407877384413,0.0,0.0,0.0,0.0,0.0,0,0.0,0.0,0.3333333333333333,0.0
USDT,2020-01-14,1.001,1.002,0.997,0.9974,0.9998714285714286,1.0014049999999999,1.0031219999999998,1.0004647853155628,1.001531455439722,-0.0010666701241592857,-0.0007950288829530856,-0.0002716412412062002,42.56198347107448,1.0014049999999999,0.002082123157293711,1.0055692463145873,0.9972407536854124,-0.0035964035964035634,0.001626133507122592,0.0022690404003126168,0.0,0.0,0.0,0.0,0.0,0,0.0,0.0,0.3333333333333333,0.0
USDT,2020-01-15,0.9973,0.9995,0.9959,0.9988,0.9996999999999999,1.001245,1.002998,1.000208664497784,1.0013291254071501,-0.0011204609093662388,-0.0008601152882357163,-0.0002603456211305225,25.268817204300902,1.001245,0.00215564741771631,1.0055562948354326,0.9969337051645674,0.0014036494886706663,0.0017550215480676126,0.002265683111042237,0.0,0.0,0.0,0.0,0.0,0,0.0,0.0,0.3333333333333333,0.0
USDT,2020-01-16,0.999,1.0,0.9978,0.9994,0.9996142857142857,1.0011649999999999,1.002886,1.000084254575048,1.0011862272288428,-0.0011019726537948582,-0.0009084867613475447,-0.0001934858924473135,37.32394366197175,1.0011649999999999,0.0021945566630646937,1.0055541133261292,0.9967758866738705,0.0006007208650380402,0.0017792506153685745,0.0022598063406696458,0.0,0.0,0.0,0.0,0.0,0,0.0,0.0,0.3333333333333333,0.0
USDT,2020-01-17,0.9994,0.9997,0.9979,0.9983,0.9992285714285714,1.0009799999999998,1.002772,0.9998097538711943,1.0009724326192988,-0.0011626787481044953,-0.0009593251586989349,-0.00020335358940556047,37.06293706293672,1.0009799999999998,0.0022749436083309097,1.0055298872166616,0.9964301127833379,-0.0011006603962376849,0.0017426491137186842,0.002261195878121362,0.0,0.0,0.0,0.0,0.0,0,0.0,0.0,0.3333333333333333,0.0
USDT,2020-01-18,0.9983,0.9997,0.9976,0.9991,0.9991,1.0007350000000002,1.002654,0.9997005609679337,1.0008337339067581,-0.0011331729388244227,-0.0009940947147240324,-0.00013907822410039032,40.3973509933773,1.0007350000000002,0.002195036266342559,1.0051250725326852,0.9963449274673151,0.000801362315937082,0.0017694852826955253,0.002262840158656763,0.0,0.0,0.0,0.0,0.0,0,0.0,0.0,0.3333333333333333,0.0
USDT,2020-01-19,0.9989,1.001,0.9969,1.0,0.9991428571428571,1.0007350000000002,1.002534,0.9997466285113286,1.0007719758395908,-0.001025347328262205,-0.001000345237431667,-2.5002090830538067e-05,46.66666666666696,1.0007350000000002,0.002195036266342559,1.0051250725326852,0.9963449274673151,0.0009008107296566426,0.001807743001275933,0.0022612594811308936,0.0,0.0,0.0,0.0,0.0,0,0.0,0.0,0.3333333333333333,0.0
USDT,2020-01-20,0.9999,1.001,0.9989,0.9995,0.9989285714285715,1.00066,1.0024039999999999,0.9997086856634319,1.0006777554070285,-0.0009690697435966733,-0.0009940901386646683,2.5020395067994975e-05,41.37931034482749,1.00066,0.002211072614206923,1.005082145228414,0.9962378547715862,-0.0004999999999999449,0.0017254435327031673,0.0022621062613628175,0.0,0.0,0.0,0.0,0.0,0,0.0,0.0,0.3333333333333333,0.0
USDT,2020-01-21,0.9997,1.001,0.9991,0.9999,0.9992857142857142,1.000255,1.002262,0.9997381186382885,1.0006201438953968,-0.0008820252571082321,-0.0009716771623533811,8.965190524514897e-05,46.04316546762615,1.000255,0.0013823987542752208,1.0030197975085504,0.9974902024914495,0.00040020010005004103,0.0008669049257672459,0.002228617266835899,0.0,0.0,0.0,0.0,0.0,0,0.0,0.0,0.3333333333333333,0.0
USDT,2020-01-22,1.0,1.001,0.9985,0.9994,0.9993714285714287,1.000075,1.0021499999999999,0.9996861003862442,1.000529762866108,-0.0008436624798638936,-0.0009460742258554836,0.00010241174599158996,47.7611940298505,1.000075,0.0012324024462430062,1.002539804892486,0.997610195107514,-0.0005000500050005297,0.0007782814961335133,0.0021128956028283884,0.0,0.0,0.0,0.0,0.0,0,0.0,0.0,0.3333333333333333,0.0
USDT,2020-01-23,0.9994,1.0,0.9978,0.9993,0.9993571428571428,0.9999399999999999,1.002036,0.999626700326822,1.0004386693204703,-0.0008119689936483265,-0.0009192531794140523,0.00010728418576572574,47.40740740740719,0.9999399999999999,0.0011559457281151832,1.0022518914562304,0.9976281085437696,-0.00010006003602158753,0.0007454231272228585,0.002102985245274269,0.0,0.0,0.0,0.0,0.0,0,0.0,0.0,0.3333333333333333,0.0
USDT,2020-01-24,0.9992,1.001,0.9985,0.9997,0.9995571428571429,0.9998249999999999,1.00195,0.9996379771996187,1.0003839530745096,-0.0007459758748908918,-0.0008845977185094202,0.00013862184361852845,44.961240310077955,0.9998249999999999,0.0010497493435303383,1.0019244986870606,0.9977255013129391,0.0004002801961373592,0.000577793166788089,0.002074695988703742,0.0,0.0,0.0,0.0,0.0,0,0.0,0.0,0.3333333333333333,0.0
USDT,2020-01-25,0.9997,1.005,0.9993,1.001,0.9998285714285714,0.9998250000000001,1.00189,0.9998475191689081,1.0004295861801014,-0.0005820670111932325,-0.0008240915770461827,0.0002420245658529503,53.78787878787846,0.9998250000000001,0.0010497493435303383,1.0019244986870608,0.9977255013129394,0.0013003901170349774,0.0006851220425047734,0.0020806280635990017,0.0,0.0,0.0,0.0,0.0,0,0.0,0.0,0.3333333333333333,0.0
USDT,2020-01-26,1.001,1.007,0.9994,1.002,1.0001142857142857,0.9998249999999999,1.00183,1.0001786700659991,1.0005459131297234,-0.0003672430637242652,-0.0007327218743817993,0.0003654788106575341,58.27338129496404,0.9998249999999999,0.0010497493435303383,1.0019244986870606,0.9977255013129391,0.0009990009990010762,0.0007009721352104151,0.0020805753395237462,0.0,0.0,0.0,0.0,0.0,0,0.0,0.0,0.3333333333333333,0.0
USDT,2020-01-27,1.002,1.003,0.9983,0.9989,1.0000285714285713,0.9997200000000002,1.0016880000000001,0.999981951594307,1.0004239936386328,-0.0004420420443257411,-0.0006745859083705876,0.0002325438640448465,43.312101910828375,0.9997200000000002,0.0010308912853143248,1.0017817825706288,0.9976582174293716,-0.0030938123752495272,0.0014600642132112677,0.0021482943176931047,0.0,0.0,0.0,0.0,0.0,0,0.0,0.0,0.3333333333333333,0.0
USDT,2020-01-28,0.9989,1.001,0.9984,1.0,1.000042857142857,0.9997200000000002,1.001608,0.9999847282721059,1.0003925867024377,-0.0004078584303317534,-0.0006212404127628208,0.0002133819824310674,59.84848484848504,0.9997200000000002,0.0010308912853143248,1.0017817825706288,0.9976582174293716,0.001101211332465768,0.001521622531074305,0.0021242521872170497,0.0,0.0,0.0,0.0,0.0,0,0.0,0.0,0.3333333333333333,0.0
USDT,2020-01-29,1.0,1.002,0.9986,0.9992,1.0000142857142857,0.99968,1.001552,0.9998640008456281,1.0003042469467016,-0.0004402461010735159,-0.0005850415504249599,0.00014479544935144394,51.587301587301425,0.99968,0.0010349675815060863,1.0017499351630121,0.9976100648369879,-0.0008000000000000229,0.0015426316469637031,0.0020010662660273943,0.0,0.0,0.0,0.0,0.0,0,0.0,0.0,0.3333333333333333,0.0
USDT,2020-01-30,0.9992,1.001,0.9977,0.999,0.9999714285714285,0.9995799999999999,1.0014919999999998,0.9997310776386084,1.0002076360617607,-0.0004765584231523068,-0.0005633449249704293,8.678650181812248e-05,48.360655737705095,0.9995799999999999,0.0009966258866427056,1.0015732517732854,0.9975867482267144,-0.00020016012810242234,0.0015438790707349515,0.001991848727861627,0.0,0.0,0.0,0.0,0.0,0,0.0,0.0,0.3333333333333333,0.0
USDT,2020-01-31,0.999,1.0,0.9981,0.9993,0.9999142857142856,0.999545,1.001438,0.9996647580018994,1.0001404037608894,-0.000475645758990062,-0.0005458050917743558,7.01593327842938e-05,54.38596491228071,0.999545,0.0009933860224028055,1.0015317720448056,0.9975582279551944,0.00030030030030037125,0.001539563316644158,0.0014842233338036041,0.0,0.0,0.0,0.0,0.0,0,0.0,0.0,0.3333333333333333,0.0
USDT,2020-02-01,0.9993,1.002,0.9976,1.001,0.9999142857142856,0.99961,1.0013779999999999,0.9998701798477609,1.000204077556379,-0.00033389770861802504,-0.0005034236151430897,0.00016952590652506466,57.72357723577205,0.99961,0.001045239836506968,1.001700479673014,0.9975195203269861,0.0017011908335833326,0.001604505659554899,0.0012391549003624024,0.0,0.0,0.0,0.0,0.0,0,0.0,0.0,0.3333333333333333,0.0
USDT,2020-02-02,1.001,1.002,0.9991,1.001,0.9997714285714286,0.9996099999999999,1.0012979999999998,1.0000439983327207,1.000263034774425,-0.00021903644170429004,-0.0004465461804553298,0.00022750973875103976,54.38596491228027,0.9996099999999999,0.001045239836506968,1.0017004796730138,0.997519520326986,0.0,0.0015442507490867846,0.0012266250813067973,0.0,0.0,0.0,0.0,0.0,0,0.0,0.0,0.3333333333333333,0.0
USDT,2020-02-03,1.001,1.001,0.9988,1.001,1.0000714285714285,0.99979,1.001198,1.0001910755123022,1.0003176247911343,-0.00012654927883204437,-0.00038254680013067276,0.0002559975212986284,56.88073394495343,0.99979,0.0009502908142304449,1.001690581628461,0.9978894183715391,0.0,0.0008411732552374102,0.0012266250813067973,0.0,0.0,0.0,0.0,0.0,0,0.0,0.0,0.3333333333333333,0.0
USDT,2020-02-04,1.001,1.001,0.9981,0.9991,0.9999428571428571,0.9998049999999999,1.0011,1.0000232177411787,1.0002274303621614,-0.0002042126209826911,-0.00034687996430107646,0.00014266734331838535,46.77419354838696,0.9998049999999999,0.0009361033456387402,1.0016772066912774,0.9979327933087224,-0.0018981018981018005,0.001091802789103069,0.001261564864642157,0.0,0.0,0.0,0.0,0.0,0,0.0,0.0,0.3333333333333333,0.0
USDT,2020-02-05,0.9991,1.001,0.9979,1.0,1.0000571428571428,0.9998349999999998,1.001,1.0000196457809973,1.000210583668668,-0.00019093788767077235,-0.00031569154897501567,0.00012475366130424332,52.34375000000021,0.9998349999999998,0.0009320464185584603,1.0016990928371168,0.9979709071628828,0.0009008107296566426,0.0011065103623151872,0.001258840212082129,0.0,0.0,0.0,0.0,0.0,0,0.0,0.0,0.3333333333333333,0.0
USDT,2020-02-06,0.9998,1.001,0.9981,0.9986,1.0,0.99985,1.000892,0.9998012387377669,1.0000912811746927,-0.0002900424369257637,-0.0003105617265651653,2.0519289639401586e-05,47.51773049645413,0.99985,0.0009081502310395184,1.0016663004620792,0.998033699537921,-0.0013999999999999568,0.0012474040806214834,0.0012711840160713457,0.0,0.0,0.0,0.0,0.0,0,0.0,0.0,0.3333333333333333,0.0
USDT,2020-02-07,0.9987,0.9994,0.9974,0.998,0.9998142857142858,0.999795,1.000792,0.9995241250858028,0.9999363714580488,-0.0004122463722460168,-0.0003308986557013356,-8.134771654468118e-05,44.05594405594383,0.999795,0.0009859406409111228,1.0017668812818223,0.9978231187181777,-0.0006008411776488032,0.0012509341350330618,0.0012633039781026298,0.0,0.0,0.0,0.0,0.0,0,0.0,0.0,0.3333333333333333,0.0
USDT,2020-02-08,0.998,1.001,0.9975,0.9998,0.999642857142857,0.9997849999999999,1.0007080000000002,0.9995665673802947,0.9999262698685637,-0.0003597024882689981,-0.0003366594222148681,-2.3043066054129983e-05,45.94594594594638,0.9997849999999999,0.0009847655344936387,1.0017545310689873,0.9978154689310127,0.0018036072144289594,0.001277002898777503,0.001308653763799069,0.0,0.0,0.0,0.0,0.0,0,0.0,0.0,0.3333333333333333,0.0
USDT,2020-02-09,0.9998,1.001,0.9989,0.9993,0.9993999999999998,0.9997749999999999,1.0006140000000001,0.9995255570140955,0.9998798795079293,-0.0003543224938338252,-0.00034019203653865953,-1.4130457295165658e-05,40.55944055944035,0.9997749999999999,0.0009888190723921822,1.0017526381447843,0.9977973618552155,-0.0005001000200040018,0.0012798508566568766,0.001297507396351968,0.0,0.0,0.0,0.0,0.0,0,0.0,0.0,0.3333333333333333,0.0
USDT,2020-02-10,0.9993,1.009,0.9988,0.9999,0.9992428571428571,0.9997749999999999,1.000492,0.9995831636273116,0.9998813699147494,-0.00029820628743781885,-0.00033179488671849144,3.358859928067259e-05,54.23728813559325,0.9997749999999999,0.0009888190723921822,1.0017526381447843,0.9977973618552155,0.0006004202942060388,0.0013183211445263316,0.0012902565651576544,0.0,0.0,0.0,0.0,0.0,0,0.0,0.0,0.3333333333333333,0.0
USDT,2020-02-11,0.9997,1.04,0.9993,1.005,1.0000857142857142,1.0000550000000001,1.0005519999999999,1.0004165230692637,1.000260527698842,0.00015599537042154665,-0.00023423683529048383,0.0003902322057120305,65.82278481012644,1.0000550000000001,0.0015247001430930055,1.0031044002861862,0.9970055997138141,0.005100510051005092,0.0021614419338578357,0.0015893874734952973,0.0,0.0,0.0,0.0,0.0,0,0.0,0.0,0.3333333333333333,0.0
USDT,2020-02-12,1.005,1.006,1.0,1.001,1.0002285714285715,1.0001399999999998,1.0005119999999998,1.0005062887509153,1.0003153034248538,0.0001909853260615435,-0.00014919240302007836,0.0003401777290816219,54.73684210526299,1.0001399999999998,0.0015277778841147113,1.0031955557682293,0.9970844442317703,-0.003980099502487566,0.002825224448058669,0.0017454730134472069,0.0,0.0,0.0,0.0,0.0,0,0.0,0.0,0.3333333333333333,0.0
USDT,2020-02-13,1.001,1.002,0.9989,0.9992,1.0003142857142857,1.000115,1.000476,1.0003053212507744,1.0002326883563462,7.263289442827059e-05,-0.00010482734353040858,0.00017746023795867918,50.48543689320384,1.000115,0.0015394035071828393,1.0031938070143658,0.9970361929856344,-0.0017982017982016707,0.002865271421936059,0.0016456833384049963,0.0,0.0,0.0,0.0,0.0,0,0.0,0.0,0.3333333333333333,0.0
USDT,2020-02-14,0.9992,1.0,0.9986,1.0,1.0006,1.000065,1.0004359999999999,1.0002583487506553,1.000215452181802,4.289656885325677e-05,-7.528256105367551e-05,0.00011817912990693228,51.65876777251194,1.000065,0.0015253213639066059,1.0031156427278132,0.9970143572721868,0.0008006405124099114,0.0028579631823771713,0.0016323525782133215,0.0,0.0,0.0,0.0,0.0,0,0.0,0.0,0.3333333333333333,0.0
USDT,2020-02-15,1.0,1.001,0.999,0.9999,1.0006142857142857,0.9999600000000001,1.000414,1.0002032181736313,1.0001920853535204,1.1132820110892894e-05,-5.7999484820761836e-05,6.913230493165473e-05,47.17948717948747,0.9999600000000001,0.0014558050766103423,1.0028716101532207,0.9970483898467793,-9.999999999998899e-05,0.0027793700449066177,0.001629082008188698,0.0,0.0,0.0,0.0,0.0,0,0.0,0.0,0.3333333333333333,0.0
USDT,2020-02-16,0.9999,1.002,0.9991,1.001,1.000857142857143,1.0000649999999998,1.000394,1.0003257999930726,1.0002519308828892,7.386911018336662e-05,-3.162576581993615e-05,0.00010549487600330276,50.0,1.0000649999999998,0.001451052249786671,1.0029671044995732,0.9971628955004265,0.0011001100110010764,0.002795454802411845,0.0016265221035425765,0.0,0.0,0.0,0.0,0.0,0,0.0,0.0,0.3333333333333333,0.0
USDT,2020-02-17,1.001,1.003,1.001,1.002,1.0011571428571429,1.000165,1.000354,1.0005833692249075,1.0003814174841568,0.00020195174075077205,1.5089735494205494e-05,0.00018686200525656655,52.314814814815094,1.000165,0.0015138918128733065,1.0031927836257466,0.9971372163742533,0.0009990009990010762,0.0028079040149365285,0.0016298939621120472,0.0,0.0,0.0,0.0,0.0,0,0.0,0.0,0.3333333333333333,0.0
USDT,2020-02-18,1.001,1.003,1.0,1.001,1.0005857142857142,1.000255,1.000374,1.0006474662672293,1.0004272384112562,0.00022022785597308747,5.6117359589981894e-05,0.00016411049638310557,54.58937198067608,1.000255,0.00150699247371108,1.0032689849474221,0.9972410150525778,-0.0009980039920161055,0.0018561163244976246,0.0016345012890714176,0.0,0.0,0.0,0.0,0.0,0,0.0,0.0,0.3333333333333333,0.0
USDT,2020-02-19,1.001,1.003,1.0,1.0,1.0004428571428572,1.000305,1.000354,1.000547856072271,1.0003955911215336,0.00015226495073727975,7.534687781944146e-05,7.691807291783828e-05,50.0,1.000305,0.0014795002712619041,1.0032640005425237,0.9973459994574762,-0.0009990009990008542,0.0011507427554445088,0.0016426480023554034,0.0,0.0,0.0,0.0,0.0,0,0.0,0.0,0.3333333333333333,0.0
USDT,2020-02-20,1.0,1.002,0.9999,1.001,1.0007,1.00039,1.000214,1.000617416676537,1.000440362149568,0.00017705452696881174,9.568840764931553e-05,8.136611931949621e-05,55.88235294117613,1.00039,0.0014675077333360222,1.003325015466672,0.9974549845333278,0.0009999999999998899,0.0009477178293280212,0.0016510891570922445,0.0,0.0,0.0,0.0,0.0,0,0.0,0.0,0.3333333333333333,0.0
USDT,2020-02-21,1.001,1.002,1.001,1.001,1.000842857142857,1.00039,1.000174,1.0006762756493774,1.0004818168051557,0.00019445884422175652,0.00011544249496380373,7.901634925795279e-05,57.57575757575738,1.00039,0.0014675077333360222,1.003325015466672,0.9974549845333278,0.0,0.0009191300687980756,0.0016479915662985529,0.0,0.0,0.0,0.0,0.0,0,0.0,0.0,0.3333333333333333,0.0
USDT,2020-02-22,1.001,1.003,1.001,1.002,1.0011428571428571,1.00044,1.000174,1.0008799255494731,1.0005942748195886,0.00028565072988451234,0.00014948414194794547,0.00013616658793656687,55.789473684210506,1.00044,0.0015059181497401914,1.0034518362994804,0.9974281637005196,0.0009990009990010762,0.0009634658449697695,0.001656627639087241,0.0,0.0,0.0,0.0,0.0,0,0.0,0.0,0.3333333333333333,0.0
USDT,2020-02-23,1.002,1.004,1.001,1.002,1.0012857142857141,1.0004899999999999,1.000174,1.001052244695708,1.0006984026107302,0.0003538420849777957,0.00019035573055391553,0.00016348635442388015,57.29729729729746,1.0004899999999999,0.0015416669037564717,1.0035733338075128,0.997406666192487,0.0,0.0008987842540618983,0.0016556647004904793,0.0,0.0,0.0,0.0,0.0,0,0.0,0.0,0.3333333333333333,0.0
USDT,2020-02-24,1.002,1.002,1.0,1.001,1.0011428571428571,1.000585,1.000174,1.0010442070502144,1.0007207431580836,0.00032346389213078197,0.00021697736286928882,0.00010648652926149315,52.9100529100526,1.000585,0.0015097141590838363,1.0036044283181678,0.9975655716818324,-0.0009980039920161055,0.0008987316140638151,0.0016503152910301963,0.0,0.0,0.0,0.0,0.0,0,0.0,0.0,0.3333333333333333,0.0
USDT,2020-02-25,1.001,1.003,1.0,1.001,1.0011428571428571,1.000635,1.000154,1.001037405965566,1.0007414288500773,0.000295977115488677,0.00023277731339316646,6.319980209551054e-05,35.50724637681161,1.000635,0.0015058744618227226,1.0036467489236454,0.9976232510763545,0.0,0.0008156814524210012,0.001639533530543475,0.0,0.0,0.0,0.0,0.0,0,0.0,0.0,0.3333333333333333,0.0
USDT,2020-02-26,1.001,1.002,1.0,1.002,1.0014285714285713,1.0008050000000002,1.000174,1.001185497355479,1.0008346563426642,0.0003508410128147954,0.0002563900532774923,9.445095953730312e-05,54.62962962963008,1.0008050000000002,0.0014551089668119238,1.003715217933624,0.9978947820663763,0.0009990009990010762,0.0007550486218449087,0.0015434377527817052,0.0,0.0,0.0,0.0,0.0,0,0.0,0.0,0.3333333333333333,0.0
USDT,2020-02-27,1.002,1.003,1.001,1.001,1.0014285714285713,1.0009549999999998,1.0001939999999998,1.0011569593007899,1.0008469040209853,0.00031005527980454417,0.00026712309858290266,4.293218122164151e-05,58.99999999999926,1.0009549999999998,0.001296746942010079,1.00354849388402,0.9983615061159796,-0.0009980039920161055,0.000815273917175402,0.0015442747991995104,0.0,0.0,0.0,0.0,0.0,0,0.0,0.0,0.3333333333333333,0.0
USDT,2020-02-28,1.001,1.003,1.0,1.002,1.0015714285714286,1.001065,1.0002339999999998,1.0012866578698991,1.0009323185379493,0.0003543393319498378,0.0002845663452562897,6.977298669354811e-05,59.80392156862704,1.001065,0.0012868873095194325,1.003638774619039,0.9984912253809612,0.0009990009990010762,0.0008984144691681483,0.0015456820575386408,0.0,0.0,0.0,0.0,0.0,0,0.0,0.0,0.3333333333333333,0.0
USDT,2020-02-29,1.002,1.004,1.002,1.003,1.0017142857142856,1.00125,1.000274,1.0015502489668378,1.001085480127731,0.00046476883910684386,0.00032060684402640056,0.0001441619950804433,63.96396396396301,1.00125,0.0012857518791628657,1.0038215037583258,0.9986784962416743,0.0009980039920158834,0.0008982562109547303,0.0015532685553549489,0.0,0.0,0.0,0.0,0.0,0,0.0,0.0,0.3333333333333333,0.0
USDT,2020-03-01,1.003,1.004,1.002,1.002,1.0017142857142856,1.001355,1.000314,1.001619441433478,1.0011532223404915,0.00046621909298649733,0.0003497292938184199,0.00011648979916807742,54.545454545454916,1.001355,0.0012550843964209875,1.003865168792842,0.9988448312071581,-0.0009970089730806375,0.0009981706193769424,0.0015664923505026118,0.0,0.0,0.0,0.0,0.0,0,0.0,0.0,0.3333333333333333,0.0
USDT,2020-03-02,1.002,1.004,1.002,1.002,1.0018571428571428,1.001205,1.00036,1.0016779889052507,1.0012159466115662,0.000462042293684517,0.00037219189379163935,8.985039989287764e-05,50.0,1.001205,0.0009349781872109387,1.0030749563744217,0.999335043625578,0.0,0.0008980456387289617,0.0015367071180947124,0.0,0.0,0.0,0.0,0.0,0,0.0,0.0,0.3333333333333333,0.0
USDT,2020-03-03,1.002,1.003,1.001,1.002,1.002,1.001255,1.00038,1.0017275290736738,1.001274024640339,0.0004535044333346949,0.0003884544017002505,6.505003163444445e-05,55.5555555555561,1.001255,0.0009500554000645969,1.003155110800129,0.9993548891998708,0.0,0.0008980456387289617,0.0015367071180947124,0.0,0.0,0.0,0.0,0.0,0,0.0,0.0,0.3333333333333333,0.0
USDT,2020-03-04,1.002,1.004,1.001,1.003,1.002142857142857,1.001445,1.000492,1.00192329383157,1.0014018746669806,0.0005214191645894761,0.0004150473542780956,0.00010637181031138051,66.66666666666583,1.001445,0.0008958823936165531,1.0032367647872331,0.9996532352127668,0.0009980039920158834,0.0008978873154543318,0.0015467061092858782,0.0,0.0,0.0,0.0,0.0,0,0.0,0.0,0.3333333333333333,0.0
USDT,2020-03-05,1.003,1.003,1.001,1.002,1.0022857142857142,1.001545,1.0005559999999998,1.0019350947805592,1.0014461802472043,0.0004889145333548672,0.00042982079009344995,5.909374326141728e-05,55.5555555555561,1.001545,0.0008357001477063733,1.0032164002954127,0.9998735997045871,-0.0009970089730806375,0.0008976766567474862,0.0015156524906245492,0.0,0.0,0.0,0.0,0.0,0,0.0,0.0,0.3333333333333333,0.0
USDT,2020-03-06,1.002,1.002,1.001,1.001,1.002142857142857,1.0015999999999998,1.000588,1.0017912340450885,1.0014131298585225,0.0003781041865660306,0.0004194774693879661,-4.1373282821935507e-05,50.0,1.0015999999999998,0.0007539370349478804,1.0031078740698955,1.000092125930104,-0.0009980039920161055,0.0008976236355548503,0.001520598507938294,0.0,0.0,0.0,0.0,0.0,0,0.0,0.0,0.3333333333333333,0.0
USDT,2020-03-07,1.001,1.005,1.001,1.004,1.0022857142857142,1.00175,1.000702,1.002131044191998,1.0016047498690024,0.0005262943229955575,0.00044084084010948443,8.545348288607302e-05,58.33333333333318,1.00175,0.0009104654680193279,1.0035709309360386,0.9999290690639613,0.0029970029970030065,0.001461642534819094,0.001587984340673728,0.0,0.0,0.0,0.0,0.0,0,0.0,0.0,0.3333333333333333,0.0
USDT,2020-03-08,1.004,1.005,1.002,1.004,1.0025714285714284,1.00185,1.0008,1.0024185758547675,1.001782175804632,0.0006364000501355438,0.00047995268211469634,0.00015644736802084745,58.33333333333318,1.00185,0.0010399898785099478,1.0039299797570198,0.99977002024298,0.0,0.0013782024909326485,0.0015815595140217188,0.0,0.0,0.0,0.0,0.0,0,0.0,0.0,0.3333333333333333,0.0
USDT,2020-03-09,1.004,1.005,1.003,1.003,1.0027142857142857,1.0019500000000001,1.0008599999999999,1.0025080257232648,1.0018723850042888,0.0006356407189760382,0.0005110902894869647,0.0001245504294890735,58.33333333333318,1.0019500000000001,0.001050062654788833,1.0040501253095777,0.9998498746904224,-0.0009960159362550902,0.0014615134585884049,0.0015662604316872793,0.0,0.0,0.0,0.0,0.0,0,0.0,0.0,0.3333333333333333,0.0
USDT,2020-03-10,1.003,1.003,1.002,1.003,1.002857142857143,1.0021,1.0009299999999999,1.0025837140735319,1.0019559120410082,0.0006278020325236611,0.000534432638094304,9.336939442935706e-05,58.33333333333318,1.0021,0.0009679060415650418,1.00403581208313,1.00016418791687,0.0,0.0014615134585884049,0.0015622244760120504,0.0,0.0,0.0,0.0,0.0,0,0.0,0.0,0.3333333333333333,0.0
USDT,2020-03-11,1.003,1.004,1.001,1.002,1.0027142857142857,1.0021499999999999,1.000972,1.0024939119083731,1.0019591778157484,0.0005347340926247224,0.0005344929290003877,2.4116362433467594e-07,50.0,1.0021499999999999,0.000933302004505471,1.0040166040090108,1.000283395990989,-0.0009970089730806375,0.0014616106014156962,0.001572628456668952,0.0,0.0,0.0,0.0,0.0,0,0.0,0.0,0.3333333333333333,0.0
USDT,2020-03-12,1.002,1.004,0.997,1.002,1.0027142857142857,1.0022,1.0010240000000001,1.0024179254609311,1.0019622016812486,0.0004557237796825042,0.000518739099136811,-6.301531945430679e-05,54.5454545454551,1.0022,0.0008944271910194822,1.003988854382039,1.000411145617961,0.0,0.0014120970499732382,0.0012534761992230672,0.0,0.0,0.0,0.0,0.0,0,0.0,0.0,0.3333333333333333,0.0
USDT,2020-03-13,1.002,1.056,1.0,1.006,1.0034285714285713,1.0024,1.001158,1.002969013851557,1.0022612978530079,0.0007077159985491299,0.0005565344790192748,0.00015118151952985513,64.2857142857145,1.0024,0.0012311740225164436,1.004862348045033,0.9999376519549671,0.003992015968063978,0.0019722485054960034,0.0012473151350767173,0.0,0.0,0.0,0.0,0.0,0,0.0,0.0,0.3333333333333333,0.0
USDT,2020-03-14,1.007,1.01,1.003,1.004,1.0034285714285713,1.0025,1.001244,1.0031276271051637,1.002390090604637,0.0007375365005266588,0.0005927348833207516,0.0001448016172059071,53.33333333333373,1.0025,0.0012773327473307764,1.0050546654946615,0.9999453345053384,-0.001988071570576566,0.0019093924715769621,0.0012580651991239455,0.0,0.0,0.0,0.0,0.0,0,0.0,0.0,0.3333333333333333,0.0
USDT,2020-03-15,1.004,1.06,1.001,1.002,1.0031428571428571,1.0025499999999998,1.001264,1.0029541460120617,1.0023611950042934,0.0005929510077682387,0.0005927781082102491,1.7289955798961872e-07,50.0,1.0025499999999998,0.0012343760409864965,1.0050187520819729,1.0000812479180268,-0.0019920318725099584,0.0020527298517842127,0.001311262626932214,0.0,0.0,0.0,0.0,0.0,0,0.0,0.0,0.3333333333333333,0.0
USDT,2020-03-16,1.002,1.006,1.0,1.004,1.0032857142857143,1.0027000000000001,1.001304,1.0031150466255907,1.0024825879669383,0.0006324586586523573,0.0006007142182986708,3.174444035368646e-05,55.55555555555556,1.0027000000000001,0.0012182817926699012,1.00513656358534,1.0002634364146603,0.001996007984031989,0.0021866600890962755,0.001357073529346301,0.0,0.0,0.0,0.0,0.0,0,0.0,0.0,0.3333333333333333,0.0
USDT,2020-03-17,1.004,1.014,1.003,1.005,1.0035714285714286,1.00285,1.001426,1.0034050394524228,1.0026690629323503,0.0007359765200725121,0.0006277666786534391,0.00010820984141907304,57.89473684210502,1.00285,0.001308876577363969,1.005467753154728,1.000232246845272,0.0009960159362549792,0.0022079983230461806,0.001354657826933854,0.0,0.0,0.0,0.0,0.0,0,0.0,0.0,0.3333333333333333,0.0
USDT,2020-03-18,1.006,1.007,1.002,1.004,1.0038571428571428,1.003,1.001506,1.0034965718443578,1.0027676508632872,0.0007289209810705799,0.0006479975391368673,8.09234419337126e-05,52.63157894736873,1.003,0.001256561724889079,1.005513123449778,1.0004868765502217,-0.0009950248756217528,0.0022078061855877514,0.0013596537388460021,0.0,0.0,0.0,0.0,0.0,0,0.0,0.0,0.3333333333333333,0.0
USDT,2020-03-19,1.004,1.007,1.002,1.003,1.004,1.0030499999999998,1.001582,1.003420176175995,1.0027848619104511,0.0006353142655439736,0.0006454608844182886,-1.0146618874315016e-05,52.63157894736811,1.0030499999999998,0.0012343760409864958,1.0055187520819728,1.0005812479180267,-0.0009960159362550902,0.002260842893693201,0.0013596000705461632,0.0,0.0,0.0,0.0,0.0,0,0.0,0.0,0.3333333333333333,0.0
USDT,2020-03-20,1.003,1.004,1.0,1.001,1.0032857142857143,1.00295,1.001622,1.0030478413796882,1.0026526499170845,0.00039519146260369453,0.0005954070000553698,-0.0002002155374516753,50.0,1.00295,0.0013168942730344573,1.005583788546069,1.000316211453931,-0.001994017946161497,0.0015980085116928942,0.0013981039591695705,0.0,0.0,0.0,0.0,0.0,0,0.0,0.0,0.3333333333333333,0.0
USDT,2020-03-21,1.011,1.011,0.9991,1.005,1.0034285714285713,1.0030999999999999,1.001736,1.0033481734751206,1.0028265277010042,0.0005216457741163971,0.0005806547548675753,-5.900898075117823e-05,52.38095238095213,1.0030999999999999,0.0013726654823193547,1.0058453309646387,1.000354669035361,0.003996003996004083,0.002262909822255059,0.0015663453927534353,0.0,0.0,0.0,0.0,0.0,0,0.0,0.0,0.3333333333333333,0.0
USDT,2020-03-22,1.006,1.011,1.0,1.006,1.004,1.0032999999999999,1.001836,1.0037561467866405,1.003061599723152,0.000694547063488482,0.0006034332165917567,9.111384689672536e-05,54.54545454545455,1.0032999999999999,0.0014903196407530573,1.006280639281506,1.0003193607184937,0.0009950248756220859,0.0020659552087325147,0.0015739238180331875,0.0,0.0,0.0,0.0,0.0,0,0.0,0.0,0.3333333333333333,0.0
USDT,2020-03-23,1.005,1.021,0.9989,1.007,1.0044285714285714,1.0035500000000002,1.001956,1.0042552011271573,1.0033533330769926,0.0009018680501646781,0.000663120183306341,0.00023874786685833705,59.090909090909186,1.0035500000000002,0.0016693837501601174,1.0068887675003204,1.00021123249968,0.0009940357852882276,0.001983859893152344,0.0015738336020893202,0.0,0.0,0.0,0.0,0.0,0,0.0,0.0,0.3333333333333333,0.0
USDT,2020-03-24,1.004,1.012,1.001,1.004,1.0042857142857142,1.0036,1.002016,1.004215939415287,1.0034012343305487,0.0008147050847382431,0.0006934371635927215,0.00012126792114552161,52.00000000000025,1.0036,0.0016670175069436377,1.0069340350138873,1.0002659649861128,-0.002979145978152853,0.0023324811835942066,0.0016754504335620133,0.0,0.0,0.0,0.0,0.0,0,0.0,0.0,0.3333333333333333,0.0
USDT,2020-03-25,1.003,1.004,1.001,1.002,1.004,1.0036,1.002074,1.003875025659089,1.0032974391949525,0.0005775864641364148,0.0006702670237014602,-9.268055956504538e-05,50.0,1.0036,0.0016670175069436377,1.0069340350138873,1.0002659649861128,-0.0019920318725099584,0.0024221205250507063,0.001706791437449434,0.0,0.0,0.0,0.0,0.0,0,0.0,0.0,0.3333333333333333,0.0
USDT,2020-03-26,1.002,1.003,1.001,1.002,1.0038571428571428,1.00365,1.002114,1.0035865601730753,1.003201332587919,0.0003852275851563558,0.0006132591359924393,-0.00022803155083608352,50.0,1.00365,0.0015985190514755468,1.006847038102951,1.0004529618970488,0.0,0.0024023808388709284,0.001706791437449434,0.0,0.0,0.0,0.0,0.0,0,0.0,0.0,0.3333333333333333,0.0
USDT,2020-03-27,1.003,1.004,1.001,1.002,1.004,1.00355,1.002182,1.0033424739926022,1.003112344988814,0.00023012900378827084,0.0005366331095516056,-0.0003065041057633348,40.909090909090814,1.00355,0.0016375527311826984,1.0068251054623654,1.0002748945376345,0.0,0.0022598996648458005,0.0016970462779752626,0.0,0.0,0.0,0.0,0.0,0,0.0,0.0,0.3333333333333333,0.0
USDT,2020-03-28,1.002,1.002,1.001,1.002,1.0035714285714286,1.00345,1.002262,1.003135939532202,1.0030299490637167,0.00010599046848525084,0.0004505045813383347,-0.00034451411285308384,44.999999999999936,1.00345,0.0016693837501600979,1.0067887675003202,1.0001112324996797,0.0,0.001502844610405601,0.001686529056503285,0.0,0.0,0.0,0.0,0.0,0,0.0,0.0,0.3333333333333333,0.0
USDT,2020-03-29,1.002,1.002,1.001,1.001,1.002857142857143,1.00335,1.0022859999999998,1.0028073334503247,1.0028795824664043,-7.224901607960632e-05,0.0003459538618547465,-0.0004182028779343528,47.36842105263127,1.00335,0.0017554426642313974,1.0068608853284629,0.9998391146715372,-0.0009980039920161055,0.0013718363402225433,0.0016865648130053434,0.0,0.0,0.0,0.0,0.0,0,0.0,0.0,0.3333333333333333,0.0
USDT,2020-03-30,1.001,1.004,1.001,1.003,1.0022857142857142,1.00335,1.00236,1.002836974457967,1.0028885022837077,-5.15278257406937e-05,0.0002664575243356585,-0.0003179853500763522,47.36842105263127,1.00335,0.0017554426642313974,1.0068608853284629,0.9998391146715372,0.0019980019980019303,0.0016113467488232862,0.001717225209975822,0.0,0.0,0.0,0.0,0.0,0,0.0,0.0,0.3333333333333333,0.0
USDT,2020-03-31,1.003,1.003,1.001,1.002,1.002,1.00335,1.002402,1.0027082091567414,1.0028226872997295,-0.00011447814298803927,0.00019027039087091894,-0.0003047485338589582,42.10526315789498,1.00335,0.0017554426642313974,1.0068608853284629,0.9998391146715372,-0.0009970089730806375,0.0012506703094304892,0.001717225209975822,0.0,0.0,0.0,0.0,0.0,0,0.0,0.0,0.3333333333333333,0.0
USDT,2020-04-01,1.002,1.003,1.001,1.003,1.0021428571428572,1.0033999999999998,1.002362,1.0027531000557042,1.0028358215738236,-8.272151811938855e-05,0.00013567200907285744,-0.000218393527192246,47.36842105263127,1.0033999999999998,0.0017290094517514825,1.0068580189035028,0.9999419810964969,0.0009980039920158834,0.0010673114046870396,0.001726836646524105,0.0,0.0,0.0,0.0,0.0,0,0.0,0.0,0.3333333333333333,0.0
USDT,2020-04-02,1.003,1.004,1.001,1.002,1.002142857142857,1.0032,1.0023819999999999,1.0026372385086728,1.0027739088646515,-0.00013667035597864086,8.120353606255779e-05,-0.00021787389204119866,47.368421052631824,1.0032,0.0016415653633470172,1.0064831307266942,0.999916869273306,-0.0009970089730806375,0.001152684362510952,0.0017370907726962821,0.0,0.0,0.0,0.0,0.0,0,0.0,0.0,0.3333333333333333,0.0
USDT,2020-04-03,1.002,1.002,1.0,1.001,1.002,1.0030499999999998,1.002418,1.0023853556611846,1.0026425082080106,-0.00025715254682601163,1.3532319484843908e-05,-0.00027068486631085556,50.0,1.0030499999999998,0.0017006190823324495,1.0064512381646646,0.9996487618353349,-0.0009980039920161055,0.0012129130231252666,0.0017358299417720104,0.0,0.0,0.0,0.0,0.0,0,0.0,0.0,0.3333333333333333,0.0
USDT,2020-04-04,1.001,1.002,1.001,1.002,1.002,1.00305,1.0024579999999998,1.0023260701748484,1.0025949150074172,-0.0002688448325687265,-4.294311092587018e-05,-0.00022590172164285632,40.0000000000003,1.00305,0.0017006190823324495,1.0064512381646649,0.9996487618353351,0.0009990009990010762,0.0012888044281847719,0.001737130236743213,0.0,0.0,0.0,0.0,0.0,0,0.0,0.0,0.3333333333333333,0.0
USDT,2020-04-05,1.002,1.003,1.001,1.002,1.002142857142857,1.0029499999999998,1.0025,1.002275905532564,1.00255084722909,-0.00027494169652597655,-8.934282804589146e-05,-0.00018559886848008508,35.71428571428548,1.0029499999999998,0.0017006190823324427,1.0063512381646647,0.9995487618353349,0.0,0.0012128740944229793,0.0017268558345898825,0.0,0.0,0.0,0.0,0.0,0,0.0,0.0,0.3333333333333333,0.0
USDT,2020-04-06,1.002,1.002,1.001,1.002,1.002,1.0028,1.0025199999999999,1.0022334585275543,1.002510043730639,-0.00027658520308460055,-0.00012679130305363328,-0.00014979390003096727,30.76923076923103,1.0028,0.0016415653633470044,1.006083130726694,0.9995168692733059,0.0,0.0008978347802945628,0.001633756089705165,0.0,0.0,0.0,0.0,0.0,0,0.0,0.0,0.3333333333333333,0.0
USDT,2020-04-07,1.002,1.002,1.001,1.001,1.0018571428571428,1.00265,1.0025,1.0020436956771612,1.0023981886394804,-0.00035449296231915284,-0.0001723316349067372,-0.00018216132741241564,36.36363636363599,1.00265,0.001663066286628271,1.0059761325732566,0.9993238674267435,-0.0009980039920161055,0.0008979927445876201,0.0016425204523407096,0.0,0.0,0.0,0.0,0.0,0,0.0,0.0,0.3333333333333333,0.0
USDT,2020-04-08,1.001,1.001,1.0,1.001,1.0015714285714286,1.00255,1.0025,1.0018831271114441,1.00229461911063,-0.0004114919991857757,-0.00022016370776254491,-0.0001913282914232308,44.44444444444389,1.00255,0.0017006190823324516,1.005951238164665,0.9991487618353352,0.0,0.0007545461759796055,0.001633795188309065,0.0,0.0,0.0,0.0,0.0,0,0.0,0.0,0.3333333333333333,0.0
USDT,2020-04-09,1.001,1.002,1.001,1.001,1.0014285714285713,1.0025499999999998,1.0025199999999999,1.001747261401991,1.0021987213987313,-0.0004514599967402333,-0.0002664229655580826,-0.0001850370311821507,44.44444444444389,1.0025499999999998,0.0017006190823324516,1.0059512381646647,0.999148761835335,0.0,0.0006889634311424971,0.001633795188309065,0.0,0.0,0.0,0.0,0.0,0,0.0,0.0,0.3333333333333333,0.0
USDT,2020-04-10,1.001,1.003,1.001,1.002,1.0015714285714286,1.0024000000000002,1.00254,1.0017861442632232,1.0021840012951215,-0.0003978570318983188,-0.00029270977882612983,-0.00010514725307218895,50.0,1.0024000000000002,0.0016026294183831198,1.0056052588367663,0.9991947411632339,0.0009990009990010762,0.0006891010311694401,0.0016351836066666057,0.0,0.0,0.0,0.0,0.0,0,0.0,0.0,0.3333333333333333,0.0
USDT,2020-04-11,1.002,1.002,1.001,1.002,1.0015714285714286,1.0022,1.00256,1.0018190451458042,1.002170371569557,-0.00035132642375268475,-0.0003044331078114408,-4.6893315941243924e-05,50.0,1.0022,0.0013611140947704862,1.004922228189541,0.999477771810459,0.0,0.0005764857358865217,0.0016351836066666057,0.0,0.0,0.0,0.0,0.0,0,0.0,0.0,0.3333333333333333,0.0
USDT,2020-04-12,1.002,1.003,1.001,1.002,1.0015714285714286,1.00195,1.00256,1.001846884354142,1.0021577514532933,-0.00031086709915140176,-0.00030571990607943303,-5.147193071968728e-06,55.5555555555561,1.00195,0.0007591546545397551,1.0034683093090795,1.0004316906909203,0.0,0.0005764857358865217,0.0014513234180931203,0.0,0.0,0.0,0.0,0.0,0,0.0,0.0,0.3333333333333333,0.0
USDT,2020-04-13,1.002,1.003,1.001,1.002,1.0015714285714286,1.00185,1.00256,1.0018704406073509,1.0021460661604569,-0.000275625553106007,-0.0002997010354847478,2.4075482378740822e-05,42.857142857143764,1.00185,0.0005871429486428586,1.0030242858972855,1.0006757141027143,0.0,0.0005764857358865217,0.0014083939670898047,0.0,0.0,0.0,0.0,0.0,0,0.0,0.0,0.3333333333333333,0.0
USDT,2020-04-14,1.002,1.003,1.001,1.001,1.0015714285714286,1.0017999999999998,1.00256,1.0017365266677585,1.0020611723707933,-0.00032464570303480933,-0.00030468996899476016,-1.995573404004917e-05,42.85714285714241,1.0017999999999998,0.0006155870112801877,1.0030311740225601,1.0005688259774395,-0.0009980039920161055,0.0005764857358865217,0.0013727489292939916,0.0,0.0,0.0,0.0,0.0,0,0.0,0.0,0.3333333333333333,0.0
USDT,2020-04-15,1.001,1.002,1.0,1.001,1.0015714285714286,1.00175,1.00256,1.0016232148727187,1.0019825670099938,-0.00035935213727511517,-0.0003156224026508312,-4.3729734624283986e-05,33.333333333334565,1.00175,0.0006386663736865907,1.003027332747373,1.0004726672526267,0.0,0.0005764857358865217,0.0013183410185841303,0.0,0.0,0.0,0.0,0.0,0,0.0,0.0,0.3333333333333333,0.0
USDT,2020-04-16,1.001,1.002,1.0,1.002,1.0017142857142858,1.00175,1.00256,1.0016811818153772,1.0019838583425869,-0.000302676527209611,-0.00031303322756258715,1.0356700352976127e-05,50.0,1.00175,0.0006386663736865907,1.003027332747373,1.0004726672526267,0.0009990009990010762,0.0006891010311694401,0.0013184266175817225,0.0,0.0,0.0,0.0,0.0,0,0.0,0.0,0.3333333333333333,0.0
USDT,2020-04-17,1.002,1.002,1.001,1.001,1.0015714285714286,1.0017,1.00256,1.0015763846130115,1.0019109799468398,-0.00033459533382829143,-0.000317345648815728,-1.7249685012563434e-05,50.0,1.0017,0.0006569466853591203,1.0030138933707182,1.0003861066292818,-0.0009980039920161055,0.0006889634311424971,0.0013184965587695397,0.0,0.0,0.0,0.0,0.0,0,0.0,0.0,0.3333333333333333,0.0
USDT,2020-04-18,1.001,1.002,1.001,1.002,1.0015714285714286,1.00175,1.00256,1.0016415562110097,1.0019175740248516,-0.00027601781384190005,-0.00030908008182096243,3.306226797906238e-05,50.0,1.00175,0.0006386663736865907,1.003027332747373,1.0004726672526267,0.0009990009990010762,0.0008152739171754026,0.0013219954267858392,0.0,0.0,0.0,0.0,0.0,0,0.0,0.0,0.3333333333333333,0.0
USDT,2020-04-19,1.002,1.002,1.001,1.002,1.0015714285714286,1.0017,1.00254,1.0016967014093159,1.0019236796526403,-0.00022697824332440497,-0.00029265971412165094,6.568147079724597e-05,50.0,1.0017,0.0005712405706089248,1.002842481141218,1.000557518858782,0.0,0.0008152739171754026,0.0012690353975081457,0.0,0.0,0.0,0.0,0.0,0,0.0,0.0,0.3333333333333333,0.0
USDT,2020-04-20,1.002,1.002,1.001,1.001,1.0014285714285713,1.00165,1.00252,1.0015895165771134,1.00185525893763,-0.0002657423605165743,-0.00028727624340063563,2.1533882884061336e-05,42.857142857142854,1.00165,0.000587142948643051,1.002824285897286,1.0004757141027139,-0.0009980039920161055,0.0008983617019648144,0.001037900942589468,0.0,0.0,0.0,0.0,0.0,0,0.0,0.0,0.3333333333333333,0.0
USDT,2020-04-21,1.001,1.002,1.001,1.001,1.0014285714285713,1.00155,1.0025,1.0014988217190959,1.0017919064237315,-0.00029308470463562664,-0.00028843793564763386,-4.646768987992772e-06,50.0,1.00155,0.000510417785569455,1.002570835571139,1.000529164428861,0.0,0.0008152739171754025,0.0010163040403060146,0.0,0.0,0.0,0.0,0.0,0,0.0,0.0,0.3333333333333333,0.0
USDT,2020-04-22,1.001,1.002,1.001,1.002,1.0015714285714286,1.00155,1.0025,1.0015759260700041,1.0018073207627143,-0.00023139469271016289,-0.0002770292870601397,4.5634594349976804e-05,57.14285714285714,1.00155,0.000510417785569455,1.002570835571139,1.000529164428861,0.0009990009990010762,0.0008984144691681487,0.0010164997821306377,0.0,0.0,0.0,0.0,0.0,0,0.0,0.0,0.3333333333333333,0.0
USDT,2020-04-23,1.002,1.003,1.001,1.002,1.0015714285714286,1.0016,1.0024799999999998,1.0016411682130804,1.0018215932988095,-0.00018042508572913007,-0.0002577084467939378,7.72833610648077e-05,57.14285714285714,1.0016,0.0005026246899859211,1.002605249379972,1.0005947506200281,0.0,0.0008152739171754025,0.0008666079514918133,0.0,0.0,0.0,0.0,0.0,0,0.0,0.0,0.3333333333333333,0.0
USDT,2020-04-24,1.002,1.002,1.0,1.001,1.0015714285714286,1.00155,1.00246,1.0015425269495295,1.0017607345359347,-0.00021820758640522797,-0.00024980827471619583,3.1600688310967856e-05,42.857142857142854,1.00155,0.000510417785569455,1.002570835571139,1.000529164428861,-0.0009980039920161055,0.0008152739171754025,0.0008074132847359372,0.0,0.0,0.0,0.0,0.0,0,0.0,0.0,0.3333333333333333,0.0
USDT,2020-04-25,1.001,1.001,1.0,1.001,1.0014285714285713,1.0014999999999998,1.00246,1.0014590612649865,1.0017043838295692,-0.00024532256458265067,-0.00024891113268948683,3.588568106836158e-06,42.857142857142854,1.0014999999999998,0.0005129891760778762,1.0025259783521556,1.000474021647844,0.0,0.000688963431142497,0.0008074132847359372,0.0,0.0,0.0,0.0,0.0,0,0.0,0.0,0.3333333333333333,0.0
USDT,2020-04-26,1.001,1.001,1.0,1.001,1.0012857142857141,1.00145,1.0024,1.0013884364549885,1.001652207249601,-0.00026377079461248343,-0.00025188306507408615,-1.188772953839728e-05,42.857142857142854,1.00145,0.0005104177855695665,1.0024708355711391,1.0004291644288608,0.0,0.000688963431142497,0.0008074132847359372,0.0,0.0,0.0,0.0,0.0,0,0.0,0.0,0.3333333333333333,0.0
USDT,2020-04-27,1.001,1.001,1.001,1.001,1.0012857142857141,1.00145,1.00234,1.0013286770003749,1.0016038956014823,-0.0002752186011074631,-0.00025655017228076157,-1.866842882670153e-05,42.857142857142854,1.00145,0.0005104177855695665,1.0024708355711391,1.0004291644288608,0.0,0.0005764857358865216,0.0008074132847359372,0.0,0.0,0.0,0.0,0.0,0,0.0,0.0,0.3333333333333333,0.0
USDT,2020-04-28,1.001,1.002,1.001,1.001,1.0012857142857141,1.0014499999999997,1.0023,1.0012781113080096,1.001559162593965,-0.00028105128595545814,-0.0002614503950157009,-1.9600890939757234e-05,50.0,1.0014499999999997,0.0005104177855695665,1.002470835571139,1.0004291644288605,0.0,0.0005764857358865216,0.000786571825071734,0.0,0.0,0.0,0.0,0.0,0,0.0,0.0,0.3333333333333333,0.0
USDT,2020-04-29,1.001,1.002,1.001,1.001,1.0011428571428571,1.00145,1.00226,1.001235324952931,1.0015177431425601,-0.0002824181896290412,-0.000265643953938369,-1.677423569067222e-05,50.0,1.00145,0.0005104177855695665,1.0024708355711391,1.0004291644288608,0.0,0.0003772100529038717,0.0006902842362414996,0.0,0.0,0.0,0.0,0.0,0,0.0,0.0,0.3333333333333333,0.0
USDT,2020-04-30,1.001,1.001,0.9985,1.001,1.001,1.0013999999999998,1.0022399999999998,1.0011991211140185,1.0014793917986669,-0.0002802706846483094,-0.00026856930008035707,-1.1701384567952328e-05,39.99999999999999,1.0013999999999998,0.0005026246899861636,1.0024052493799722,1.0003947506200275,0.0,0.0003772100529038717,0.0006675565824527044,0.0,0.0,0.0,0.0,0.0,0,0.0,0.0,0.3333333333333333,0.0
USDT,2020-05-01,1.001,1.001,0.9996,1.0,1.0008571428571427,1.0012999999999999,1.0021999999999998,1.001014640942631,1.0013698072209878,-0.0003551662783567444,-0.00028588869573563456,-6.927758262110985e-05,40.00000000000177,1.0012999999999999,0.0005712405706093646,1.0024424811412185,1.0001575188587812,-0.0009990009990008542,0.00037758688612344834,0.0006607286176406027,0.0,0.0,0.0,0.0,0.0,0,0.0,0.0,0.3333333333333333,0.0
USDT,2020-05-02,1.0,1.001,1.0,1.001,1.0008571428571427,1.00125,1.0021,1.0010123884899185,1.0013424140935072,-0.0003300256035887461,-0.00029471607730625687,-3.530952628248924e-05,39.99999999999911,1.00125,0.0005501196042533373,1.0023502392085066,1.0001497607914933,0.0009999999999998899,0.000577061933913859,0.0006677622520177996,0.0,0.0,0.0,0.0,0.0,0,0.0,0.0,0.3333333333333333,0.0
USDT,2020-05-03,1.001,1.001,1.0,1.0,1.0007142857142857,1.00115,1.00202,1.0008566364145464,1.0012429760125068,-0.0003863395979604167,-0.00031304078143708886,-7.329881652332786e-05,33.33333333333333,1.00115,0.0005871429486435479,1.0023242858972872,0.9999757141027129,-0.0009990009990008542,0.000689651981869623,0.0006678119544696709,0.0,0.0,0.0,0.0,0.0,0,0.0,0.0,0.3333333333333333,0.0
USDT,2020-05-04,1.0,1.001,1.0,1.001,1.0007142857142857,1.00115,1.0019999999999998,1.00087869235077,1.001224977789358,-0.0003462854385880565,-0.0003196897128672824,-2.6595725720774083e-05,50.0,1.00115,0.0005871429486435479,1.0023242858972872,0.9999757141027129,0.0009999999999998899,0.0008160887841531431,0.0006678652170230773,0.0,0.0,0.0,0.0,0.0,0,0.0,0.0,0.3333333333333333,0.0
USDT,2020-05-05,1.001,1.001,1.0,1.001,1.0007142857142857,1.0011499999999998,1.0019399999999998,1.000897355066036,1.001208312767924,-0.0003109577018880483,-0.00031794331067143563,6.9856087833873506e-06,50.0,1.0011499999999998,0.0005871429486435479,1.002324285897287,0.9999757141027127,0.0,0.0008160887841531431,0.0006678652170230773,0.0,0.0,0.0,0.0,0.0,0,0.0,0.0,0.3333333333333333,0.0
USDT,2020-05-06,1.001,1.001,1.0,1.001,1.0007142857142857,1.0010999999999999,1.00186,1.0009131465943382,1.0011928821925222,-0.000279735598184061,-0.0003103017681739607,3.05661699898997e-05,39.99999999999822,1.0010999999999999,0.0005525062514862233,1.0022050125029722,0.9999949874970274,0.0,0.0008160887841531431,0.0006678652170230773,0.0,0.0,0.0,0.0,0.0,0,0.0,0.0,0.3333333333333333,0.0
USDT,2020-05-07,1.001,1.001,1.0,1.001,1.0007142857142857,1.0010999999999999,1.0018,1.0009265086567476,1.0011785946227056,-0.0002520859659580488,-0.00029865860773077834,4.6572641772729564e-05,39.99999999999822,1.0010999999999999,0.0005525062514862233,1.0022050125029722,0.9999949874970274,0.0,0.0008160887841531431,0.0006425183387670417,0.0,0.0,0.0,0.0,0.0,0,0.0,0.0,0.3333333333333333,0.0
USDT,2020-05-08,1.001,1.002,1.001,1.001,1.0008571428571427,1.0010499999999998,1.00176,1.0009378150172479,1.0011653653913941,-0.0002275503741462348,-0.00028443696101386966,5.688658686763486e-05,50.0,1.0010499999999998,0.0005104177855699439,1.0020708355711396,1.00002916442886,0.0,0.0006897898570966138,0.0006425183387670417,0.0,0.0,0.0,0.0,0.0,0,0.0,0.0,0.3333333333333333,0.0
USDT,2020-05-09,1.001,1.002,1.0,1.0,1.0007142857142857,1.00095,1.0017399999999999,1.0007935357838251,1.0010790420290687,-0.00028550624524359414,-0.00028465081785981455,-8.55427383779589e-07,39.99999999999999,1.00095,0.0005104177855699994,1.00197083557114,0.99992916442886,-0.0009990009990008542,0.0006896519818696232,0.0006679149118162964,0.0,0.0,0.0,0.0,0.0,0,0.0,0.0,0.3333333333333333,0.0
USDT,2020-05-10,1.0,1.001,0.9996,1.001,1.0008571428571427,1.00095,1.00166,1.0008252995093905,1.0010731870639524,-0.0002478875545619541,-0.00027729816520024247,2.9410610638288366e-05,50.0,1.00095,0.0005104177855699994,1.00197083557114,0.99992916442886,0.0009999999999998899,0.0006897898570966138,0.0006679681661566454,0.0,0.0,0.0,0.0,0.0,0,0.0,0.0,0.3333333333333333,0.0
USDT,2020-05-11,1.001,1.001,1.0,1.0,1.0007142857142857,1.0009000000000001,1.0015399999999999,1.0006983303540997,1.000993691725882,-0.0002953613717822101,-0.000280910806516636,-1.4450565265574093e-05,42.857142857142854,1.0009000000000001,0.0005525062514863169,1.0020050125029727,0.9997949874970274,-0.0009990009990008542,0.0006896519818696232,0.0006907749411147702,0.0,0.0,0.0,0.0,0.0,0,0.0,0.0,0.3333333333333333,0.0
USDT,2020-05-12,1.0,1.001,1.0,1.001,1.0007142857142857,1.0008499999999998,1.00142,1.0007447410688537,1.0009941590054463,-0.0002494179365926108,-0.000274612232531831,2.519429593922021e-05,50.0,1.0008499999999998,0.0004893604849671255,1.0018287209699341,0.9998712790300656,0.0009999999999998899,0.0008160887841531431,0.000717691022031375,0.0,0.0,0.0,0.0,0.0,0,0.0,0.0,0.3333333333333333,0.0
USDT,2020-05-13,1.001,1.001,1.0,1.001,1.0007142857142857,1.0008,1.00136,1.0007840116736455,1.0009945916717096,-0.00021057999806406436,-0.0002618057856382777,5.122578757421332e-05,50.0,1.0008,0.0004103913408788112,1.0016207826817576,0.9999792173182422,0.0,0.0008160887841531431,0.000717691022031375,0.0,0.0,0.0,0.0,0.0,0,0.0,0.0,0.3333333333333333,0.0
USDT,2020-05-14,1.001,1.001,0.9998,1.0,1.0005714285714284,1.0007499999999998,1.00132,1.0006633944930847,1.000920918214546,-0.00025752372146126135,-0.0002609493728028744,3.425651341613066e-06,44.44444444444444,1.0007499999999998,0.0004442616583606558,1.001638523316721,0.9998614766832785,-0.0009990009990008542,0.0008992595888268547,0.0007177372685850856,0.0,0.0,0.0,0.0,0.0,0,0.0,0.0,0.3333333333333333,0.0
USDT,2020-05-15,1.0,1.001,0.9988,0.9995,1.0003571428571427,1.000675,1.0012699999999999,1.0004844107249178,1.0008156650134685,-0.0003312542885507419,-0.0002750103559524479,-5.624393259829398e-05,47.05882352941176,1.000675,0.0005199949392819395,1.0017149898785638,0.9996350101214361,-0.0004999999999999449,0.0009058939933656815,0.0007227308448531356,0.0,0.0,0.0,0.0,0.0,0,0.0,0.0,0.3333333333333333,0.0
USDT,2020-05-16,0.9995,1.0,0.9992,0.9998,1.0003285714285715,1.000615,1.001226,1.0003791167672382,1.0007404305680263,-0.00036131380078807673,-0.0002922710449195737,-6.904275586850305e-05,42.30769230769231,1.000615,0.000548946359219079,1.0017128927184382,0.9995171072815618,0.00030015007503747526,0.0008495590877943865,0.0006986230458045764,0.0,0.0,0.0,0.0,0.0,0,0.0,0.0,0.3333333333333333,0.0
USDT,2020-05-17,0.9998,1.0,0.9994,0.9999,1.0001714285714285,1.00056,1.0011839999999999,1.0003054064953554,1.0006781764518762,-0.000372769956520802,-0.0003083708272398194,-6.439912928098265e-05,49.275362318840585,1.00056,0.0005632611809200707,1.00168652236184,0.9994334776381597,0.00010002000400088917,0.0007273151131943649,0.0006769181923698811,0.0,0.0,0.0,0.0,0.0,0,0.0,0.0,0.3333333333333333,0.0
USDT,2020-05-18,0.9999,1.0,0.9991,0.9993,1.0000714285714285,1.000475,1.00115,1.000150728572993,1.0005760893072928,-0.0004253607342998844,-0.0003317688086518324,-9.359192564805199e-05,36.92307692307629,1.000475,0.0006188911986983305,1.0017127823973966,0.9992372176026033,-0.0006000600060006578,0.0006631227531711476,0.0006551826137245262,0.0,0.0,0.0,0.0,0.0,0,0.0,0.0,0.3333333333333333,0.0
USDT,2020-05-19,0.9993,1.0,0.9992,1.0,0.9999285714285714,1.000425,1.00109,1.0001275395617633,1.000533416025271,-0.0004058764635077594,-0.00034659033962301783,-5.928612388474158e-05,43.05555555555576,1.000425,0.000614624403950532,1.001654248807901,0.9991957511920988,0.0007004903432403786,0.0005854421782701488,0.0006707870838894446,0.0,0.0,0.0,0.0,0.0,0,0.0,0.0,0.3333333333333333,0.0
USDT,2020-05-20,1.0,1.0,0.9989,0.9997,0.9997428571428573,1.0003600000000001,1.001044,1.0000617642445688,1.0004716815048806,-0.00040991726031180953,-0.0003592557237607762,-5.0661536551033334e-05,41.33333333333359,1.0003600000000001,0.0006193375068613632,1.001598675013723,0.9991213249862774,-0.00029999999999996696,0.0005842403798843177,0.0006491139665724132,0.0,0.0,0.0,0.0,0.0,0,0.0,0.0,0.3333333333333333,0.0
USDT,2020-05-21,0.9997,1.0,0.999,0.9997,0.9997,1.0003449999999998,1.000978,1.000006108206943,1.0004145199119265,-0.00040841170498362445,-0.00036908692000534586,-3.932478497827859e-05,41.33333333333359,1.0003449999999998,0.0006320184874336256,1.0016090369748671,0.9990809630251326,0.0,0.00046152772946973043,0.0006491139665724132,0.0,0.0,0.0,0.0,0.0,0,0.0,0.0,0.3333333333333333,0.0
USDT,2020-05-22,0.9997,1.0,0.9988,1.0,0.9997714285714286,1.000295,1.000938,1.0000051684827977,1.0003838147332653,-0.0003786462504675736,-0.00037099878609779145,-7.64746436978216e-06,43.589743589743776,1.000295,0.0006168468205615265,1.001528693641123,0.9990613063588769,0.00030009002700803755,0.0004272184913796383,0.0006224152806750797,0.0,0.0,0.0,0.0,0.0,0,0.0,0.0,0.3333333333333333,0.0
USDT,2020-05-23,1.0,1.001,0.9998,1.0,0.9997999999999999,1.000295,1.000918,1.0000043733315982,1.0003553840122827,-0.0003510106806845492,-0.00036700116501514303,1.599048433059382e-05,50.0,1.000295,0.0006168468205615265,1.001528693641123,0.9990613063588769,0.0,0.00041534554924633154,0.0006224152806750797,0.0,0.0,0.0,0.0,0.0,0,0.0,0.0,0.3333333333333333,0.0
USDT,2020-05-24,1.0,1.001,0.9998,1.0,0.9998142857142858,1.000245,1.000878,1.0000037005113522,1.0003290592706322,-0.00032535875927997004,-0.00035867268386810845,3.33139245881384e-05,41.379310344827914,1.000245,0.0005968998858444394,1.001438799771689,0.9990512002283112,0.0,0.00041419988701607417,0.0005970608016142195,0.0,0.0,0.0,0.0,0.0,0,0.0,0.0,0.3333333333333333,0.0
USDT,2020-05-25,1.0,1.0,0.9994,1.0,0.9999142857142858,1.0001950000000002,1.000838,1.0000031312019135,1.0003046845098447,-0.000301553307931135,-0.0003472488086807138,4.5695500749578794e-05,50.0,1.0001950000000002,0.0005716780470777397,1.0013383560941556,0.9990516439058447,0.0,0.00031639232584357963,0.0005970608016142195,0.0,0.0,0.0,0.0,0.0,0,0.0,0.0,0.3333333333333333,0.0
USDT,2020-05-26,1.0,1.0,0.9998,1.0,0.9999142857142856,1.000145,1.0007979999999999,1.0000026494785421,1.0002821152868933,-0.00027946580835114254,-0.00033369220861479955,5.422640026365701e-05,36.842105263158665,1.000145,0.0005404432878715423,1.001225886575743,0.9990641134242569,0.0,0.00017323107070885526,0.0005970608016142195,0.0,0.0,0.0,0.0,0.0,0,0.0,0.0,0.3333333333333333,0.0
USDT,2020-05-27,1.0,1.001,0.9998,1.0,0.9999571428571429,1.000095,1.000778,1.0000022418664587,1.0002612178582344,-0.00025897599177571173,-0.000318748965246982,5.9772973471270265e-05,36.842105263158665,1.000095,0.0005020746432607784,1.0010991492865216,0.9990908507134784,0.0,0.00011342336891472969,0.0005970608016142195,0.0,0.0,0.0,0.0,0.0,0,0.0,0.0,0.3333333333333333,0.0
USDT,2020-05-28,1.0,1.0,0.9997,1.0,1.0,1.000045,1.000758,1.0000018969639266,1.000241868387254,-0.00023997142332743415,-0.00030299345686307243,6.302203353563828e-05,50.0,1.000045,0.0004547700402519226,1.000954540080504,0.9991354599194963,0.0,0.00011342336891472969,0.0005970608016142195,0.0,0.0,0.0,0.0,0.0,0,0.0,0.0,0.3333333333333333,0.0
USDT,2020-05-29,1.0,1.0,0.9993,0.9996,0.9999428571428571,1.0000250000000002,1.00073,0.999940066661784,1.0001943225807908,-0.0002542559190067406,-0.00029324594929180605,3.899003028506545e-05,51.8518518518517,1.0000250000000002,0.00046552177860208335,1.0009560435572042,0.999093956442796,-0.00039999999999995595,0.00015118578920466537,0.0006007500494599076,0.0,0.0,0.0,0.0,0.0,0,0.0,0.0,0.3333333333333333,0.0
USDT,2020-05-30,0.9996,1.0,0.9992,0.9997,0.9999,0.99996,1.000684,0.9999031333292019,1.0001577060933249,-0.00025457276412299557,-0.000285511312258044,3.093854813504841e-05,48.000000000000185,0.99996,0.00040962113436845466,1.000779242268737,0.9991407577312631,0.00010004001600649737,0.0001618406065968725,0.0006012943392641913,0.0,0.0,0.0,0.0,0.0,0,0.0,0.0,0.3333333333333333,0.0
USDT,2020-05-31,0.9998,1.0,0.9992,0.9995,0.9998285714285714,0.999935,1.000634,0.999841112817017,1.000108987123449,-0.00026787430643193666,-0.0002819839110928225,1.4109604660885865e-05,42.30769230769296,0.999935,0.0004221187161965338,1.0007792374323932,0.999090762567607,-0.00020006001800543238,0.00017044787688558723,0.0005745994801003273,0.0,0.0,0.0,0.0,0.0,0,0.0,0.0,0.3333333333333333,0.0
USDT,2020-06-01,0.9995,1.0,0.9987,1.0,0.9998285714285714,0.9998850000000001,1.000594,0.9998655569990145,1.0001009140031936,-0.0002353570041790931,-0.00027265852971007664,3.730152553098353e-05,64.00000000000159,0.9998850000000001,0.0003407036063876371,1.0005664072127753,0.9992035927872248,0.0005002501250623848,0.0002769723799913298,0.0005508674865475878,0.0,0.0,0.0,0.0,0.0,0,0.0,0.0,0.3333333333333333,0.0
USDT,2020-06-02,1.0,1.01,0.9789,1.0,0.9998285714285714,0.999835,1.0005540000000002,0.9998862405376276,1.0000934388918459,-0.00020719835421822985,-0.0002595664946117073,5.2368140393477453e-05,50.0,0.999835,0.0002207046133476501,1.0002764092266954,0.9993935907733047,0.0,0.0002769723799913298,0.0005197876723164296,0.0,0.0,0.0,0.0,0.0,0,0.0,0.0,0.3333333333333333,0.0
USDT,2020-06-03,1.0,1.001,0.9995,0.9999,0.9998142857142858,0.99983,1.000532,0.9998883573779926,1.0000791100850426,-0.00019075270704993486,-0.0002458037370993528,5.505103004941795e-05,56.25,0.99983,0.00021788456633656738,1.000265769132673,0.9993942308673268,-9.999999999998899e-05,0.0002795413503057193,0.00048441758345166893,0.0,0.0,0.0,0.0,0.0,0,0.0,0.0,0.3333333333333333,0.0
USDT,2020-06-04,0.9999,1.0,0.9994,1.0,0.9998142857142858,0.9998549999999999,1.0005119999999998,0.9999055331659937,1.000073250078743,-0.000167716912749305,-0.00023018637222934325,6.246945948003825e-05,58.82352941176471,0.9998549999999999,0.00020641042414335612,1.0002678208482867,0.9994421791517132,0.00010001000100001711,0.0002829264319266706,0.00048502143595880007,0.0,0.0,0.0,0.0,0.0,0,0.0,0.0,0.3333333333333333,0.0
USDT,2020-06-05,1.0,1.0,0.9994,0.9997,0.9998285714285714,0.99985,1.0004659999999999,0.9998739126789178,1.000045601924762,-0.00017168924584431977,-0.00021848694695233856,4.679770110801879e-05,41.1764705882353,0.99985,0.00020900768063270093,1.0002680153612655,0.9994319846387346,-0.00029999999999996696,0.000261039193474995,0.0004874000890811642,0.0,0.0,0.0,0.0,0.0,0,0.0,0.0,0.3333333333333333,0.0
USDT,2020-06-06,0.9997,1.0,0.9994,0.9999,0.9998571428571429,0.99985,1.0004439999999999,0.9998779261129305,1.0000348165970019,-0.0001568904840714147,-0.0002061676543761538,4.9277170304739084e-05,47.368421052631575,0.99985,0.00020900768063270093,1.0002680153612655,0.9994319846387346,0.00020006001800543238,0.0002691254508614175,0.0004893761893697095,0.0,0.0,0.0,0.0,0.0,0,0.0,0.0,0.3333333333333333,0.0
USDT,2020-06-07,1.0,1.0,0.9996,1.0,0.9999285714285715,0.9998850000000001,1.0004039999999998,0.9998967067109412,1.0000322375898165,-0.0001355308788753007,-0.00019204029927598318,5.65094204006825e-05,50.0,0.9998850000000001,0.00016630662877343004,1.000217613257547,0.9995523867424533,0.00010001000100001711,0.0002498388594557284,0.0004899739144142947,0.0,0.0,0.0,0.0,0.0,0,0.0,0.0,0.3333333333333333,0.0
USDT,2020-06-08,1.0,1.0,0.9999,1.0,0.9999285714285715,0.9998850000000001,1.000364,0.999912597986181,1.0000298496202005,-0.00011725163401943295,-0.00017708256622467314,5.9830932205240194e-05,50.0,0.9998850000000001,0.00016630662877343004,1.000217613257547,0.9995523867424533,0.0,0.00016331360960404102,0.0004547535418804755,0.0,0.0,0.0,0.0,0.0,0,0.0,0.0,0.3333333333333333,0.0
USDT,2020-06-09,1.0,1.001,0.9999,1.001,1.0000714285714285,0.9999499999999999,1.000364,1.0000798906036916,1.0001017126112968,-2.1822007605143412e-05,-0.0001460304545007672,0.00012420844689562378,66.66666666666666,0.9999499999999999,0.0002946898459402457,1.0005393796918804,0.9993606203081195,0.0009999999999998899,0.0004117337336951597,0.0004547535418804755,0.0,0.0,0.0,0.0,0.0,0,0.0,0.0,0.3333333333333333,0.0
USDT,2020-06-10,1.001,1.001,0.9997,1.001,1.0002285714285715,1.0000149999999999,1.000364,1.0002214458954313,1.0001682524178674,5.319347756382875e-05,-0.00010618566808784801,0.00015937914565167677,66.66666666666666,1.0000149999999999,0.00037031281234177824,1.0007556256246835,0.9992743743753163,0.0,0.00040355621634196876,0.0004138029375660325,0.0,0.0,0.0,0.0,0.0,0,0.0,0.0,0.3333333333333333,0.0
USDT,2020-06-11,1.001,1.001,0.9981,0.9992,1.0001142857142857,0.9999749999999998,1.000308,1.0000643003730572,1.0000965300165439,-3.22296434867031e-05,-9.139446316761903e-05,5.9164819680915934e-05,41.666666666665705,0.9999749999999998,0.00041278897378590665,1.0008005779475717,0.9991494220524281,-0.0017982017982016707,0.0008448425563405355,0.0004956780447172287,0.0,0.0,0.0,0.0,0.0,0,0.0,0.0,0.3333333333333333,0.0
USDT,2020-06-12,0.9991,1.0,0.9989,0.9999,1.000142857142857,0.9999699999999999,1.000266,1.0000390233925869,1.0000819722375407,-4.2948844953816234e-05,-8.170533952485847e-05,3.8756494571042234e-05,52.941176470588104,0.9999699999999999,0.0004130757545347891,1.0007961515090695,0.9991438484909303,0.0007005604483587557,0.0008914862824261114,0.0005147319463738174,0.0,0.0,0.0,0.0,0.0,0,0.0,0.0,0.3333333333333333,0.0
USDT,2020-06-13,0.9999,1.0,0.9995,0.9999,1.000142857142857,0.9999649999999999,1.000244,1.0000176351783427,1.0000684928125376,-5.085763419487854e-05,-7.553579845886249e-05,2.467816426398395e-05,51.999999999999915,0.9999649999999999,0.00041329866865355525,1.000791597337307,0.9991384026626928,0.0,0.0008882863509459051,0.0004815642748566788,0.0,0.0,0.0,0.0,0.0,0,0.0,0.0,0.3333333333333333,0.0
USDT,2020-06-14,0.9999,1.0,0.9993,0.9996,1.0000857142857142,0.999945,1.000216,0.9999533836124439,1.0000337896412386,-8.040602879466618e-05,-7.650984452602323e-05,-3.8961842686429515e-06,50.980392156862706,0.999945,0.00042112006043440366,1.0007872401208688,0.9991027598791312,-0.0003000300030002734,0.0008936573602479445,0.0004758003708206258,0.0,0.0,0.0,0.0,0.0,0,0.0,0.0,0.3333333333333333,0.0
USDT,2020-06-15,0.9996,1.0,0.9988,1.0,1.0000857142857142,0.999945,1.0001959999999999,0.9999605553643756,1.0000312867048504,-7.073134047486107e-05,-7.535414371579081e-05,4.6228032409297405e-06,50.0,0.999945,0.00042112006043440366,1.0007872401208688,0.9991027598791312,0.0004001600640255454,0.0009105364575889021,0.00047829472490610794,0.0,0.0,0.0,0.0,0.0,0,0.0,0.0,0.3333333333333333,0.0
USDT,2020-06-16,1.0,1.001,0.9995,1.0,0.9999428571428571,0.999945,1.000176,0.9999666237698562,1.0000289691711577,-6.234540130145572e-05,-7.275239523292379e-05,1.0406993931468076e-05,50.0,0.999945,0.00042112006043440366,1.0007872401208688,0.9991027598791312,0.0,0.0007991989490600562,0.00047797085001292,0.0,0.0,0.0,0.0,0.0,0,0.0,0.0,0.3333333333333333,0.0
USDT,2020-06-17,1.0,1.0,0.9991,0.9998,0.9997714285714286,0.999935,1.000152,0.9999409893437246,1.0000120084918127,-7.101914808815835e-05,-7.240574580397071e-05,1.386597715812368e-06,49.019607843137294,0.999935,0.00042211871619656297,1.0007792374323932,0.9990907625676069,-0.00019999999999997797,0.0007968269187097255,0.0004659830296416772,0.0,0.0,0.0,0.0,0.0,0,0.0,0.0,0.3333333333333333,0.0
USDT,2020-06-18,0.9998,1.0,0.9988,0.9995,0.9998142857142857,0.99993,1.000122,0.9998731448293054,0.9999740819368637,-0.00010093710755820773,-7.811201815481812e-05,-2.282508940338961e-05,45.283018867924724,0.99993,0.0004268612495330414,1.000783722499066,0.9990762775009339,-0.00030006001200233445,0.00037816570218866704,0.00045092325494608507,0.0,0.0,0.0,0.0,0.0,0,0.0,0.0,0.3333333333333333,0.0
USDT,2020-06-19,0.9994,0.9997,0.9986,0.9995,0.9997571428571429,0.99992,1.000092,0.9998157379324892,0.9999389647563552,-0.00012322682386600725,-8.713497929705595e-05,-3.6091844568951305e-05,48.00000000000009,0.99992,0.00043480183028141205,1.0007896036605628,0.9990503963394372,0.0,0.00024403993948750926,0.00044773626382206333,0.0,0.0,0.0,0.0,0.0,0,0.0,0.0,0.3333333333333333,0.0
USDT,2020-06-20,0.9995,1.0,0.9988,1.0,0.9997714285714286,0.999945,1.000092,0.9998440859428755,0.9999434858855141,-9.939994263852281e-05,-8.958797196534932e-05,-9.81197067317349e-06,50.94339622641505,0.999945,0.0004236122855373424,1.0007922245710748,0.9990977754289253,0.0005002501250623848,0.0003237783563043171,0.0004572047481372131,0.0,0.0,0.0,0.0,0.0,0,0.0,0.0,0.3333333333333333,0.0
USDT,2020-06-21,1.0,1.001,0.9991,0.9999,0.9998142857142858,0.9999399999999999,1.00007,0.9998526881055101,0.9999402647088094,-8.757660329927752e-05,-8.918569823213496e-05,1.6090949328574373e-06,49.056603773584946,0.9999399999999999,0.0004235190917653542,1.0007870381835307,0.9990929618164692,-9.999999999998899e-05,0.0002993122950244587,0.00045428015952328813,0.0,0.0,0.0,0.0,0.0,0,0.0,0.0,0.3333333333333333,0.0
USDT,2020-06-22,0.9999,1.001,0.9993,1.001,0.9999571428571429,0.99999,1.00009,1.0000291976277393,1.000018763619268,1.0434008471449374e-05,-6.92617568914181e-05,7.969576536286747e-05,57.81249999999973,0.99999,0.00048547318212586825,1.0009609463642517,0.9990190536357483,0.0011001100110010764,0.0004928801966126659,0.0004969478889538796,0.0,0.0,0.0,0.0,0.0,0,0.0,0.0,0.3333333333333333,0.0
USDT,2020-06-23,1.001,1.001,0.9994,1.001,1.0001,1.0000449999999999,1.00009,1.0001785518388564,1.0000914477956184,8.710404323797327e-05,-3.7988596865539824e-05,0.0001250926401035131,50.0,1.0000449999999999,0.0005345681976435016,1.001114136395287,0.9989758636047128,0.0,0.0004928801966126659,0.0004969478889538796,0.0,0.0,0.0,0.0,0.0,0,0.0,0.0,0.3333333333333333,0.0
USDT,2020-06-24,1.001,1.001,0.999,0.9994,1.000042857142857,1.0000149999999999,1.0000580000000001,1.0000587746328784,1.0000402294403874,1.854519249100406e-05,-2.6681838994231048e-05,4.5227031485235106e-05,38.57142857142833,1.0000149999999999,0.0005537194805991455,1.0011224389611981,0.9989075610388016,-0.001598401598401522,0.0008259111353626988,0.000579487705001876,0.0,0.0,0.0,0.0,0.0,0,0.0,0.0,0.3333333333333333,0.0
USDT,2020-06-25,0.9994,1.0,0.9989,0.9993,1.0000142857142857,0.999995,1.000024,0.999942040073974,0.9999853976299883,-4.335755601425628e-05,-3.0016982398236096e-05,-1.3340573616020186e-05,50.94339622641505,0.999995,0.0005725979576367149,1.0011401959152735,0.9988498040847266,-0.00010006003602158753,0.0008195309216970012,0.0005796574855938016,0.0,0.0,0.0,0.0,0.0,0,0.0,0.0,0.3333333333333333,0.0
USDT,2020-06-26,0.9993,0.9997,0.9983,0.9995,1.0000142857142857,0.9999749999999998,0.9999939999999999,0.9998740339087473,0.9999494422499892,-7.540834124186713e-05,-3.90952541669623e-05,-3.6313087074904825e-05,45.83333333333353,0.9999749999999998,0.0005829823505816813,1.001140964701163,0.9988090352988365,0.0002001400980686796,0.0008241609237753302,0.0005810834135360692,0.0,0.0,0.0,0.0,0.0,0,0.0,0.0,0.3333333333333333,0.0
USDT,2020-06-27,0.9995,1.0,0.9988,0.9995,0.9999428571428571,0.9999499999999999,0.9999640000000001,0.9998164902304785,0.9999161502314714,-9.966000099292938e-05,-5.120820353215572e-05,-4.845179746077366e-05,45.83333333333353,0.9999499999999999,0.0005924969465035767,1.001134993893007,0.9987650061069927,0.0,0.0007947471851116893,0.0005810834135360692,0.0,0.0,0.0,0.0,0.0,0,0.0,0.0,0.3333333333333333,0.0
USDT,2020-06-28,0.9996,1.0,0.9995,0.9999,0.999942857142857,0.999945,0.999962,0.999829337887328,0.9999149539180291,-8.56160307011189e-05,-5.8089768965948357e-05,-2.7526261735170538e-05,53.06122448979578,0.999945,0.0005924747385556537,1.0011299494771113,0.9987600505228886,0.00040020010005004103,0.0008139776134211031,0.0005812387087685626,0.0,0.0,0.0,0.0,0.0,0,0.0,0.0,0.3333333333333333,0.0
USDT,2020-06-29,0.9999,1.0,0.999,0.9999,0.9997857142857143,0.9998900000000001,0.99994,0.9998402089815852,0.9999138462203974,-7.3637238812152e-05,-6.119926293518909e-05,-1.2437975876962914e-05,48.88888888888894,0.9998900000000001,0.0005379297547912602,1.0009658595095825,0.9988141404904175,0.0,0.000657374654497048,0.0005809922265729325,0.0,0.0,0.0,0.0,0.0,0,0.0,0.0,0.3333333333333333,0.0
USDT,2020-06-30,0.9999,1.0,0.9997,1.0,0.999642857142857,0.9998400000000001,0.99994,0.9998647922151875,0.9999202279818494,-5.5435766661893204e-05,-6.004656368052992e-05,4.6107970186367155e-06,50.0,0.9998400000000001,0.00047172695049856023,1.0007834539009972,0.9988965460990029,0.00010001000100001711,0.0006624197809733494,0.0005798895238008222,0.0,0.0,0.0,0.0,0.0,0,0.0,0.0,0.3333333333333333,0.0
USDT,2020-07-01,1.0,1.001,0.9999,1.0,0.9997285714285714,0.9998800000000001,0.9999199999999999,0.999885593412851,0.9999261370202309,-4.0543607379928126e-05,-5.614597242040957e-05,1.5602365040481442e-05,52.27272727272715,0.9998800000000001,0.0004479191656811998,1.0007758383313625,0.9989841616686377,0.0,0.00016770602470983132,0.000572656666710008,0.0,0.0,0.0,0.0,0.0,0,0.0,0.0,0.3333333333333333,0.0
USDT,2020-07-02,1.0,1.001,0.9997,1.0,0.9998285714285714,0.9998850000000001,0.9998999999999999,0.9999031944262585,0.9999316083520656,-2.8413925807102558e-05,-5.0599563097748166e-05,2.2185637290645608e-05,56.097560975609426,0.9998850000000001,0.0004487116059345122,1.0007824232118692,0.9989875767881311,0.0,0.00015283330892028495,0.000572656666710008,0.0,0.0,0.0,0.0,0.0,0,0.0,0.0,0.3333333333333333,0.0
USDT,2020-07-03,1.0,1.0,0.9997,1.0,0.9999,0.9998900000000001,0.9998999999999999,0.9999180875914495,0.9999366744000607,-1.858680861122064e-05,-4.4197012200442666e-05,2.5610203589222026e-05,56.097560975609426,0.9998900000000001,0.00044944410112623387,1.0007888882022524,0.9989911117977476,0.0,0.00014967621383383685,0.0005723445137577361,0.0,0.0,0.0,0.0,0.0,0,0.0,0.0,0.3333333333333333,0.0
USDT,2020-07-04,1.0,1.001,1.0,1.001,1.0001142857142857,0.99996,0.9999300000000001,1.0000845356543033,1.0000154392593155,6.909639498786646e-05,-2.1538330762780842e-05,9.06347257506473e-05,60.869565217390786,0.99996,0.0005072111571444867,1.000974422314289,0.998945577685711,0.0009999999999998899,0.00037608587214001024,0.0006004734412236395,0.0,0.0,0.0,0.0,0.0,0,0.0,0.0,0.3333333333333333,0.0
USDT,2020-07-05,1.001,1.001,1.0,1.001,1.0002714285714285,1.00001,0.999954,1.0002253763228721,1.0000883696845513,0.0001370066383208357,1.0170663053942468e-05,0.00012683597526689323,62.22222222222162,1.00001,0.000558098274721933,1.001126196549444,0.9988938034505562,0.0,0.00037352860538802625,0.0005972173204192858,0.0,0.0,0.0,0.0,0.0,0,0.0,0.0,0.3333333333333333,0.0
USDT,2020-07-06,1.001,1.001,1.0,1.001,1.0004285714285714,1.00006,0.9999759999999999,1.0003445491962764,1.000155897856066,0.0001886513402102885,4.586679848521168e-05,0.00014278454172507682,50.0,1.00006,0.0006003507746881151,1.0012607015493762,0.9988592984506237,0.0,0.00037352860538802625,0.0005965253127781085,0.0,0.0,0.0,0.0,0.0,0,0.0,0.0,0.3333333333333333,0.0
USDT,2020-07-07,1.001,1.001,1.0,1.001,1.0005714285714284,1.00012,1.00001,1.0004453877814645,1.0002184239408018,0.00022696384066267505,8.208620692070435e-05,0.0001448776337419707,50.0,1.00012,0.0006321225730864513,1.0013842451461727,0.998855754853827,0.0,0.0003779644730095764,0.0005964394623054265,0.0,0.0,0.0,0.0,0.0,0,0.0,0.0,0.3333333333333333,0.0
USDT,2020-07-08,1.001,1.001,1.0,1.0,1.0005714285714284,1.0001449999999998,1.00001,1.0003768665843162,1.0002022443896312,0.0001746221946850035,0.0001005934044735642,7.402879021143931e-05,60.71428571428727,1.0001449999999998,0.000615992993838456,1.0013769859876767,0.9989130140123229,-0.0009990009990008542,0.000577061933913859,0.0006255510328110762,0.0,0.0,0.0,0.0,0.0,0,0.0,0.0,0.3333333333333333,0.0
USDT,2020-07-09,1.0,1.001,1.0,1.001,1.0007142857142857,1.00022,1.000036,1.0004727332636523,1.0002613373978066,0.00021139586584562053,0.00012275389674797546,8.864196909764508e-05,72.97297297297379,1.00022,0.0006245840721591396,1.0014691681443184,0.9989708318556818,0.0009999999999998899,0.0006897898570966137,0.0006255510328110762,0.0,0.0,0.0,0.0,0.0,0,0.0,0.0,0.3333333333333333,0.0
USDT,2020-07-10,1.001,1.001,0.9999,1.0,1.0007142857142857,1.00022,1.0000419999999999,1.0004000050692443,1.0002419790720432,0.00015802599720116106,0.00012980831683861258,2.8217680362548476e-05,55.55555555555556,1.00022,0.0006245840721591396,1.0014691681443184,0.9989708318556818,-0.0009990009990008542,0.0008160887841531431,0.0006516086995627757,0.0,0.0,0.0,0.0,0.0,0,0.0,0.0,0.3333333333333333,0.0
USDT,2020-07-11,1.0,1.001,1.0,1.001,1.0007142857142857,1.000275,1.000062,1.0004923119816682,1.0002981287704102,0.00019418321125797,0.00014268329572248407,5.149991553548593e-05,63.63636363636363,1.000275,0.0006430805794112682,1.0015611611588227,0.9989888388411775,0.0009999999999998899,0.0008160887841531431,0.0005873375652470441,0.0,0.0,0.0,0.0,0.0,0,0.0,0.0,0.3333333333333333,0.0
USDT,2020-07-12,1.001,1.001,1.0,1.001,1.0007142857142857,1.0002749999999998,1.000082,1.0005704178306423,1.0003501192318613,0.0002202985987809214,0.00015820635633417154,6.209224244674985e-05,60.78431372549019,1.0002749999999998,0.0006430805794112682,1.0015611611588224,0.9989888388411773,0.0,0.0008160887841531431,0.0005747907460260643,0.0,0.0,0.0,0.0,0.0,0,0.0,0.0,0.3333333333333333,0.0
USDT,2020-07-13,1.001,1.001,0.9999,1.0,1.0005714285714284,1.000225,1.000082,1.0004826612413127,1.0003241844739457,0.00015847676736702176,0.0001582604385407416,2.1632882628015541e-07,50.81967213114754,1.000225,0.0006222835705225246,1.001469567141045,0.9989804328589549,-0.0009990009990008542,0.0008992595888268547,0.0006051341101996376,0.0,0.0,0.0,0.0,0.0,0,0.0,0.0,0.3333333333333333,0.0
USDT,2020-07-14,1.0,1.0,0.9997,1.0,1.0004285714285714,1.000255,1.000082,1.000408405665726,1.000300170809209,0.00010823485651711984,0.00014825532213601727,-4.002046561889743e-05,50.0,1.000255,0.0005942487517734904,1.0014434975035469,0.9990665024964529,0.0,0.0008992595888268547,0.000602417724243179,0.0,0.0,0.0,0.0,0.0,0,0.0,0.0,0.3333333333333333,0.0
USDT,2020-07-15,1.0,1.0,0.9994,0.9998,1.0004,1.0002799999999998,1.000078,1.000314804794076,1.000263121119638,5.16836744379745e-05,0.0001289409925964087,-7.72573181584342e-05,48.38709677419355,1.0002799999999998,0.0005615767276958719,1.0014031534553915,0.9991568465446081,-0.00019999999999997797,0.0008195939347782525,0.0005990909779330056,0.0,0.0,0.0,0.0,0.0,0,0.0,0.0,0.3333333333333333,0.0
USDT,2020-07-16,0.9997,1.0,0.9992,1.0,1.0002571428571427,1.000305,1.000078,1.000266373287295,1.0002436306663314,2.2742620963578375e-05,0.00010770131826984264,-8.495869730626427e-05,50.0,1.000305,0.0005355518551089689,1.001376103710218,0.9992338962897821,0.0002000400080015563,0.0006992551452762079,0.0006002778143342225,0.0,0.0,0.0,0.0,0.0,0,0.0,0.0,0.3333333333333333,0.0
USDT,2020-07-17,1.0,1.0,0.9997,1.0,1.0002571428571427,1.00033,1.000078,1.0002253927815572,1.000225583950307,-1.9116874971913944e-07,8.61228208659303e-05,-8.631398961564944e-05,50.0,1.00033,0.0005068997617458684,1.0013437995234917,0.9993162004765082,0.0,0.0005885035891405098,0.000599087443037302,0.0,0.0,0.0,0.0,0.0,0,0.0,0.0,0.3333333333333333,0.0
USDT,2020-07-18,1.0,1.001,1.0,1.001,1.000257142857143,1.000385,1.000106,1.000344563122856,1.000282948102136,6.161502071999614e-05,8.122126083674347e-05,-1.960624011674733e-05,50.0,1.000385,0.0005173566417605822,1.0014197132835212,0.999350286716479,0.0009999999999998899,0.0005885035891405098,0.0006226779090478099,0.0,0.0,0.0,0.0,0.0,0,0.0,0.0,0.3333333333333333,0.0
USDT,2020-07-19,1.001,1.001,1.0,1.001,1.0002571428571427,1.0004399999999998,1.000132,1.0004453995654936,1.0003360630575333,0.00010933650796030037,8.684431026145486e-05,2.249219769884551e-05,50.0,1.0004399999999998,0.0005215361924516085,1.001483072384903,0.9993969276150966,0.0,0.0005885035891405098,0.0006226779090478099,0.0,0.0,0.0,0.0,0.0,0,0.0,0.0,0.3333333333333333,0.0
USDT,2020-07-20,1.001,1.002,1.001,1.001,1.0004,1.0004899999999999,1.000162,1.000530722709264,1.0003852435717902,0.0001454791374737585,9.857127570391559e-05,4.690786176984292e-05,50.0,1.0004899999999999,0.0005250563879843767,1.0015401127759687,0.9994398872240311,0.0,0.000395210372430397,0.0006168807799801908,0.0,0.0,0.0,0.0,0.0,0,0.0,0.0,0.3333333333333333,0.0
USDT,2020-07-21,1.001,1.002,1.0,1.002,1.0006857142857142,1.0005899999999999,1.0002019999999998,1.0007567653693772,1.000504855159065,0.00025191021031223393,0.00012923906262557927,0.00012267114768665466,56.75675675675805,1.0005899999999999,0.0006103493391708551,1.0018106986783415,0.9993693013216581,0.0009990009990010762,0.000501188303600691,0.000640845944685735,0.0,0.0,0.0,0.0,0.0,0,0.0,0.0,0.3333333333333333,0.0
USDT,2020-07-22,1.001,1.002,0.9974,1.001,1.000857142857143,1.00064,1.000222,1.0007941860817806,1.0005415325546898,0.000252653527090807,0.00015392195551862481,9.87315715721822e-05,56.75675675675636,1.00064,0.0006003507746879022,1.0018407015493758,0.9994392984506242,-0.0009980039920161055,0.0006865324684662082,0.0006390498509360024,0.0,0.0,0.0,0.0,0.0,0,0.0,0.0,0.3333333333333333,0.0
USDT,2020-07-23,1.001,1.007,0.9964,1.001,1.001,1.0006899999999999,1.000244,1.0008258497615066,1.0005754931061943,0.00025035665531225604,0.00017320889547735107,7.714775983490497e-05,50.0,1.0006899999999999,0.0005857069502880085,1.001861413900576,0.9995185860994238,0.0,0.0006893079645663751,0.0006390498509360024,0.0,0.0,0.0,0.0,0.0,0,0.0,0.0,0.3333333333333333,0.0
USDT,2020-07-24,1.001,1.002,0.9955,1.002,1.0012857142857141,1.00074,1.000284,1.0010064882597363,1.000681012135365,0.00032547612437117124,0.00020366234125611512,0.00012181378311505611,65.62500000000011,1.00074,0.000652444795030972,1.002044889590062,0.999435110409938,0.0009990009990010762,0.0007550486218449095,0.0005889898739391363,0.0,0.0,0.0,0.0,0.0,0,0.0,0.0,0.3333333333333333,0.0
USDT,2020-07-25,1.002,1.008,0.9928,1.001,1.0012857142857141,1.00074,1.00031,1.0010054900659306,1.0007046408660787,0.00030084919985196024,0.00022309971297528416,7.774948687667608e-05,50.0,1.00074,0.000652444795030972,1.002044889590062,0.999435110409938,-0.0009980039920161055,0.0008152739171754026,0.0006207706259032871,0.0,0.0,0.0,0.0,0.0,0,0.0,0.0,0.3333333333333333,0.0
USDT,2020-07-26,1.001,1.013,0.9919,1.001,1.0012857142857141,1.00074,1.000332,1.001004645440403,1.0007265193204433,0.00027812611995958747,0.00023410499437214483,4.4021125587442644e-05,50.0,1.00074,0.000652444795030972,1.002044889590062,0.999435110409938,0.0,0.0008152739171754026,0.0006202527853164567,0.0,0.0,0.0,0.0,0.0,0,0.0,0.0,0.3333333333333333,0.0
USDT,2020-07-27,1.001,1.006,0.9907,1.003,1.0015714285714286,1.00084,1.000392,1.0013116230649564,1.0008949252967068,0.0004166977682495965,0.0002706235491476352,0.0001460742191019613,70.27027027026872,1.00084,0.0008248763862956449,1.0024897527725913,0.9991902472274087,0.0019980019980019303,0.001111201723333369,0.0007147495006690633,0.0,0.0,0.0,0.0,0.0,0,0.0,0.0,0.3333333333333333,0.0
USDT,2020-07-28,1.003,1.021,0.9882,1.002,1.0015714285714286,1.00094,1.000432,1.0014175272088093,1.0009767826821359,0.00044074452667342,0.0003046477446527922,0.00013609678202062783,61.904761904761656,1.00094,0.000838796129822328,1.0026175922596445,0.9992624077403552,-0.0009970089730806375,0.0011529717789840886,0.0007406951491882663,0.0,0.0,0.0,0.0,0.0,0,0.0,0.0,0.3333333333333333,0.0
USDT,2020-07-29,1.002,1.002,0.9894,1.001,1.0015714285714286,1.00094,1.000432,1.001353292253608,1.0009785024834592,0.00037478977014870907,0.0003186761497519756,5.6113620396733494e-05,56.521739130433836,1.00094,0.000838796129822328,1.0026175922596445,0.9992624077403552,-0.0009980039920161055,0.0011529717789840886,0.000765938311463321,0.0,0.0,0.0,0.0,0.0,0,0.0,0.0,0.3333333333333333,0.0
USDT,2020-07-30,1.001,1.005,0.986,1.001,1.0015714285714286,1.00099,1.0004319999999998,1.0012989395992067,1.000980094892092,0.00031884470711474044,0.00031870986122452857,1.3484589021187533e-07,55.55555555555473,1.00099,0.0008090930595326012,1.0026081861190652,0.9993718138809349,0.0,0.0011529717789840886,0.0007658719533194902,0.0,0.0,0.0,0.0,0.0,0,0.0,0.0,0.3333333333333333,0.0
USDT,2020-07-31,1.001,1.005,0.9968,1.002,1.0015714285714286,1.00104,1.000488,1.0014067950454826,1.0010556434186038,0.0003511516268788206,0.000325198214355387,2.59534125234336e-05,59.99999999999956,1.00104,0.000840050123839486,1.0027201002476789,0.999359899752321,0.0009990009990010762,0.0011529717789840886,0.0007858190904388032,0.0,0.0,0.0,0.0,0.0,0,0.0,0.0,0.3333333333333333,0.0
USDT,2020-08-01,1.002,1.006,0.9958,1.001,1.0015714285714286,1.0010400000000002,1.0005099999999998,1.0013442111923314,1.0010515216838924,0.00029268950843897024,0.0003186964731721037,-2.6006964733133462e-05,50.0,1.0010400000000002,0.000840050123839486,1.002720100247679,0.9993598997523212,-0.0009980039920161055,0.0011529717789840886,0.0008095163210705745,0.0,0.0,0.0,0.0,0.0,0,0.0,0.0,0.3333333333333333,0.0
USDT,2020-08-02,1.001,1.024,0.9869,1.001,1.0015714285714286,1.00109,1.000532,1.0012912556242803,1.0010477052628635,0.0002435503614168777,0.0003036672508210585,-6.0116889404180816e-05,50.0,1.00109,0.0008038722077246914,1.0026977444154495,0.9994822555845506,0.0,0.0011529717789840886,0.0008095163210705745,0.0,0.0,0.0,0.0,0.0,0,0.0,0.0,0.3333333333333333,0.0
USDT,2020-08-03,1.001,1.007,0.9966,0.9987,1.0009571428571429,1.0010249999999998,1.000514,1.0008926009128525,1.0008738011693181,1.879974353435898e-05,0.0002466937493637186,-0.00022789400582935964,40.65040650406603,1.0010249999999998,0.0009380130175477724,1.0029010260350955,0.9991489739649043,-0.002297702297702209,0.0010513662554116417,0.0008933268681727444,0.0,0.0,0.0,0.0,0.0,0,0.0,0.0,0.3333333333333333,0.0
USDT,2020-08-04,0.9987,1.006,0.9955,1.001,1.0008142857142857,1.001085,1.000534,1.0009091238493366,1.00088314923085,2.5974618486523937e-05,0.0002025499231882797,-0.00017657530470175577,46.32352941176437,1.001085,0.0008928222549778613,1.0028706445099558,0.9992993554900442,0.0023029938920595683,0.0014962588752903694,0.0009934497648075244,0.0,0.0,0.0,0.0,0.0,0,0.0,0.0,0.3333333333333333,0.0
USDT,2020-08-05,1.001,1.004,0.9965,1.001,1.0008142857142857,1.001135,1.000554,1.0009231047955924,1.0008918048433797,3.1299952212737736e-05,0.00016829992899317133,-0.0001369999767804336,50.0,1.001135,0.0008561080846878611,1.0028472161693758,0.9994227838306244,0.0,0.001447827454631924,0.0009934497648075244,0.0,0.0,0.0,0.0,0.0,0,0.0,0.0,0.3333333333333333,0.0
USDT,2020-08-06,1.001,1.003,0.9977,1.0,1.0006714285714284,1.001135,1.0005579999999998,1.0007810886731936,1.0008257452253515,-4.465655215790676e-05,0.0001257086327629557,-0.00017036518492086246,46.32352941176512,1.001135,0.0008561080846878611,1.0028472161693758,0.9994227838306244,-0.0009990009990008542,0.00149635401994541,0.001010070325441981,0.0,0.0,0.0,0.0,0.0,0,0.0,0.0,0.3333333333333333,0.0
USDT,2020-08-07,1.0,1.0,0.9992,0.9999,1.0003714285714285,1.0010799999999997,1.000566,1.0006455365696254,1.000757171504955,-0.00011163493532961866,7.823991914444084e-05,-0.0001898748544740595,41.73228346456692,1.0010799999999997,0.0008994735302471848,1.0028789470604942,0.9992810529395054,-9.999999999998899e-05,0.001411984055158766,0.0009936191714517211,0.0,0.0,0.0,0.0,0.0,0,0.0,0.0,0.3333333333333333,0.0
USDT,2020-08-08,0.9999,1.001,0.9996,1.0,1.0002285714285715,1.0010299999999999,1.000576,1.0005462232512214,1.0007010847268103,-0.00015486147558885222,3.161964019778223e-05,-0.00018648111578663444,45.76271186440718,1.0010299999999999,0.0009313826733663035,1.0028927653467326,0.9991672346532673,0.00010001000100001711,0.0013820370875687557,0.0009757217285515109,0.0,0.0,0.0,0.0,0.0,0,0.0,0.0,0.3333333333333333,0.0
USDT,2020-08-09,1.0,1.001,1.0,1.0,1.0000857142857142,1.0009799999999998,1.000576,1.0004621889048797,1.0006491525248244,-0.00018696361994474664,-1.2097011830723544e-05,-0.0001748666081140231,45.76271186440718,1.0009799999999998,0.0009594954814817276,1.0028989909629633,0.9990610090370363,0.0,0.0013820370875687557,0.000958506930448147,0.0,0.0,0.0,0.0,0.0,0,0.0,0.0,0.3333333333333333,0.0
USDT,2020-08-10,1.0,1.002,0.9999,1.001,1.0004142857142857,1.0009299999999999,1.0005979999999999,1.0005449290733597,1.0006751412266892,-0.00013021215332953417,-3.572004013048567e-05,-9.44921131990485e-05,40.74074074074048,1.0009299999999999,0.0009291195606224549,1.0027882391212448,0.9990717608787549,0.0009999999999998899,0.0010458998370776354,0.000958506930448147,0.0,0.0,0.0,0.0,0.0,0,0.0,0.0,0.3333333333333333,0.0
USDT,2020-08-11,1.001,1.001,0.9995,0.9998,1.000242857142857,1.00087,1.000574,1.000430324600535,1.000610315950638,-0.00017999135010304812,-6.457430212499816e-05,-0.00011541704797804996,39.9999999999998,1.00087,0.0009625076896670243,1.002795015379334,0.9989449846206658,-0.0011988011988011138,0.0007359994666657176,0.000983197023340529,0.0,0.0,0.0,0.0,0.0,0,0.0,0.0,0.3333333333333333,0.0
USDT,2020-08-12,0.9998,1.001,0.9994,1.0,1.0001,1.0008199999999998,1.000554,1.0003641208158374,1.000565107361702,-0.00020098654586453435,-9.185675087290541e-05,-0.00010912979499162894,45.0980392156866,1.0008199999999998,0.0009811915420252502,1.0027823830840503,0.9988576169159493,0.0002000400080015563,0.0007475437202889683,0.0009670871237715851,0.0,0.0,0.0,0.0,0.0,0,0.0,0.0,0.3333333333333333,0.0
USDT,2020-08-13,1.0,1.002,0.9997,1.001,1.000242857142857,1.00077,1.0005859999999998,1.0004619483826316,1.0005973216312054,-0.00013537324857382238,-0.00010056005041308881,-3.481319816073357e-05,50.0,1.00077,0.000942616738566711,1.0026552334771333,0.9988847665228665,0.0009999999999998899,0.0007476550174588708,0.0009841542902963212,0.0,0.0,0.0,0.0,0.0,0,0.0,0.0,0.3333333333333333,0.0
USDT,2020-08-14,1.001,1.002,1.0,1.001,1.0004,1.00077,1.00062,1.0005447255545343,1.0006271496585235,-8.242410398917599e-05,-9.693286112830625e-05,1.4508757139130259e-05,45.0980392156854,1.00077,0.000942616738566711,1.0026552334771333,0.9988847665228665,0.0,0.000743179259499025,0.000983192949221819,0.0,0.0,0.0,0.0,0.0,0,0.0,0.0,0.3333333333333333,0.0
USDT,2020-08-15,1.001,1.002,1.001,1.001,1.000542857142857,1.00077,1.00065,1.0006147677769137,1.0006547682023366,-4.0000425422848096e-05,-8.554637398721462e-05,4.5545948564366525e-05,50.0,1.00077,0.000942616738566711,1.0026552334771333,0.9988847665228665,0.0,0.0007454225883652845,0.0009827515391730387,0.0,0.0,0.0,0.0,0.0,0,0.0,0.0,0.3333333333333333,0.0
USDT,2020-08-16,1.001,1.001,1.0,1.001,1.0006857142857142,1.00067,1.0006799999999998,1.0006740342727731,1.0006803409280893,-6.30665531620167e-06,-6.969843025301203e-05,6.339177493681036e-05,50.0,1.00067,0.0007867989778944241,1.0022435979557889,0.9990964020442111,0.0,0.0007454225883652845,0.0009827515391730387,0.0,0.0,0.0,0.0,0.0,0,0.0,0.0,0.3333333333333333,0.0
USDT,2020-08-17,1.001,1.003,1.0,1.002,1.0008285714285714,1.00067,1.000722,1.0008780290000387,1.0007780934519346,9.99355481041686e-05,-3.5771634581575906e-05,0.0001357071826857445,70.88607594936832,1.00067,0.0007867989778944241,1.0022435979557889,0.9990964020442111,0.0009990009990010762,0.0007452312445759607,0.0009827176868232933,0.0,0.0,0.0,0.0,0.0,0,0.0,0.0,0.3333333333333333,0.0
USDT,2020-08-18,1.002,1.002,1.0,1.001,1.001,1.00067,1.000744,1.0008967937692634,1.0007945309740134,0.00010226279525005211,-8.164748615250302e-06,0.00011042754386530241,50.0,1.00067,0.0007867989778944241,1.0022435979557889,0.9990964020442111,-0.0009980039920161055,0.0006865324684662084,0.0010006285215775849,0.0,0.0,0.0,0.0,0.0,0,0.0,0.0,0.3333333333333333,0.0
USDT,2020-08-19,1.001,1.001,1.0,1.001,1.0011428571428571,1.00067,1.000764,1.0009126716509151,1.0008097509018643,0.00010292074905082771,1.40523509179653e-05,8.88683981328624e-05,50.0,1.00067,0.0007867989778944241,1.0022435979557889,0.9990964020442111,0.0,0.0006893079645663753,0.0010006285215775849,0.0,0.0,0.0,0.0,0.0,0,0.0,0.0,0.3333333333333333,0.0
USDT,2020-08-20,1.001,1.002,1.0,1.001,1.0011428571428571,1.00062,1.0007840000000001,1.0009261067815436,1.0008238434276522,0.0001022633538914075,3.169455151265374e-05,7.056880237875376e-05,58.92857142857072,1.00062,0.0007273600426307094,1.0020747200852615,0.9991652799147387,0.0,0.0005764857358865219,0.0009827154978677137,0.0,0.0,0.0,0.0,0.0,0,0.0,0.0,0.3333333333333333,0.0
USDT,2020-08-21,1.001,1.002,1.0,1.0,1.001,1.0005700000000002,1.0007840000000001,1.0007836288151524,1.0007628179885668,2.0810826585559994e-05,2.9517806527234994e-05,-8.706979941675e-06,50.76923076923072,1.0005700000000002,0.0007342020373274576,1.002038404074655,0.9991015959253453,-0.0009990009990008542,0.0006891698552220114,0.0009827492805049884,0.0,0.0,0.0,0.0,0.0,0,0.0,0.0,0.3333333333333333,0.0
USDT,2020-08-22,1.0,1.001,1.0,1.001,1.001,1.00057,1.000804,1.0008169166897443,1.0007803870264507,3.6529663293594083e-05,3.0920177880506815e-05,5.609485413087269e-06,56.75675675675636,1.00057,0.0007342020373274576,1.0020384040746548,0.9991015959253451,0.0009999999999998899,0.000815681452421002,0.001000697235166581,0.0,0.0,0.0,0.0,0.0,0,0.0,0.0,0.3333333333333333,0.0
USDT,2020-08-23,1.001,1.001,1.0,1.001,1.001,1.000685,1.000804,1.0008450833528606,1.000796654654121,4.842869873966649e-05,3.442188205233875e-05,1.4006816687327738e-05,56.75675675675636,1.000685,0.0005922970449955292,1.001869594089991,0.999500405910009,0.0,0.000815681452421002,0.0009827854662154125,0.0,0.0,0.0,0.0,0.0,0,0.0,0.0,0.3333333333333333,0.0
USDT,2020-08-24,1.001,1.001,1.0,1.001,1.0008571428571427,1.000685,1.000804,1.0008689166831897,1.000811717272334,5.719941085557956e-05,3.8977387812986914e-05,1.8222023042592644e-05,50.0,1.000685,0.0005922970449955292,1.001869594089991,0.999500405910009,0.0,0.0006894457020730097,0.0009657307346826895,0.0,0.0,0.0,0.0,0.0,0,0.0,0.0,0.3333333333333333,0.0
USDT,2020-08-25,1.001,1.001,1.0,1.001,1.0008571428571427,1.000685,1.000804,1.0008890833473143,1.00082566414105,6.341920626429243e-05,4.386575150324802e-05,1.9553454761044408e-05,61.53846153846055,1.000685,0.0005922970449955292,1.001869594089991,0.999500405910009,0.0,0.0005770619339138596,0.0009657307346826895,0.0,0.0,0.0,0.0,0.0,0,0.0,0.0,0.3333333333333333,0.0
USDT,2020-08-26,1.001,1.001,1.0,1.001,1.0008571428571427,1.0007350000000002,1.0008039999999998,1.0009061474477274,1.0008385779083797,6.75695393477227e-05,4.8606509072142956e-05,1.896303027557974e-05,59.99999999999911,1.0007350000000002,0.0005733328233692061,1.0018816656467386,0.9995883343532618,0.0,0.0005770619339138596,0.0008890747168992819,0.0,0.0,0.0,0.0,0.0,0,0.0,0.0,0.3333333333333333,0.0
USDT,2020-08-27,1.001,1.002,1.001,1.001,1.0008571428571427,1.0007899999999998,1.000824,1.0009205863019233,1.0008505351003516,7.005120157166367e-05,5.28954475720471e-05,1.715575399961657e-05,50.0,1.0007899999999998,0.0005408570197622903,1.0018717140395244,0.9997082859604752,0.0,0.0005770619339138596,0.0008715405224617864,0.0,0.0,0.0,0.0,0.0,0,0.0,0.0,0.3333333333333333,0.0
USDT,2020-08-28,1.001,1.001,1.001,1.001,1.001,1.00084,1.000824,1.0009328037939351,1.0008616065743996,7.119721953552371e-05,5.655580196474243e-05,1.4641417570781288e-05,50.0,1.00084,0.0005092822607251015,1.0018585645214502,0.9998214354785497,0.0,0.00037796447300957715,0.0008522665775590685,0.0,0.0,0.0,0.0,0.0,0,0.0,0.0,0.3333333333333333,0.0
USDT,2020-08-29,1.001,1.002,1.001,1.001,1.001,1.00089,1.0008439999999998,1.0009431416717913,1.0008718579392588,7.128373253251219e-05,5.9501388078296385e-05,1.1782344454215805e-05,50.0,1.00089,0.00047005038927506993,1.0018301007785502,0.99994989922145,0.0,0.0,0.0008522665775590685,0.0,0.0,0.0,0.0,0.0,0,0.0,0.0,0.3333333333333333,0.0
USDT,2020-08-30,1.001,1.002,1.001,1.001,1.001,1.0008899999999998,1.000844,1.0009518891069002,1.000881349943758,7.053916314214703e-05,6.170894309106652e-05,8.830220051080515e-06,50.0,1.0008899999999998,0.00047005038927506993,1.00183010077855,0.9999498992214497,0.0,0.0,0.0008311567127819622,0.0,0.0,0.0,0.0,0.0,0,0.0,0.0,0.3333333333333333,0.0
USDT,2020-08-31,1.001,1.002,1.001,1.001,1.001,1.00095,1.0008439999999998,1.0009592907827618,1.000890138836813,6.91519459488088e-05,6.319754366261498e-05,5.9544022861938225e-06,33.33333333333087,1.00095,0.0003940344628725534,1.0017380689257451,1.0001619310742549,0.0,0.0,0.0008109249074538845,0.0,0.0,0.0,0.0,0.0,0,0.0,0.0,0.3333333333333333,0.0
USDT,2020-09-01,1.001,1.002,1.001,1.002,1.0011428571428571,1.0010499999999998,1.0008839999999999,1.001119399893106,1.000972350774827,0.00014704911827911893,7.996785858591577e-05,6.708125969320316e-05,66.66666666666913,1.0010499999999998,0.0003940344628723658,1.0018380689257445,1.000261931074255,0.0009990009990010762,0.00037758688612352526,0.0008311703035300829,0.0,0.0,0.0,0.0,0.0,0,0.0,0.0,0.3333333333333333,0.0
USDT,2020-09-02,1.002,1.002,1.001,1.002,1.0012857142857141,1.0010999999999999,1.000924,1.0012548768326281,1.0010484729396545,0.00020640389297366113,0.00010525506546346486,0.00010114882751019627,66.66666666666913,1.0010999999999999,0.00044721359554054344,1.001994427191081,1.0002055728089188,0.0,0.00037758688612352526,0.000705265255177313,0.0,0.0,0.0,0.0,0.0,0,0.0,0.0,0.3333333333333333,0.0
USDT,2020-09-03,1.002,1.002,1.001,1.001,1.0012857142857141,1.0010999999999999,1.000948,1.0012156650122237,1.0010448823515319,0.00017078266069181502,0.0001183605845091349,5.2422076182680126e-05,50.0,1.0010999999999999,0.00044721359554054344,1.001994427191081,1.0002055728089188,-0.0009980039920161055,0.000576485735886522,0.0006011820919844427,0.0,0.0,0.0,0.0,0.0,0,0.0,0.0,0.3333333333333333,0.0
USDT,2020-09-04,1.001,1.002,1.001,1.002,1.0014285714285713,1.0011499999999998,1.0009879999999998,1.00133633193342,1.001115631806974,0.00022070012644603842,0.00013882849289651561,8.187163354952281e-05,74.99999999999861,1.0011499999999998,0.000489360484966591,1.002128720969933,1.0001712790300665,0.0009990009990010762,0.0006891010311694404,0.0006282313573962121,0.0,0.0,0.0,0.0,0.0,0,0.0,0.0,0.3333333333333333,0.0
USDT,2020-09-05,1.002,1.002,1.001,1.002,1.0015714285714286,1.0012,1.0010279999999998,1.001438434712894,1.001181140562013,0.0002572941508809379,0.00016252162449340008,9.47725263875378e-05,66.66666666666666,1.0012,0.0005231483638151064,1.0022462967276302,1.00015370327237,0.0,0.0006891010311694404,0.000597333505271659,0.0,0.0,0.0,0.0,0.0,0,0.0,0.0,0.3333333333333333,0.0
USDT,2020-09-06,1.002,1.002,1.001,1.001,1.0015714285714286,1.0011499999999998,1.0010279999999998,1.0013709832186026,1.0011677227426046,0.0002032604759980572,0.0001706693947943315,3.259108120372568e-05,50.0,1.0011499999999998,0.000489360484966591,1.002128720969933,1.0001712790300665,-0.0009980039920161055,0.0008152739171754028,0.0006277071516399996,0.0,0.0,0.0,0.0,0.0,0,0.0,0.0,0.3333333333333333,0.0
USDT,2020-09-07,1.001,1.002,1.001,1.001,1.0015714285714286,1.00115,1.001028,1.0013139088772791,1.001155298835745,0.00015861004153405744,0.0001682575241422767,-9.647482608219254e-06,50.0,1.00115,0.000489360484966591,1.0021287209699332,1.0001712790300668,0.0,0.0008152739171754028,0.0006276256674233791,0.0,0.0,0.0,0.0,0.0,0,0.0,0.0,0.3333333333333333,0.0
USDT,2020-09-08,1.001,1.002,1.001,1.001,1.0014285714285713,1.00115,1.0010279999999998,1.0012656152038515,1.0011437952182825,0.00012181998556903828,0.000158970016427629,-3.715003085859073e-05,50.0,1.00115,0.000489360484966591,1.0021287209699332,1.0001712790300668,0.0,0.0006889634311424975,0.0006276256674233791,0.0,0.0,0.0,0.0,0.0,0,0.0,0.0,0.3333333333333333,0.0
USDT,2020-09-09,1.001,1.002,1.001,1.001,1.0012857142857141,1.0011499999999998,1.001008,1.001224751326336,1.001133143720632,9.160760570403603e-05,0.00014549753428291041,-5.388992857887438e-05,50.0,1.0011499999999998,0.000489360484966591,1.002128720969933,1.0001712790300665,0.0,0.0006889634311424975,0.0006004936847101892,0.0,0.0,0.0,0.0,0.0,0,0.0,0.0,0.3333333333333333,0.0
USDT,2020-09-10,1.001,1.002,1.001,1.001,1.0012857142857141,1.0011999999999999,1.001008,1.0011901741992073,1.0011232812228072,6.689297640005698e-05,0.00012977662270633974,-6.288364630628276e-05,50.0,1.0011999999999999,0.00041039134087806863,1.002020782681756,1.0003792173182438,0.0,0.000576485735886522,0.0005562107312529972,0.0,0.0,0.0,0.0,0.0,0,0.0,0.0,0.3333333333333333,0.0
USDT,2020-09-11,1.001,1.001,1.0,1.001,1.0011428571428571,1.0012,1.001008,1.0011609166300985,1.001114149280377,4.6767349721532625e-05,0.00011317476810937832,-6.64074183878457e-05,50.0,1.0012,0.00041039134087806863,1.0020207826817562,1.000379217318244,0.0,0.0003772100529038725,0.0005554261496197937,0.0,0.0,0.0,0.0,0.0,0,0.0,0.0,0.3333333333333333,0.0
USDT,2020-09-12,1.001,1.001,1.0,1.001,1.001,1.0011999999999999,1.000988,1.001136160225468,1.0011056937781269,3.0466447341170877e-05,9.663310395573684e-05,-6.616665661456596e-05,50.0,1.0011999999999999,0.00041039134087806863,1.002020782681756,1.0003792173182438,0.0,0.0003772100529038725,0.0005245703449609074,0.0,0.0,0.0,0.0,0.0,0,0.0,0.0,0.3333333333333333,0.0
USDT,2020-09-13,1.001,1.002,1.0,1.0,1.000857142857143,1.0011499999999998,1.0009679999999999,1.0009613663446268,1.0010237905353025,-6.242419067570282e-05,6.48216450294489e-05,-0.00012724583570515173,40.00000000000177,1.0011499999999998,0.000489360484966591,1.002128720969933,1.0001712790300665,-0.0009990009990008542,0.00037758688612344915,0.0005553827298781052,0.0,0.0,0.0,0.0,0.0,0,0.0,0.0,0.3333333333333333,0.0
USDT,2020-09-14,1.001,1.002,1.0,1.001,1.0008571428571427,1.00115,1.0009679999999999,1.000967309983915,1.0010220282734283,-5.471828951342239e-05,4.0913658120874644e-05,-9.563194763429703e-05,50.0,1.00115,0.000489360484966591,1.0021287209699332,1.0001712790300668,0.0009999999999998899,0.0005770619339138596,0.000586575392883653,0.0,0.0,0.0,0.0,0.0,0,0.0,0.0,0.3333333333333333,0.0
USDT,2020-09-15,1.001,1.001,1.0,1.001,1.0008571428571427,1.0011499999999998,1.000928,1.0009723392171588,1.0010203965494706,-4.8057332311834955e-05,2.3119460034332724e-05,-7.117679234616768e-05,39.99999999999911,1.0011499999999998,0.000489360484966591,1.002128720969933,1.0001712790300665,0.0,0.0005770619339138596,0.000586575392883653,0.0,0.0,0.0,0.0,0.0,0,0.0,0.0,0.3333333333333333,0.0
USDT,2020-09-16,1.001,1.002,1.0,1.001,1.0008571428571427,1.00115,1.000908,1.0009765947222113,1.0010188856939544,-4.229097174301977e-05,1.0037373678862227e-05,-5.232834542188199e-05,39.99999999999911,1.00115,0.000489360484966591,1.0021287209699332,1.0001712790300668,0.0,0.0005770619339138596,0.0005554467776510163,0.0,0.0,0.0,0.0,0.0,0,0.0,0.0,0.3333333333333333,0.0
USDT,2020-09-17,1.001,1.001,1.0,1.001,1.0008571428571427,1.00115,1.000908,1.0009801955341788,1.0010174867536614,-3.729121948259362e-05,5.716550465710584e-07,-3.786287452916468e-05,50.0,1.00115,0.000489360484966591,1.0021287209699332,1.0001712790300668,0.0,0.0005770619339138596,0.0005247014056929465,0.0,0.0,0.0,0.0,0.0,0,0.0,0.0,0.3333333333333333,0.0
USDT,2020-09-18,1.001,1.001,1.0,1.001,1.0008571428571427,1.0011499999999998,1.000908,1.0009832423750744,1.0010161914385753,-3.2949063500931075e-05,-6.132488662929368e-06,-2.6816574838001708e-05,33.33333333333087,1.0011499999999998,0.000489360484966591,1.002128720969933,1.0001712790300665,0.0,0.0005770619339138596,0.0005247014056929465,0.0,0.0,0.0,0.0,0.0,0,0.0,0.0,0.3333333333333333,0.0
USDT,2020-09-19,1.001,1.001,1.0,1.001,1.0008571428571427,1.00115,1.000888,1.0009858204712168,1.001014992072755,-2.917160153814713e-05,-1.074031123797292e-05,-1.843129030017421e-05,33.33333333333087,1.00115,0.000489360484966591,1.0021287209699332,1.0001712790300668,0.0,0.0005770619339138596,0.0005247014056929465,0.0,0.0,0.0,0.0,0.0,0,0.0,0.0,0.3333333333333333,0.0
USDT,2020-09-20,1.001,1.002,1.001,1.001,1.001,1.0011499999999998,1.000888,1.0009880019371833,1.0010138815488472,-2.5879611663892632e-05,-1.3768171323156863e-05,-1.211144034073577e-05,50.0,1.0011499999999998,0.000489360484966591,1.002128720969933,1.0001712790300665,0.0,0.00037796447300957715,0.0004896339152483328,0.0,0.0,0.0,0.0,0.0,0,0.0,0.0,0.3333333333333333,0.0
USDT,2020-09-21,1.001,1.002,1.0,1.001,1.001,1.0010999999999999,1.000888,1.0009898477930013,1.0010128532859697,-2.3005492968408703e-05,-1.561563565220723e-05,-7.389857316201473e-06,50.0,1.0010999999999999,0.00044721359554054344,1.001994427191081,1.0002055728089188,0.0,0.0,0.0004543290857102009,0.0,0.0,0.0,0.0,0.0,0,0.0,0.0,0.3333333333333333,0.0
USDT,2020-09-22,1.001,1.001,1.0,1.001,1.001,1.0010499999999998,1.000934,1.000991409671001,1.0010119011907126,-2.0491519711507422e-05,-1.659081246406727e-05,-3.900707247440151e-06,50.0,1.0010499999999998,0.0003940344628723658,1.0018380689257445,1.000261931074255,0.0,0.0,0.0004543290857102009,0.0,0.0,0.0,0.0,0.0,0,0.0,0.0,0.3333333333333333,0.0
USDT,2020-09-23,1.001,1.001,1.0,1.001,1.001,1.0010499999999998,1.000934,1.000992731260078,1.0010110196210302,-1.828836095230102e-05,-1.6930322161714022e-05,-1.358038790586997e-06,50.0,1.0010499999999998,0.0003940344628723658,1.0018380689257445,1.000261931074255,0.0,0.0,0.0004543290857102009,0.0,0.0,0.0,0.0,0.0,0,0.0,0.0,0.3333333333333333,0.0
USDT,2020-09-24,1.001,1.001,1.0,1.001,1.001,1.001,1.000934,1.0009938495277582,1.0010102033528057,-1.635382504749927e-05,-1.6815022738871073e-05,4.6119769137180185e-07,50.0,1.001,0.0003244428423176991,1.0016488856846353,1.0003511143153645,0.0,0.0,0.0004543290857102009,0.0,0.0,0.0,0.0,0.0,0,0.0,0.0,0.3333333333333333,0.0
USDT,2020-09-25,1.001,1.002,1.0,1.002,1.0011428571428571,1.001,1.000974,1.001148641908103,1.001083521622968,6.512028513494528e-05,-4.2796116410780206e-07,6.554824629905308e-05,66.66666666666913,1.001,0.0003244428423176991,1.0016488856846353,1.0003511143153645,0.0009990009990010762,0.00037758688612352526,0.0004895659414575436,0.0,0.0,0.0,0.0,0.0,0,0.0,0.0,0.3333333333333333,0.0
USDT,2020-09-26,1.002,1.002,1.001,1.002,1.0012857142857143,1.00105,1.001016,1.0012796200760872,1.0011514089101556,0.00012821116593153548,2.5299864255020854e-05,0.00010291130167651462,66.66666666666913,1.00105,0.0003940344628723658,1.0018380689257447,1.0002619310742553,0.0,0.00037758688612352526,0.0004895659414575436,0.0,0.0,0.0,0.0,0.0,0,0.0,0.0,0.3333333333333333,0.0
USDT,2020-09-27,1.002,1.002,1.001,1.002,1.0014285714285713,1.0010999999999999,1.001056,1.001390447756689,1.0012142675094033,0.00017618024728571768,5.547594086116022e-05,0.00012070430642455746,100.0,1.0010999999999999,0.00044721359554054344,1.001994427191081,1.0002055728089188,0.0,0.00037758688612352526,0.0004895659414575436,0.0,0.0,0.0,0.0,0.0,0,0.0,0.0,0.3333333333333333,0.0
USDT,2020-09-28,1.002,1.002,1.001,1.001,1.0014285714285713,1.0010999999999999,1.0010759999999999,1.0013303788710446,1.00119839584204,0.0001319830290045232,7.077735848983282e-05,6.120567051469037e-05,50.0,1.0010999999999999,0.00044721359554054344,1.001994427191081,1.0002055728089188,-0.0009980039920161055,0.000576485735886522,0.0005245703449609074,0.0,0.0,0.0,0.0,0.0,0,0.0,0.0,0.3333333333333333,0.0
USDT,2020-09-29,1.001,1.001,1.0,1.001,1.0014285714285713,1.0010999999999999,1.0010759999999999,1.0012795513524224,1.001183699853741,9.585149868152065e-05,7.579218652817039e-05,2.0059312153350266e-05,50.0,1.0010999999999999,0.00044721359554054344,1.001994427191081,1.0002055728089188,0.0,0.000576485735886522,0.0005245703449609074,0.0,0.0,0.0,0.0,0.0,0,0.0,0.0,0.3333333333333333,0.0
USDT,2020-09-30,1.001,1.001,1.0,1.001,1.0014285714285713,1.0010999999999999,1.0010999999999999,1.0012365434520498,1.0011700924571674,6.645099488244988e-05,7.392394819902628e-05,-7.472953316576408e-06,50.0,1.0010999999999999,0.00044721359554054344,1.001994427191081,1.0002055728089188,0.0,0.000576485735886522,0.0005245703449609074,0.0,0.0,0.0,0.0,0.0,0,0.0,0.0,0.3333333333333333,0.0
USDT,2020-10-01,1.001,1.002,1.0,1.001,1.0014285714285713,1.0010999999999999,1.00112,1.0012001521517344,1.0011574930158957,4.265913583867409e-05,6.767098572695585e-05,-2.5011849888281762e-05,50.0,1.0010999999999999,0.00044721359554054344,1.001994427191081,1.0002055728089188,0.0,0.000576485735886522,0.0004895121896530566,0.0,0.0,0.0,0.0,0.0,0,0.0,0.0,0.3333333333333333,0.0
USDT,2020-10-02,1.001,1.002,1.0,1.001,1.0012857142857141,1.0010999999999999,1.00112,1.001169359513006,1.00114582686657,2.3532646435953097e-05,5.88433178687553e-05,-3.5310671432802206e-05,50.0,1.0010999999999999,0.00044721359554054344,1.001994427191081,1.0002055728089188,0.0,0.0003772100529038725,0.0004895121896530566,0.0,0.0,0.0,0.0,0.0,0,0.0,0.0,0.3333333333333333,0.0
USDT,2020-10-03,1.001,1.002,1.001,1.001,1.0011428571428571,1.00115,1.0011199999999998,1.0011433042033127,1.0011350248764537,8.279326858984248e-06,4.8730519666801096e-05,-4.045119280781685e-05,50.0,1.00115,0.00036634754858196083,1.001882695097164,1.000417304902836,0.0,0.0003772100529038725,0.0004543290857102009,0.0,0.0,0.0,0.0,0.0,0,0.0,0.0,0.3333333333333333,0.0
USDT,2020-10-04,1.001,1.002,1.001,1.001,1.001,1.0011499999999998,1.00112,1.001121257402803,1.0011250230337534,-3.7656309503919516e-06,3.823128954336249e-05,-4.1996920493754444e-05,50.0,1.0011499999999998,0.00036634754858196083,1.0018826950971638,1.0004173049028358,0.0,0.0003772100529038725,0.0004133530760117695,0.0,0.0,0.0,0.0,0.0,0,0.0,0.0,0.3333333333333333,0.0
USDT,2020-10-05,1.001,1.002,1.0,1.001,1.001,1.00115,1.00112,1.0011026024177563,1.0011157620682902,-1.3159650533944856e-05,2.7953101527901024e-05,-4.111275206184588e-05,50.0,1.00115,0.00036634754858196083,1.001882695097164,1.000417304902836,0.0,0.0,0.0004133530760117695,0.0,0.0,0.0,0.0,0.0,0,0.0,0.0,0.3333333333333333,0.0
USDT,2020-10-06,1.001,1.001,1.0,1.001,1.001,1.00115,1.0010999999999999,1.001086817430409,1.0011071871002688,-2.036966985974331e-05,1.828854725037216e-05,-3.865821711011547e-05,50.0,1.00115,0.00036634754858196083,1.001882695097164,1.000417304902836,0.0,0.0,0.00037101992823434507,0.0,0.0,0.0,0.0,0.0,0,0.0,0.0,0.3333333333333333,0.0
USDT,2020-10-07,1.001,1.001,1.0,1.0,1.0008571428571427,1.0010999999999999,1.00108,1.0009196147488078,1.0010251732409896,-0.00010555849218185642,-6.480860636073559e-06,-9.907763154578286e-05,33.3333333333358,1.0010999999999999,0.000447213595540571,1.001994427191081,1.0002055728089188,-0.0009990009990008542,0.00037758688612344915,0.0004134333532997425,0.0,0.0,0.0,0.0,0.0,0,0.0,0.0,0.3333333333333333,0.0
USDT,2020-10-08,1.001,1.002,1.0,1.002,1.001,1.00115,1.0010999999999999,1.0010858278643757,1.001097382630546,-1.1554766170318587e-05,-7.495641742922565e-06,-4.059124427396021e-06,60.00000000000089,1.00115,0.0004893604849665929,1.0021287209699332,1.0001712790300668,0.0020000000000000018,0.0008995239742701496,0.000555737709668135,0.0,0.0,0.0,0.0,0.0,0,0.0,0.0,0.3333333333333333,0.0
USDT,2020-10-09,1.001,1.002,1.001,1.001,1.001,1.0011499999999998,1.0010999999999999,1.0010726235775487,1.0010901691023575,-1.7545524808815216e-05,-9.505618356101096e-06,-8.03990645271412e-06,39.99999999999911,1.0011499999999998,0.0004893604849665929,1.002128720969933,1.0001712790300665,-0.0009980039920161055,0.0009995010157279112,0.0005868099643574997,0.0,0.0,0.0,0.0,0.0,0,0.0,0.0,0.3333333333333333,0.0
USDT,2020-10-10,1.001,1.002,1.001,1.001,1.001,1.00115,1.00112,1.0010614507194642,1.0010834899095902,-2.2039190125999752e-05,-1.2012332710080828e-05,-1.0026857415918925e-05,39.99999999999911,1.00115,0.0004893604849665929,1.0021287209699332,1.0001712790300668,0.0,0.0009995010157279112,0.0005868099643574997,0.0,0.0,0.0,0.0,0.0,0,0.0,0.0,0.3333333333333333,0.0
USDT,2020-10-11,1.001,1.002,1.001,1.001,1.001,1.00115,1.00112,1.0010519967626235,1.0010773054718427,-2.5308709219240555e-05,-1.4671608011912775e-05,-1.063710120732778e-05,39.99999999999911,1.00115,0.0004893604849665929,1.0021287209699332,1.0001712790300668,0.0,0.0009995010157279112,0.0005868099643574997,0.0,0.0,0.0,0.0,0.0,0,0.0,0.0,0.3333333333333333,0.0
USDT,2020-10-12,1.001,1.002,1.001,1.001,1.001,1.0011499999999998,1.0011199999999998,1.0010439972606813,1.001071579140595,-2.7581879913807228e-05,-1.7253662392291668e-05,-1.032821752151556e-05,50.0,1.0011499999999998,0.0004893604849665929,1.002128720969933,1.0001712790300665,0.0,0.0009995010157279112,0.0005868099643574997,0.0,0.0,0.0,0.0,0.0,0,0.0,0.0,0.3333333333333333,0.0
USDT,2020-10-13,1.001,1.002,1.001,1.001,1.001,1.00115,1.00112,1.0010372284513456,1.0010662769820324,-2.904853068685931e-05,-1.9612636051205196e-05,-9.435894635654113e-06,50.0,1.00115,0.0004893604849665929,1.0021287209699332,1.0001712790300668,0.0,0.0009995010157279112,0.0005556738664313327,0.0,0.0,0.0,0.0,0.0,0,0.0,0.0,0.3333333333333333,0.0
USDT,2020-10-14,1.001,1.001,1.001,1.001,1.0011428571428571,1.00115,1.00112,1.0010315009972923,1.0010613675759559,-2.9866578663551024e-05,-2.1663424573674364e-05,-8.20315408987666e-06,50.0,1.00115,0.0004893604849665929,1.0021287209699332,1.0001712790300668,0.0,0.0008993130682248189,0.0005248326300351598,0.0,0.0,0.0,0.0,0.0,0,0.0,0.0,0.3333333333333333,0.0
USDT,2020-10-15,1.001,1.001,1.001,1.001,1.001,1.0010999999999999,1.00112,1.0010266546900166,1.0010568218295888,-3.0167139572156998e-05,-2.3364167573370892e-05,-6.802971998786106e-06,50.0,1.0010999999999999,0.0004472135955405709,1.001994427191081,1.0002055728089188,0.0,0.0003772100529038723,0.0005248326300351598,0.0,0.0,0.0,0.0,0.0,0,0.0,0.0,0.3333333333333333,0.0
USDT,2020-10-16,1.001,1.001,1.001,1.001,1.001,1.0010499999999998,1.00112,1.0010225539684756,1.0010526128051749,-3.00588366992649e-05,-2.4703101398549696e-05,-5.355735300715205e-06,50.0,1.0010499999999998,0.0003940344628724259,1.0018380689257447,1.0002619310742549,0.0,0.0,0.0005248326300351598,0.0,0.0,0.0,0.0,0.0,0,0.0,0.0,0.3333333333333333,0.0
USDT,2020-10-17,1.001,1.001,1.001,1.001,1.001,1.001,1.00112,1.0010190841271716,1.0010487155603471,-2.9631433175580923e-05,-2.5688767753955943e-05,-3.942665421624981e-06,50.0,1.001,0.0003244428423178072,1.0016488856846355,1.0003511143153643,0.0,0.0,0.0005248326300351598,0.0,0.0,0.0,0.0,0.0,0,0.0,0.0,0.3333333333333333,0.0
USDT,2020-10-18,1.001,1.001,1.001,1.001,1.001,1.001,1.00112,1.0010161481076068,1.0010451070003215,-2.895889271470331e-05,-2.6342792746105417e-05,-2.6160999685978936e-06,50.0,1.001,0.0003244428423178072,1.0016488856846355,1.0003511143153643,0.0,0.0,0.0005248326300351598,0.0,0.0,0.0,0.0,0.0,0,0.0,0.0,0.3333333333333333,0.0
USDT,2020-10-19,1.001,1.001,1.0,1.001,1.001,1.001,1.0011199999999998,1.0010136637833595,1.0010417657410384,-2.8101957678883238e-05,-2.6694625732660984e-05,-1.4073319462222544e-06,50.0,1.001,0.0003244428423178072,1.0016488856846355,1.0003511143153643,0.0,0.0,0.0005248326300351598,0.0,0.0,0.0,0.0,0.0,0,0.0,0.0,0.3333333333333333,0.0
USDT,2020-10-20,1.001,1.001,1.0,1.001,1.001,1.001,1.00112,1.0010115616628428,1.001038671982443,-2.7110319600121002e-05,-2.677776450615299e-05,-3.3255509396801344e-07,50.0,1.001,0.0003244428423178072,1.0016488856846355,1.0003511143153643,0.0,0.0,0.0005248326300351598,0.0,0.0,0.0,0.0,0.0,0,0.0,0.0,0.3333333333333333,0.0
USDT,2020-10-21,1.001,1.002,1.001,1.002,1.0011428571428571,1.00105,1.0011199999999998,1.0011636290993284,1.0011098814652248,5.374763410359584e-05,-1.0672684784203223e-05,6.442031888779907e-05,74.99999999999861,1.00105,0.0003940344628724259,1.001838068925745,1.000261931074255,0.0009990009990010762,0.00037758688612352505,0.0005556139740888505,0.0,0.0,0.0,0.0,0.0,0,0.0,0.0,0.3333333333333333,0.0
USDT,2020-10-22,1.002,1.002,1.001,1.001,1.0011428571428571,1.0010499999999998,1.0011,1.0011384553917395,1.0011017420974304,3.671329430909864e-05,-1.1954889655428502e-06,3.7908783274641494e-05,33.33333333333333,1.0010499999999998,0.0003940344628724259,1.0018380689257447,1.0002619310742549,-0.0009980039920161055,0.0005764857358865219,0.0005866927781642457,0.0,0.0,0.0,0.0,0.0,0,0.0,0.0,0.3333333333333333,0.0
USDT,2020-10-23,1.001,1.001,1.0,1.001,1.0011428571428571,1.0010499999999998,1.0010999999999999,1.001117154562241,1.0010942056457688,2.2948916472254055e-05,3.6333921220165314e-06,1.9315524350237523e-05,50.0,1.0010499999999998,0.0003940344628724259,1.0018380689257447,1.0002619310742549,0.0,0.0005764857358865219,0.0005866927781642457,0.0,0.0,0.0,0.0,0.0,0,0.0,0.0,0.3333333333333333,0.0
USDT,2020-10-24,1.001,1.001,1.001,1.001,1.0011428571428571,1.00105,1.00108,1.0010991307834347,1.001087227449786,1.1903333648755066e-05,5.287380427364238e-06,6.615953221390827e-06,50.0,1.00105,0.0003940344628724259,1.001838068925745,1.000261931074255,0.0,0.0005764857358865219,0.0005866927781642457,0.0,0.0,0.0,0.0,0.0,0,0.0,0.0,0.3333333333333333,0.0
USDT,2020-10-25,1.001,1.001,1.001,1.001,1.0011428571428571,1.0010499999999998,1.0010599999999998,1.0010838798936754,1.0010807661572092,3.1137364662203737e-06,4.852651635135466e-06,-1.7389151689150924e-06,50.0,1.0010499999999998,0.0003940344628724259,1.0018380689257447,1.0002619310742549,0.0,0.0005764857358865219,0.0005555707400649952,0.0,0.0,0.0,0.0,0.0,0,0.0,0.0,0.3333333333333333,0.0
USDT,2020-10-26,1.001,1.001,1.0,1.001,1.0011428571428571,1.0010499999999998,1.0010599999999998,1.0010709752946485,1.0010747834788973,-3.808184248832447e-06,3.120484458341884e-06,-6.928668707174331e-06,50.0,1.0010499999999998,0.0003940344628724259,1.0018380689257447,1.0002619310742549,0.0,0.0005764857358865219,0.0005555707400649952,0.0,0.0,0.0,0.0,0.0,0,0.0,0.0,0.3333333333333333,0.0
USDT,2020-10-27,1.001,1.001,1.0,1.0,1.001,1.0010499999999998,1.00104,1.0009062098647026,1.0009951698878679,-8.89600231652743e-05,-1.529561706638135e-05,-7.366440609889294e-05,33.3333333333358,1.0010499999999998,0.0003940344628724259,1.0018380689257447,1.0002619310742549,-0.0009990009990008542,0.0006891698552220114,0.0005827888224302588,0.0,0.0,0.0,0.0,0.0,0,0.0,0.0,0.3333333333333333,0.0
USDT,2020-10-28,1.0,1.001,1.0,1.0,1.0007142857142857,1.00095,1.0010199999999998,1.0007667929624406,1.0009214535998776,-0.00015466063743696523,-4.316862114049813e-05,-0.0001114920162964671,33.3333333333358,1.00095,0.0003940344628726713,1.0017380689257454,1.0001619310742547,0.0,0.00048721941411148094,0.0005556304742933338,0.0,0.0,0.0,0.0,0.0,0,0.0,0.0,0.3333333333333333,0.0
USDT,2020-10-29,1.0,1.001,0.9999,1.0,1.0005714285714284,1.0009000000000001,1.001,1.0006488248143728,1.0008531977776645,-0.00020437296329167687,-7.540948957073388e-05,-0.00012896347372094298,33.3333333333358,1.0009000000000001,0.00044721359554099235,1.0017944271910821,1.000005572808918,0.0,0.00037758688612344894,0.0005556304742933338,0.0,0.0,0.0,0.0,0.0,0,0.0,0.0,0.3333333333333333,0.0
USDT,2020-10-30,1.0,1.001,1.0,1.001,1.0005714285714284,1.0009,1.001,1.0007028517660077,1.000864072016356,-0.0001612202503482596,-9.257164172623903e-05,-6.864860862202056e-05,50.0,1.0009,0.00044721359554099235,1.001794427191082,1.0000055728089179,0.0009999999999998899,0.0005770619339138594,0.0005868099643574998,0.0,0.0,0.0,0.0,0.0,0,0.0,0.0,0.3333333333333333,0.0
USDT,2020-10-31,1.001,1.001,1.0,1.0,1.0004285714285714,1.0008499999999998,1.0009799999999998,1.0005947207250834,1.000800066681811,-0.0002053459567277205,-0.00011512650472653533,-9.021945200118516e-05,40.00000000000089,1.0008499999999998,0.0004893604849671887,1.0018287209699341,0.9998712790300655,-0.0009990009990008542,0.0006896519818696234,0.0006145113204350456,0.0,0.0,0.0,0.0,0.0,0,0.0,0.0,0.3333333333333333,0.0
USDT,2020-11-01,1.0,1.0,1.0,1.0,1.0002857142857142,1.0008,1.0009599999999998,1.0005032252289168,1.0007408024831583,-0.00023757725424156106,-0.00013961665462954048,-9.796059961202059e-05,40.00000000000089,1.0008,0.0005231483638158632,1.0018462967276316,0.9997537032723682,0.0,0.0006896519818696234,0.0006145113204350456,0.0,0.0,0.0,0.0,0.0,0,0.0,0.0,0.3333333333333333,0.0
USDT,2020-11-02,1.0,1.001,1.0,1.0,1.0001428571428572,1.0007499999999998,1.0009599999999998,1.0004258059629296,1.0006859282251466,-0.0002601222622169441,-0.0001637177761470212,-9.640448606992291e-05,40.00000000000089,1.0007499999999998,0.0005501196042538122,1.0018502392085074,0.9996497607914921,0.0,0.0006896519818696234,0.0006145113204350456,0.0,0.0,0.0,0.0,0.0,0,0.0,0.0,0.3333333333333333,0.0
USDT,2020-11-03,1.0,1.001,0.9997,1.0,1.0001428571428572,1.0006999999999997,1.00094,1.0003602973532482,1.0006351187269875,-0.00027482137373935345,-0.00018593849566548768,-8.888287807386577e-05,40.00000000000089,1.0006999999999997,0.0005712405706099469,1.0018424811412197,0.9995575188587799,0.0,0.0005770619339138594,0.0006145113204350456,0.0,0.0,0.0,0.0,0.0,0,0.0,0.0,0.3333333333333333,0.0
USDT,2020-11-04,1.0,1.001,1.0,1.001,1.0002857142857142,1.0007,1.00094,1.0004587131450562,1.0006621469694328,-0.00020343382437659763,-0.0001894375614077097,-1.3996262968887937e-05,39.99999999999822,1.0007,0.0005712405706099469,1.0018424811412199,0.9995575188587801,0.0009999999999998899,0.0006897898570966141,0.0006428394641701904,0.0,0.0,0.0,0.0,0.0,0,0.0,0.0,0.3333333333333333,0.0
USDT,2020-11-05,1.001,1.001,1.0,1.001,1.0004285714285714,1.0007,1.00094,1.0005419880458168,1.0006871731198452,-0.00014518507402838665,-0.0001805870639318451,3.540198990345845e-05,50.0,1.0007,0.0005712405706099469,1.0018424811412199,0.9995575188587801,0.0,0.0006897898570966141,0.0006428394641701904,0.0,0.0,0.0,0.0,0.0,0,0.0,0.0,0.3333333333333333,0.0
USDT,2020-11-06,1.001,1.001,0.9994,1.0,1.0002857142857142,1.0006499999999998,1.00092,1.0004586052695372,1.000636271407264,-0.0001776661377268507,-0.00018000287869084623,2.336740963995536e-06,39.99999999999999,1.0006499999999998,0.000587142948644071,1.001824285897288,0.9994757141027116,-0.0009990009990008542,0.0006896519818696234,0.0006428394641701904,0.0,0.0,0.0,0.0,0.0,0,0.0,0.0,0.3333333333333333,0.0
USDT,2020-11-07,1.0,1.002,0.9998,1.002,1.0005714285714284,1.0007,1.00094,1.0006957429203776,1.0007372883400594,-4.1545419681821016e-05,-0.0001523113868890412,0.00011076596720722019,57.14285714285851,1.0007,0.0006569466853600144,1.0020138933707199,0.9993861066292798,0.0020000000000000018,0.0009509647228202953,0.0006428394641701904,0.0,0.0,0.0,0.0,0.0,0,0.0,0.0,0.3333333333333333,0.0
USDT,2020-11-08,1.002,1.002,1.0,1.001,1.0007142857142857,1.0007,1.00094,1.000742551701858,1.000756748463018,-1.4196761159990245e-05,-0.00012468846174323102,0.00011049170058324078,50.0,1.0007,0.0006569466853600144,1.0020138933707199,0.9993861066292798,-0.0009980039920161055,0.0010685114897944952,0.0006428394641701904,0.0,0.0,0.0,0.0,0.0,0,0.0,0.0,0.3333333333333333,0.0
USDT,2020-11-09,1.001,1.002,1.0,1.001,1.0008571428571427,1.0007,1.00094,1.0007821591323414,1.000774767095387,7.392036954323444e-06,-9.827236200372013e-05,0.00010566439895804357,50.0,1.0007,0.0006569466853600144,1.0020138933707199,0.9993861066292798,0.0,0.0010685114897944952,0.0006428394641701904,0.0,0.0,0.0,0.0,0.0,0,0.0,0.0,0.3333333333333333,0.0
USDT,2020-11-10,1.001,1.001,1.0,1.001,1.001,1.0006499999999998,1.00094,1.000815673111981,1.0007914510142473,2.42220977337837e-05,-7.377347005621937e-05,9.799556779000307e-05,57.14285714285669,1.0006499999999998,0.0005871429486440711,1.001824285897288,0.9994757141027116,0.0,0.0010685114897944952,0.0006428394641701904,0.0,0.0,0.0,0.0,0.0,0,0.0,0.0,0.3333333333333333,0.0
USDT,2020-11-11,1.001,1.002,1.001,1.001,1.001,1.0006499999999998,1.00094,1.0008440310947533,1.000806899087266,3.7132007487228336e-05,-5.1592374547529835e-05,8.872438203475817e-05,57.14285714285669,1.0006499999999998,0.0005871429486440711,1.001824285897288,0.9994757141027116,0.0,0.0009995010157279112,0.0006428394641701904,0.0,0.0,0.0,0.0,0.0,0,0.0,0.0,0.3333333333333333,0.0
USDT,2020-11-12,1.001,1.002,1.0,1.001,1.001,1.0006499999999998,1.00094,1.000868026310945,1.0008212028585797,4.6823452365396534e-05,-3.190920916494456e-05,7.873266153034109e-05,57.14285714285669,1.0006499999999998,0.0005871429486440711,1.001824285897288,0.9994757141027116,0.0,0.0009995010157279112,0.0006428394641701904,0.0,0.0,0.0,0.0,0.0,0,0.0,0.0,0.3333333333333333,0.0
USDT,2020-11-13,1.001,1.001,1.0,1.0,1.001,1.0006,1.0009199999999998,1.0007344838015688,1.0007603730172034,-2.588921563462243e-05,-3.070521045888014e-05,4.815994824257708e-06,42.85714285714331,1.0006,0.000598243041647292,1.0017964860832944,0.9994035139167053,-0.0009990009990008542,0.0009995010157279112,0.0006682238394639567,0.0,0.0,0.0,0.0,0.0,0,0.0,0.0,0.3333333333333333,0.0
USDT,2020-11-14,1.0,1.0,0.9991,0.9999,1.0007,1.000545,1.000878,1.0006061016782506,1.0006966416825958,-9.054000434516318e-05,-4.267216923613675e-05,-4.7867835109026434e-05,49.180327868852515,1.000545,0.0006099827435311966,1.0017649654870624,0.9993250345129376,-9.999999999998899e-05,0.0004788546557562493,0.0006683024424426714,0.0,0.0,0.0,0.0,0.0,0,0.0,0.0,0.3333333333333333,0.0
USDT,2020-11-15,0.9999,1.001,0.9999,1.001,1.0007,1.000545,1.000858,1.000666701420058,1.0007191126690702,-5.241124901211869e-05,-4.461998519133314e-05,-7.791263820785551e-06,56.94444444444401,1.000545,0.0006099827435311966,1.0017649654870624,0.9993250345129376,0.0011001100110010764,0.0006080357523219332,0.0006998098084625095,0.0,0.0,0.0,0.0,0.0,0,0.0,0.0,0.3333333333333333,0.0
USDT,2020-11-16,1.0,1.001,1.0,1.0,1.000557142857143,1.000545,1.0008179999999998,1.0005641319708183,1.0006658450639538,-0.0001017130931355581,-5.603860678017813e-05,-4.5674486355379964e-05,50.0,1.000545,0.0006099827435311966,1.0017649654870624,0.9993250345129376,-0.0009990009990008542,0.0007157737701339119,0.0007231990305992096,0.0,0.0,0.0,0.0,0.0,0,0.0,0.0,0.3333333333333333,0.0
USDT,2020-11-17,1.0,1.001,0.9996,1.001,1.000557142857143,1.000595,1.0008179999999998,1.0006311885906924,1.0006905972814388,-5.940869074638755e-05,-5.671262357342002e-05,-2.6960671729675287e-06,55.43478260869539,1.000595,0.0006039126810666365,1.0018028253621332,0.9993871746378666,0.0009999999999998899,0.0008382767436333099,0.0007474158184066858,0.0,0.0,0.0,0.0,0.0,0,0.0,0.0,0.3333333333333333,0.0
USDT,2020-11-18,1.001,1.001,0.9998,1.0,1.0004142857142857,1.000595,1.0007979999999999,1.0005340826536628,1.0006394419272582,-0.00010535927359534014,-6.644195357780405e-05,-3.891732001753609e-05,44.565217391304614,1.000595,0.0006039126810666365,1.0018028253621332,0.9993871746378666,-0.0009990009990008542,0.0009194455050619766,0.0007693606239622607,0.0,0.0,0.0,0.0,0.0,0,0.0,0.0,0.3333333333333333,0.0
USDT,2020-11-19,1.0,1.001,0.9998,1.0,1.0002714285714285,1.000545,1.000778,1.0004519160915608,1.0005920758585725,-0.00014015976701164945,-8.118551626457314e-05,-5.897425074707631e-05,44.565217391304614,1.000545,0.000609982743531182,1.0017649654870624,0.9993250345129376,0.0,0.0009194455050619766,0.0007693606239622607,0.0,0.0,0.0,0.0,0.0,0,0.0,0.0,0.3333333333333333,0.0
USDT,2020-11-20,1.0,1.001,1.0,1.0,1.0002714285714285,1.000545,1.0007579999999998,1.000382390539013,1.0005482183875671,-0.00016582784855412314,-9.811398272248314e-05,-6.771386583164e-05,50.0,1.000545,0.000609982743531182,1.0017649654870624,0.9993250345129376,0.0,0.0008382767436333099,0.0007443648844577537,0.0,0.0,0.0,0.0,0.0,0,0.0,0.0,0.3333333333333333,0.0
USDT,2020-11-21,1.0,1.001,0.9985,0.9985,1.0000714285714285,1.00047,1.000708,1.0000927919945495,1.0003964985070066,-0.00030370651245714697,-0.00013923248866941592,-0.00016447402378773105,27.2727272727261,1.00047,0.0007554016011267797,1.0019808032022535,0.9989591967977464,-0.0014999999999999458,0.0010146502351958847,0.000771189999939729,0.0,0.0,0.0,0.0,0.0,0,0.0,0.0,0.3333333333333333,0.0
USDT,2020-11-22,0.9985,1.001,0.9977,0.9998,0.9999,1.00046,1.000684,1.000047747072311,1.0003523134324135,-0.00030456636010245397,-0.00017229926295602354,-0.00013226709714643043,42.50000000000021,1.00046,0.0007632341160004721,1.0019864682320008,0.9989335317679989,0.0013019529293940568,0.0010596167162173365,0.0008116002557392749,0.0,0.0,0.0,0.0,0.0,0,0.0,0.0,0.3333333333333333,0.0
USDT,2020-11-23,0.9998,1.001,0.9987,0.9999,0.9998857142857143,1.000455,1.000662,1.0000250167534939,1.0003188087337163,-0.00029379198022239095,-0.00019659780640929705,-9.71941738130939e-05,43.20987654321006,1.000455,0.0007667257795914954,1.001988451559183,0.9989215484408172,0.00010002000400088917,0.0009959705071584139,0.0008119741668235877,0.0,0.0,0.0,0.0,0.0,0,0.0,0.0,0.3333333333333333,0.0
USDT,2020-11-24,0.9998,1.001,0.999,0.9994,0.9996571428571429,1.000375,1.00063,0.9999288603298794,1.000250748827515,-0.0003218884976355918,-0.000221655944654556,-0.00010023255298103578,40.697674418604365,1.000375,0.0007899866754611136,1.0019549733509223,0.9987950266490778,-0.0005000500050005297,0.0008980310563333578,0.0008163235466678494,0.0,0.0,0.0,0.0,0.0,0,0.0,0.0,0.3333333333333333,0.0
USDT,2020-11-25,0.9993,1.001,0.9992,1.0,0.9996571428571429,1.000325,1.00061,0.9999398048945133,1.0002321748402916,-0.00029236994577830355,-0.00023579874487930554,-5.657120089899801e-05,44.565217391304614,1.000325,0.0007799291466037014,1.0018848582932074,0.9987651417067925,0.0006003602161297472,0.000872311783279895,0.000824980565974895,0.0,0.0,0.0,0.0,0.0,0,0.0,0.0,0.3333333333333333,0.0
USDT,2020-11-26,1.0,1.01,0.9997,1.002,0.9999428571428571,1.000425,1.00065,1.0002567579876651,1.0003631248521219,-0.00010636686445675281,-0.000209912368794795,0.0001035455043380422,54.46428571428643,1.000425,0.0008601560446164614,1.0021453120892327,0.9987046879107669,0.0020000000000000018,0.0011541832507630135,0.0008835127640186482,0.0,0.0,0.0,0.0,0.0,0,0.0,0.0,0.3333333333333333,0.0
USDT,2020-11-27,1.002,1.003,1.001,1.001,1.0000857142857142,1.000375,1.00063,1.0003711029126396,1.0004103007890017,-3.919787636208483e-05,-0.00017576947030825297,0.00013657159394616814,54.46428571428536,1.000375,0.0007899866754611136,1.0019549733509223,0.9987950266490778,-0.0009980039920161055,0.0012528299580359863,0.0009046575357353602,0.0,0.0,0.0,0.0,0.0,0,0.0,0.0,0.3333333333333333,0.0
USDT,2020-11-28,1.001,1.002,1.001,1.001,1.0004428571428572,1.0003749999999998,1.0006300000000001,1.000467856310695,1.0004539822120386,1.387409865638567e-05,-0.00013784075651532526,0.00015171485517171093,54.95495495495455,1.0003749999999998,0.0007899866754611136,1.001954973350922,0.9987950266490776,0.0,0.0010340586298667501,0.0009046575357353602,0.0,0.0,0.0,0.0,0.0,0,0.0,0.0,0.3333333333333333,0.0
USDT,2020-11-29,1.001,1.001,1.001,1.001,1.0006142857142857,1.000375,1.00063,1.000549724570588,1.00049442797411,5.5296596478182636e-05,-9.921328591662368e-05,0.0001545098823948063,50.0,1.000375,0.0007899866754611136,1.0019549733509223,0.9987950266490778,0.0,0.0009495600511925626,0.000886057608146733,0.0,0.0,0.0,0.0,0.0,0,0.0,0.0,0.3333333333333333,0.0
USDT,2020-11-30,1.001,1.001,0.9998,1.0,1.0006285714285714,1.000325,1.00061,1.0004651515597285,1.0004578036797314,7.347879997121609e-06,-7.790105273387462e-05,8.524893273099623e-05,50.0,1.000325,0.0007799291466037014,1.0018848582932074,0.9987651417067925,-0.0009990009990008542,0.0010490450255486378,0.000886057608146733,0.0,0.0,0.0,0.0,0.0,0,0.0,0.0,0.3333333333333333,0.0
USDT,2020-12-01,1.0,1.002,0.9996,1.001,1.0008571428571427,1.000325,1.00061,1.000547435935155,1.0004979663701217,4.9469565033266605e-05,-5.242692918044638e-05,0.00010189649421371298,50.0,1.000325,0.0007799291466037014,1.0018848582932074,0.9987651417067925,0.0009999999999998899,0.0010791352743493034,0.0009046575357353602,0.0,0.0,0.0,0.0,0.0,0,0.0,0.0,0.3333333333333333,0.0
USDT,2020-12-02,1.001,1.002,1.0,1.001,1.001,1.000325,1.00061,1.0006170611759002,1.000535154046409,8.190712949129875e-05,-2.5560117446097358e-05,0.0001074672469373961,55.55555555555501,1.000325,0.0007799291466037014,1.0018848582932074,0.9987651417067925,0.0,0.0010685114897944952,0.0009046575357353602,0.0,0.0,0.0,0.0,0.0,0,0.0,0.0,0.3333333333333333,0.0
USDT,2020-12-03,1.001,1.001,1.0,1.001,1.0008571428571427,1.000375,1.00061,1.0006759748411462,1.0005695870800082,0.00010638776113802706,8.294582707275255e-07,0.00010555830286729954,55.55555555555501,1.000375,0.0007899866754611136,1.0019549733509223,0.9987950266490778,0.0,0.0006894457020730097,0.0009046575357353602,0.0,0.0,0.0,0.0,0.0,0,0.0,0.0,0.3333333333333333,0.0
USDT,2020-12-04,1.001,1.001,0.9999,1.0,1.0007142857142857,1.00038,1.0005899999999999,1.000571978711739,1.000527395444452,4.4583267287068296e-05,9.58022007399568e-06,3.5003047213072614e-05,50.0,1.00038,0.0007871333733276037,1.0019542667466552,0.9988057332533449,-0.0009990009990008542,0.0006896519818696235,0.0009046496485813006,0.0,0.0,0.0,0.0,0.0,0,0.0,0.0,0.3333333333333333,0.0
USDT,2020-12-05,1.0,1.001,1.0,1.0,1.0005714285714284,1.00033,1.00057,1.000483981986856,1.0004883291152333,-4.347128377268916e-06,6.794750383742761e-06,-1.1141878761011678e-05,58.823529411764554,1.00033,0.0007773775077215769,1.001884755015443,0.9987752449845568,0.0,0.0006896519818696235,0.0009046496485813006,0.0,0.0,0.0,0.0,0.0,0,0.0,0.0,0.3333333333333333,0.0
USDT,2020-12-06,1.0,1.001,1.0,1.001,1.0005714285714284,1.0003799999999998,1.00057,1.0005633693734937,1.000526230662253,3.7138711240558564e-05,1.2863542555105923e-05,2.427516868545264e-05,57.31707317073111,1.0003799999999998,0.0007871333733276037,1.001954266746655,0.9988057332533447,0.0009999999999998899,0.0008160887841531434,0.0009046575357353602,0.0,0.0,0.0,0.0,0.0,0,0.0,0.0,0.3333333333333333,0.0
USDT,2020-12-07,1.001,1.001,1.0,1.001,1.0007142857142857,1.00038,1.00057,1.0006305433160332,1.0005613246872713,6.921862876185791e-05,2.4134559796456324e-05,4.508406896540159e-05,56.79012345678957,1.00038,0.0007871333733276037,1.0019542667466552,0.9988057332533449,0.0,0.0006897898570966143,0.0008249403282241312,0.0,0.0,0.0,0.0,0.0,0,0.0,0.0,0.3333333333333333,0.0
USDT,2020-12-08,1.001,1.001,0.9995,0.9999,1.000557142857143,1.000375,1.000548,1.0005181520366435,1.0005123376733993,5.814363244205367e-06,2.0470520486006134e-05,-1.4656157241800767e-05,52.87356321839126,1.000375,0.0007899866754611136,1.0019549733509223,0.9987950266490778,-0.001098901098900984,0.0007110307295553927,0.0008292051075176065,0.0,0.0,0.0,0.0,0.0,0,0.0,0.0,0.3333333333333333,0.0
USDT,2020-12-09,0.9997,1.002,0.9995,1.0,1.0004142857142857,1.000375,1.0005279999999999,1.0004384363386984,1.000474386734629,-3.595039593062843e-05,9.186337202679221e-06,-4.513673313330765e-05,50.0,1.000375,0.0007899866754611136,1.0019549733509223,0.9987950266490778,0.00010001000100001711,0.0007156969915045757,0.0008295571101824859,0.0,0.0,0.0,0.0,0.0,0,0.0,0.0,0.3333333333333333,0.0
USDT,2020-12-10,1.0,1.001,0.9997,1.0,1.0002714285714285,1.000375,1.000488,1.0003709845942832,1.0004392469765084,-6.826238222523706e-05,-6.3034066829040365e-06,-6.195897554233302e-05,33.870967741934265,1.000375,0.0007899866754611136,1.0019549733509223,0.9987950266490778,0.0,0.0007156969915045757,0.0008295571101824859,0.0,0.0,0.0,0.0,0.0,0,0.0,0.0,0.3333333333333333,0.0
USDT,2020-12-11,1.0,1.001,0.9996,1.001,1.0004142857142857,1.0005000000000002,1.0004879999999998,1.0004677561951627,1.0004807842375079,-1.3028042345153423e-05,-7.648333815353915e-06,-5.379708529799509e-06,50.0,1.0005000000000002,0.0006657010551098347,1.00183140211022,0.9991685978897805,0.0009999999999998899,0.0007158225429267426,0.0008507485298024134,0.0,0.0,0.0,0.0,0.0,0,0.0,0.0,0.3333333333333333,0.0
USDT,2020-12-12,1.001,1.001,1.0,1.0,1.0004142857142857,1.00051,1.000468,1.0003957937035992,1.000445170590285,-4.937688668582574e-05,-1.599404438944828e-05,-3.338284229637746e-05,43.05555555555556,1.00051,0.0006560648235266651,1.0018221296470533,0.9991978703529467,-0.0009990009990008542,0.0008382111892517591,0.0008700942048984938,0.0,0.0,0.0,0.0,0.0,0,0.0,0.0,0.3333333333333333,0.0
USDT,2020-12-13,1.001,1.001,0.9997,1.0,1.0002714285714285,1.000515,1.000448,1.000334902364584,1.0004121949910048,-7.729262642075518e-05,-2.8253760795709663e-05,-4.903886562504552e-05,43.05555555555556,1.000515,0.0006515366451992471,1.0018180732903985,0.9992119267096016,0.0,0.0007156969915045756,0.0008507485298024134,0.0,0.0,0.0,0.0,0.0,0,0.0,0.0,0.3333333333333333,0.0
USDT,2020-12-14,1.0,1.001,0.9996,1.0,1.0001285714285715,1.000545,1.0004279999999999,1.0002833789238788,1.000381662028708,-9.82831048292887e-05,-4.2259629602425475e-05,-5.602347522686323e-05,50.0,1.000545,0.0006099827435312083,1.0017649654870624,0.9993250345129376,0.0,0.0007156969915045756,0.0008505376693137987,0.0,0.0,0.0,0.0,0.0,0,0.0,0.0,0.3333333333333333,0.0
USDT,2020-12-15,1.0,1.001,0.9998,1.001,1.0002857142857142,1.000595,1.000428,1.000393628320205,1.0004274648413962,-3.38365211911551e-05,-4.0575007920171406e-05,6.738486729016306e-06,50.0,1.000595,0.0006039126810666819,1.0018028253621332,0.9993871746378665,0.0009999999999998899,0.0006873658163712447,0.0008462733072859546,0.0,0.0,0.0,0.0,0.0,0,0.0,0.0,0.3333333333333333,0.0
USDT,2020-12-16,1.001,1.002,0.9947,1.0,1.0002857142857142,1.000495,1.000428,1.0003330701170965,1.0003958007790705,-6.273066197404198e-05,-4.500613873094552e-05,-1.7724523243096456e-05,43.05555555555556,1.000495,0.0005185759854342478,1.0015321519708684,0.9994578480291314,-0.0009990009990008542,0.0008160887841531434,0.0008462733072859546,0.0,0.0,0.0,0.0,0.0,0,0.0,0.0,0.3333333333333333,0.0
USDT,2020-12-17,1.0,1.0,0.9973,0.9998,1.0002571428571427,1.000435,1.000424,1.0002510593298508,1.0003516673880282,-0.00010060805817735385,-5.612652262022719e-05,-4.4481535557126665e-05,41.89189189189189,1.000435,0.0005264328817475213,1.001487865763495,0.9993821342365049,-0.00019999999999997797,0.0008195939347782528,0.0008254989599376253,0.0,0.0,0.0,0.0,0.0,0,0.0,0.0,0.3333333333333333,0.0
USDT,2020-12-18,0.9998,1.001,0.9992,1.001,1.000257142857143,1.000435,1.0004439999999999,1.0003662809714122,1.000399692025952,-3.341105453968929e-05,-5.158342900411961e-05,1.8172374464430324e-05,56.57894736842105,1.000435,0.0005264328817475213,1.001487865763495,0.9993821342365049,0.0012002400480095599,0.0008637690132306221,0.00083496387596167,0.0,0.0,0.0,0.0,0.0,0,0.0,0.0,0.3333333333333333,0.0
USDT,2020-12-19,1.001,1.001,1.0,1.0,1.0002571428571427,1.000385,1.000424,1.0003099300527334,1.0003700852092148,-6.015515648138958e-05,-5.329777449957361e-05,-6.857381981815975e-06,50.0,1.000385,0.0005173566417613434,1.0014197132835227,0.9993502867164774,-0.0009990009990008542,0.0008637690132306221,0.0008560082341869465,0.0,0.0,0.0,0.0,0.0,0,0.0,0.0,0.3333333333333333,0.0
USDT,2020-12-20,1.0,1.001,0.9994,0.9998,1.0002285714285715,1.000375,1.00042,1.0002314792753897,1.000327856675199,-9.637739980927762e-05,-6.191369956151442e-05,-3.44637002477632e-05,42.30769230769231,1.000375,0.0005270324069091822,1.0014290648138184,0.9993209351861817,-0.00019999999999997797,0.0008670827576959805,0.0008567895392198688,0.0,0.0,0.0,0.0,0.0,0,0.0,0.0,0.3333333333333333,0.0
USDT,2020-12-21,0.9998,1.0,0.9982,0.9997,1.0001857142857142,1.0003099999999998,1.000414,1.0001497132330222,1.0002813487733324,-0.0001316355403102598,-7.58580677112635e-05,-5.577747259899632e-05,41.77215189873418,1.0003099999999998,0.0005260578315576591,1.0013621156631152,0.9992578843368844,-0.00010002000400077815,0.0008673636721517113,0.0008094465665725156,0.0,0.0,0.0,0.0,0.0,0,0.0,0.0,0.3333333333333333,0.0
USDT,2020-12-22,0.9997,1.0,0.9987,0.9997,1.0,1.000245,1.000408,1.000080526581788,1.0002382859012338,-0.00015775931944572719,-9.223831805815624e-05,-6.552100138757095e-05,48.529411764705884,1.000245,0.0005165421468880368,1.001278084293776,0.999211915706224,0.0,0.0007400428745992166,0.0007735810366064006,0.0,0.0,0.0,0.0,0.0,0,0.0,0.0,0.3333333333333333,0.0
USDT,2020-12-23,0.9997,1.0,0.9989,0.9996,0.9999428571428571,1.000175,1.0004,1.000006599415359,1.0001910054641054,-0.00018440604874636612,-0.00011067186419579823,-7.37341845505679e-05,47.05882352941176,1.000175,0.0005035400993139556,1.001182080198628,0.9991679198013721,-0.00010003000900271619,0.0006475424976727437,0.0007735241940513793,0.0,0.0,0.0,0.0,0.0,0,0.0,0.0,0.3333333333333333,0.0
USDT,2020-12-24,0.9996,1.0,0.9991,0.9999,0.999957142857143,1.00017,1.000378,0.9999901995053039,1.0001694495038014,-0.00017924999849749934,-0.00012438749105613846,-5.486250744136088e-05,49.29577464788733,1.00017,0.0005058603926779356,1.001181720785356,0.9991582792146442,0.00030012004801927006,0.0006566575715106096,0.0007698202867962648,0.0,0.0,0.0,0.0,0.0,0,0.0,0.0,0.3333333333333333,0.0
USDT,2020-12-25,0.9999,1.0,0.9991,0.9992,0.9997,1.00013,1.000342,0.9998686303506418,1.0000976384294458,-0.00022900807880399388,-0.00014531160860570955,-8.369647019828433e-05,36.764705882352345,1.00013,0.0005497367791534717,1.001229473558307,0.999030526441693,-0.0007000700070007859,0.0004426886714058071,0.0007724452431412234,0.0,0.0,0.0,0.0,0.0,0,0.0,0.0,0.3333333333333333,0.0
USDT,2020-12-26,0.9991,1.0,0.9982,0.9983,0.9994571428571428,0.999995,1.000308,0.9996273026043891,0.9999644800272646,-0.0003371774228754232,-0.00018368477145965228,-0.0001534926514157709,37.31343283581966,0.999995,0.0006476475650070651,1.001290295130014,0.9986997048699858,-0.0009007205764611781,0.00041598686297124337,0.0006868521537488273,0.0,0.0,0.0,0.0,0.0,0,0.0,0.0,0.3333333333333333,0.0
USDT,2020-12-27,0.9983,0.9992,0.9963,0.9989,0.9993285714285713,0.9998900000000001,1.000246,0.9995154098960216,0.9998856296548746,-0.0003702197588529854,-0.00022099176893831891,-0.0001492279899146665,42.465753424657116,0.9998900000000001,0.0006463663618436323,1.0011827327236873,0.9985972672763128,0.000601021736952756,0.0005255263863940385,0.0006786093887746758,0.0,0.0,0.0,0.0,0.0,0,0.0,0.0,0.3333333333333333,0.0
USDT,2020-12-28,0.9989,0.9994,0.9972,0.9986,0.9991714285714286,0.9998250000000001,1.000198,0.999374577604326,0.9997903978285876,-0.00041582022426156495,-0.0002599574600029681,-0.00015586276425859683,40.7894736842102,0.9998250000000001,0.0007077577641188285,1.0012405155282378,0.9984094844717624,-0.00030033036339971453,0.0005291564116290063,0.0006797588032704168,0.0,0.0,0.0,0.0,0.0,0,0.0,0.0,0.3333333333333333,0.0
USDT,2020-12-29,0.9986,0.9991,0.9982,0.9988,0.9990428571428571,0.999765,1.000154,0.9992861810498144,0.99971703502647,-0.00043085397665565406,-0.0002941367633335053,-0.00013671721332214875,33.82352941176468,0.999765,0.0007421696500886559,1.0012493393001773,0.9982806606998227,0.00020028039254960106,0.0005442681255727406,0.0006815505799253551,0.0,0.0,0.0,0.0,0.0,0,0.0,0.0,0.3333333333333333,0.0
USDT,2020-12-30,0.9988,1.0,0.9983,1.0,0.9991000000000001,0.999765,1.0001339999999999,0.9993959993498429,0.9997379953948796,-0.00034199604503670766,-0.0003037086196741458,-3.828742536256187e-05,50.0,0.999765,0.0007421696500886559,1.0012493393001773,0.9982806606998227,0.0012014417300760805,0.0007420030058685492,0.0006967077671597517,0.0,0.0,0.0,0.0,0.0,0,0.0,0.0,0.3333333333333333,0.0
USDT,2020-12-31,1.0,1.001,0.9993,1.0,0.9991142857142857,0.9997149999999999,1.000114,0.9994889225267901,0.9997574031434071,-0.00026848061661699507,-0.00029666301906271567,2.8182402445720597e-05,51.47058823529403,0.9997149999999999,0.0006861601777375582,1.001087320355475,0.9983426796445248,0.0,0.0007342706332153655,0.000670660650401805,0.0,0.0,0.0,0.0,0.0,0,0.0,0.0,0.3333333333333333,0.0
USDT,2021-01-01,1.0,1.002,1.0,1.002,0.9995142857142857,0.9998149999999999,1.000134,0.9998752421380532,0.9999235214290807,-4.827929102746431e-05,-0.00024698627345566543,0.00019870698242820112,56.578947368421936,0.9998149999999999,0.0008548776459310587,1.001524755291862,0.9981052447081378,0.0020000000000000018,0.0009682409078272222,0.0007666057554641522,0.0,0.0,0.0,0.0,0.0,0,0.0,0.0,0.3333333333333333,0.0
USDT,2021-01-02,1.002,1.002,0.9989,1.001,0.9999,0.999865,1.000154,1.0000482818091219,1.000003260582482,4.5021226639851974e-05,-0.00018858477343656197,0.00023360600007641394,56.57894736842029,0.999865,0.0008945889970947765,1.0016541779941897,0.9980758220058105,-0.0009980039920161055,0.0009904694950172742,0.0007894271290552912,0.0,0.0,0.0,0.0,0.0,0,0.0,0.0,0.3333333333333333,0.0
USDT,2021-01-03,1.001,1.002,0.9988,1.001,1.0002,0.9999149999999999,1.000176,1.000194699992334,1.0000770931319278,0.00011760686040607204,-0.00012734644666803518,0.00024495330707410726,58.10810810810714,0.9999149999999999,0.0009297849213870426,1.001774569842774,0.9980554301572258,0.0,0.0009947990133503597,0.0007665594686207562,0.0,0.0,0.0,0.0,0.0,0,0.0,0.0,0.3333333333333333,0.0
USDT,2021-01-04,1.001,1.003,0.9993,0.9999,1.0003857142857142,0.99986,1.000154,1.0001493615319748,1.0000639751221554,8.538640981936574e-05,-8.4799875370555e-05,0.00017018628518992074,51.19047619047606,0.99986,0.0008940740579456882,1.0016481481158914,0.9980718518841086,-0.001098901098900984,0.0011138483581853557,0.0007939853359620699,0.0,0.0,0.0,0.0,0.0,0,0.0,0.0,0.3333333333333333,0.0
USDT,2021-01-05,0.9999,1.003,0.9997,1.003,1.0009857142857144,1.00001,1.000214,1.0005879212962863,1.0002814584464401,0.00030646284984614525,-6.547330327214954e-06,0.0003130101801733602,64.3478260869561,1.00001,0.0011373561216289794,1.002284712243258,0.9977352877567421,0.003100310031002973,0.0015670120586865617,0.0009605955538363509,0.0,0.0,0.0,0.0,0.0,0,0.0,0.0,0.3333333333333333,0.0
USDT,2021-01-06,1.003,1.003,0.9989,1.002,1.0012714285714286,1.0001200000000001,1.0002339999999998,1.0008051641737807,1.0004087578207779,0.000396406353002865,7.404340633880104e-05,0.00032236294666406395,59.67741935483874,1.0001200000000001,0.00121940451387524,1.0025588090277506,0.9976811909722496,-0.0009970089730806375,0.001644914157852168,0.0009800426736333815,0.0,0.0,0.0,0.0,0.0,0,0.0,0.0,0.3333333333333333,0.0
USDT,2021-01-07,1.002,1.002,0.9982,1.001,1.0014142857142858,1.00012,1.000254,1.000835138916276,1.0004525535377573,0.0003825853785186517,0.00013575180077477118,0.00024683357774388053,54.19847328244232,1.00012,0.00121940451387524,1.0025588090277504,0.9976811909722494,-0.0009980039920161055,0.001715628739525864,0.0009761872436903347,0.0,0.0,0.0,0.0,0.0,0,0.0,0.0,0.3333333333333333,0.0
USDT,2021-01-08,1.0,1.001,0.9988,0.9997,1.0010857142857141,1.000105,1.000248,1.0006605021599257,1.0003968088312567,0.0002636933286690457,0.0001613401063536261,0.00010235322231541961,51.82481751824842,1.000105,0.001222798774183041,1.0025505975483662,0.997659402451634,-0.0012987012987011326,0.0015675257713301473,0.001006025464042295,0.0,0.0,0.0,0.0,0.0,0,0.0,0.0,0.3333333333333333,0.0
USDT,2021-01-09,0.9996,1.003,0.9996,1.003,1.0013714285714286,1.000265,1.000308,1.0010204249045525,1.0005896378067192,0.00043078709783328506,0.0002152295046495579,0.00021555759318372716,64.59627329192563,1.000265,0.0013800362314221946,1.0030250724628444,0.9975049275371556,0.003300990297089079,0.002033728292012769,0.001173656989342648,0.0,0.0,0.0,0.0,0.0,0,0.0,0.0,0.3333333333333333,0.0
USDT,2021-01-10,1.003,1.003,0.998,1.001,1.0013714285714284,1.0003300000000002,1.0003579999999999,1.0010172826115444,1.0006200350062215,0.0003972476053228924,0.0002516331247842248,0.00014561448053866758,55.99999999999982,1.0003300000000002,0.0013826366878410838,1.0030952733756824,0.9975647266243179,-0.001994017946161497,0.002212418872964266,0.0012208797488844172,0.0,0.0,0.0,0.0,0.0,0,0.0,0.0,0.3333333333333333,0.0
USDT,2021-01-11,1.0,1.002,0.9965,1.001,1.0015285714285713,1.000395,1.000382,1.0010146237482298,1.0006481805613163,0.00036644318691347877,0.0002745951372100756,9.184804970340318e-05,56.976744186046254,1.000395,0.0013820179753708927,1.0031590359507416,0.9976309640492581,0.0,0.002159632801175803,0.0012062075880175359,0.0,0.0,0.0,0.0,0.0,0,0.0,0.0,0.3333333333333333,0.0
USDT,2021-01-12,1.001,1.001,0.9988,1.0,1.0010999999999999,1.0004149999999998,1.000384,1.0008585277869637,1.000600167186404,0.0002583606005597261,0.0002713482298800057,-1.2987629320279593e-05,53.33333333333338,1.0004149999999998,0.0013727709204516632,1.003160541840903,0.9976694581590965,-0.0009990009990008542,0.0017451737482064057,0.0012208797488844172,0.0,0.0,0.0,0.0,0.0,0,0.0,0.0,0.3333333333333333,0.0
USDT,2021-01-13,1.0,1.001,0.9993,1.0,1.0008142857142857,1.0004199999999999,1.000396,1.0007264465889694,1.0005557103577816,0.0001707362311877958,0.0002512258301415637,-8.048959895376793e-05,50.0,1.0004199999999999,0.001370977369399699,1.0031619547387993,0.9976780452612005,0.0,0.0017314866244665628,0.0012208797488844172,0.0,0.0,0.0,0.0,0.0,0,0.0,0.0,0.3333333333333333,0.0
USDT,2021-01-14,1.0,1.001,0.9989,0.999,1.0005285714285714,1.00041,1.000376,1.0004608394214356,1.0004404725535014,2.036686793416287e-05,0.00020505403770008357,-0.0001846871697659207,47.191011235954974,1.00041,0.0013810369864462161,1.0031720739728924,0.9976479260271076,-0.0010000000000000009,0.0017316239437744829,0.001219036069346151,0.0,0.0,0.0,0.0,0.0,0,0.0,0.0,0.3333333333333333,0.0
USDT,2021-01-15,0.999,1.0,0.9985,0.9996,1.0005142857142857,1.000475,1.0003279999999999,1.0003284025873687,1.0003782153273162,-4.9812739947530105e-05,0.00015408068217056083,-0.00020389342211809094,42.682926829268204,1.000475,0.0013050005041481943,1.0030850010082963,0.9978649989917037,0.0006006006006007425,0.0016946078422027126,0.0012117787436911,0.0,0.0,0.0,0.0,0.0,0,0.0,0.0,0.3333333333333333,0.0
USDT,2021-01-16,0.9996,1.002,0.9993,1.001,1.0002285714285715,1.0005799999999998,1.000328,1.000431725266235,1.0004242734512188,7.451815016157326e-06,0.00012475490873968014,-0.00011730309372352281,50.0,1.0005799999999998,0.0012551368136940312,1.003090273627388,0.9980697263726117,0.0014005602240894088,0.0011350194601484334,0.0012381913934944716,0.0,0.0,0.0,0.0,0.0,0,0.0,0.0,0.3333333333333333,0.0
USDT,2021-01-17,1.001,1.001,0.999,1.0,1.0000857142857142,1.0006499999999998,1.000308,1.0003653059945066,1.0003928457881655,-2.7539793658881706e-05,9.429596825996777e-05,-0.00012183576191884948,47.19101123595524,1.0006499999999998,0.0011754058649699139,1.0030008117299396,0.99829918827006,-0.0009990009990008542,0.0009288290090532686,0.0012322638762251694,0.0,0.0,0.0,0.0,0.0,0,0.0,0.0,0.3333333333333333,0.0
USDT,2021-01-18,1.0,1.001,0.9998,1.001,1.0000857142857142,1.00076,1.000308,1.000462951226121,1.0004378201742272,2.513105189372311e-05,8.046298498671885e-05,-5.5331933092995735e-05,53.10734463276816,1.00076,0.00109323277245693,1.0029464655449138,0.9985735344550862,0.0009999999999998899,0.0010261818056351078,0.001232250769215019,0.0,0.0,0.0,0.0,0.0,0,0.0,0.0,0.3333333333333333,0.0
USDT,2021-01-19,1.001,1.003,1.0,1.001,1.0002285714285715,1.00081,1.0003279999999999,1.00054557411441,1.0004794631242844,6.611099012565624e-05,7.759258601450633e-05,-1.1481595888850085e-05,43.15068493150651,1.00081,0.0010794247981095126,1.002968849596219,0.9986511504037809,0.0,0.0009288719068877489,0.0012314816315710602,0.0,0.0,0.0,0.0,0.0,0,0.0,0.0,0.3333333333333333,0.0
USDT,2021-01-20,1.001,1.001,0.9986,1.001,1.0003714285714285,1.0008599999999999,1.000328,1.000615485789116,1.0005180214113745,9.746437774160732e-05,8.156694435992653e-05,1.589743338168079e-05,46.32352941176413,1.0008599999999999,0.0010629650685130387,1.0029859301370259,0.9987340698629738,0.0,0.0009288719068877489,0.001231222839421493,0.0,0.0,0.0,0.0,0.0,0,0.0,0.0,0.3333333333333333,0.0
USDT,2021-01-21,1.001,1.001,0.998,0.9997,1.0004714285714287,1.000745,1.000302,1.0004746418215598,1.0004574272327542,1.7214588805547493e-05,6.869647324905073e-05,-5.1481884443503235e-05,45.32374100719447,1.000745,0.0010575418369403432,1.0028600836738806,0.9986299163261193,-0.0012987012987011326,0.0009946711908823025,0.0012554186491555337,0.0,0.0,0.0,0.0,0.0,0,0.0,0.0,0.3333333333333333,0.0
USDT,2021-01-22,0.9997,1.002,0.9988,1.001,1.0006714285714284,1.0007449999999998,1.000302,1.0005554661567044,1.0004976178081058,5.7848348598676935e-05,6.652684831897597e-05,-8.678499720299036e-06,54.67625899280553,1.0007449999999998,0.0010575418369403432,1.0028600836738804,0.9986299163261191,0.0013003901170349774,0.00108442847716794,0.0012773856341376257,0.0,0.0,0.0,0.0,0.0,0,0.0,0.0,0.3333333333333333,0.0
USDT,2021-01-23,1.001,1.002,1.0,1.001,1.0006714285714284,1.000745,1.000322,1.00062385597875,1.0005348313038016,8.902467494831257e-05,7.102641364484329e-05,1.7998261303469272e-05,40.566037735848404,1.000745,0.0010575418369403432,1.0028600836738806,0.9986299163261193,0.0,0.000946541202104032,0.001276513431852766,0.0,0.0,0.0,0.0,0.0,0,0.0,0.0,0.3333333333333333,0.0
USDT,2021-01-24,1.001,1.004,1.0,1.001,1.0008142857142857,1.0008000000000001,1.000342,1.0006817242897115,1.0005692882442607,0.00011243604545074781,7.93083400060242e-05,3.3127705444723615e-05,50.0,1.0008000000000001,0.0010397368088203315,1.0028794736176407,0.9987205263823594,0.0,0.0008400693870059019,0.0012689427713472351,0.0,0.0,0.0,0.0,0.0,0,0.0,0.0,0.3333333333333333,0.0
USDT,2021-01-25,1.001,1.002,0.9996,0.9999,1.000657142857143,1.000645,1.0003199999999999,1.0005614590143712,1.0005197113372784,4.1747677092862645e-05,7.179620742339189e-05,-3.004853033052924e-05,44.32989690721663,1.000645,0.0009185085164407333,1.0024820170328814,0.9988079829671186,-0.001098901098900984,0.000857636386844371,0.0012746239751847608,0.0,0.0,0.0,0.0,0.0,0,0.0,0.0,0.3333333333333333,0.0
USDT,2021-01-26,0.9999,1.002,0.9999,1.001,1.000657142857143,1.000595,1.0003199999999999,1.0006289268583142,1.0005552882752577,7.363858305642346e-05,7.21646825499982e-05,1.4739005064252507e-06,55.10204081632641,1.000595,0.0008666177449296224,1.002328235489859,0.9988617645101406,0.0011001100110010764,0.0009828075414896698,0.001285220567937794,0.0,0.0,0.0,0.0,0.0,0,0.0,0.0,0.3333333333333333,0.0
USDT,2021-01-27,1.001,1.002,1.0,1.002,1.0008000000000001,1.000645,1.000362,1.0008398611878042,1.000662303958572,0.00017755722923218364,9.324319188643529e-05,8.431403734574835e-05,59.2592592592599,1.000645,0.0009185085164407485,1.0024820170328814,0.9988079829671185,0.0009990009990010762,0.001052779497742487,0.001294144633534966,0.0,0.0,0.0,0.0,0.0,0,0.0,0.0,0.3333333333333333,0.0
USDT,2021-01-28,1.002,1.002,1.001,1.001,1.0009857142857141,1.00071,1.000382,1.000864497928142,1.0006873184801592,0.00017717944798278928,0.0001100304431057061,6.714900487708318e-05,59.259259259259295,1.00071,0.0008937796738013118,1.0024975593476027,0.9989224406523973,-0.0009980039920161055,0.0009883033699099241,0.001309790986072124,0.0,0.0,0.0,0.0,0.0,0,0.0,0.0,0.3333333333333333,0.0
USDT,2021-01-29,1.001,1.004,0.9999,1.001,1.0009857142857144,1.00061,1.000402,1.0008853444007355,1.0007104800742215,0.00017486432651403483,0.00012299721978737186,5.186710672666297e-05,56.86274509803892,1.00061,0.0007188441014174647,1.0020476882028349,0.999172311797165,0.0,0.0008575002361907798,0.0012923871162307038,0.0,0.0,0.0,0.0,0.0,0,0.0,0.0,0.3333333333333333,0.0
USDT,2021-01-30,1.001,1.001,0.9998,1.001,1.0009857142857141,1.0006099999999998,1.000402,1.0009029837236993,1.0007319259946494,0.00017105772904990602,0.0001326093216398787,3.844840741002733e-05,50.0,1.0006099999999998,0.0007188441014174647,1.0020476882028346,0.9991723117971648,0.0,0.0008575002361907798,0.0012923871162307038,0.0,0.0,0.0,0.0,0.0,0,0.0,0.0,0.3333333333333333,0.0
USDT,2021-01-31,1.001,1.002,1.0,1.001,1.0009857142857144,1.00061,1.0004220000000001,1.0009179093046687,1.000751783328379,0.0001661259762897327,0.0001393126525698495,2.681332371988319e-05,56.410256410256046,1.00061,0.0007188441014174647,1.0020476882028349,0.999172311797165,0.0,0.0008575002361907798,0.0012379186021364817,0.0,0.0,0.0,0.0,0.0,0,0.0,0.0,0.3333333333333333,0.0
USDT,2021-02-01,1.001,1.001,0.9995,1.001,1.0011428571428571,1.00066,1.000442,1.0009305386424119,1.000770169748499,0.00016036889391290998,0.0001435239008384616,1.6844993074448375e-05,50.0,1.00066,0.0007088909054479331,1.002077781810896,0.9992422181891042,0.0,0.0007107568457316406,0.0012244150578416889,0.0,0.0,0.0,0.0,0.0,0,0.0,0.0,0.3333333333333333,0.0
USDT,2021-02-02,1.001,1.002,1.0,1.001,1.0011428571428571,1.00071,1.000462,1.0009412250051177,1.0007871942115731,0.0001540307935445906,0.0001456252793796874,8.405514164903184e-06,50.0,1.00071,0.0006950198785762527,1.0021000397571524,0.9993199602428475,0.0,0.0005764857358865221,0.0012244150578416889,0.0,0.0,0.0,0.0,0.0,0,0.0,0.0,0.3333333333333333,0.0
USDT,2021-02-03,1.001,1.003,1.001,1.001,1.001,1.00081,1.0004619999999997,1.0009502673120227,1.0008029576033084,0.00014730970871434934,0.0001459621652466198,1.3475434677295449e-06,50.0,1.00081,0.0005683771913227224,1.0019467543826455,0.9996732456173545,0.0,0.00037721005290387253,0.0012066932175623245,0.0,0.0,0.0,0.0,0.0,0,0.0,0.0,0.3333333333333333,0.0
USDT,2021-02-04,1.001,1.002,1.0,1.001,1.001,1.00088,1.0004819999999999,1.0009579184947885,1.0008175533363965,0.00014036515839199737,0.00014484276387569532,-4.477605483697947e-06,61.81818181818087,1.00088,0.0004926833081626226,1.0018653666163253,0.9998946333836748,0.0,0.0,0.0010590569280645072,0.0,0.0,0.0,0.0,0.0,0,0.0,0.0,0.3333333333333333,0.0
USDT,2021-02-05,1.001,1.002,0.9999,1.0,1.0008571428571427,1.0008299999999999,1.000486,1.0008105464186672,1.0007569938299967,5.355258867045798e-05,0.00012658472883464786,-7.303214016418988e-05,40.3846153846162,1.0008299999999999,0.0005292497172364002,1.0018884994344728,0.9997715005655271,-0.0009990009990008542,0.0003775868861234492,0.0010591173748059081,0.0,0.0,0.0,0.0,0.0,0,0.0,0.0,0.3333333333333333,0.0
USDT,2021-02-06,1.0,1.003,1.0,1.001,1.0008571428571427,1.00088,1.000486,1.0008396931234875,1.000774994287034,6.469883645343621e-05,0.00011420755035840554,-4.950871390496932e-05,50.0,1.00088,0.0004926833081626226,1.0018653666163253,0.9998946333836748,0.0009999999999998899,0.0005770619339138596,0.0010613108330859266,0.0,0.0,0.0,0.0,0.0,0,0.0,0.0,0.3333333333333333,0.0
USDT,2021-02-07,1.001,1.002,1.0,1.001,1.0008571428571427,1.00088,1.000506,1.000864355719874,1.0007916613768835,7.269434299050914e-05,0.00010590490888482627,-3.3210565894317126e-05,50.0,1.00088,0.0004926833081626226,1.0018653666163253,0.9998946333836748,0.0,0.0005770619339138596,0.0010325859845544331,0.0,0.0,0.0,0.0,0.0,0,0.0,0.0,0.3333333333333333,0.0
USDT,2021-02-08,1.001,1.003,1.0,1.001,1.0008571428571427,1.00088,1.00053,1.0008852240706625,1.0008070938674847,7.813020317781749e-05,0.00010034996774342452,-2.221976456560703e-05,60.784313725489255,1.00088,0.0004926833081626226,1.0018653666163253,0.9998946333836748,0.0,0.0005770619339138596,0.0008294247717782143,0.0,0.0,0.0,0.0,0.0,0,0.0,0.0,0.3333333333333333,0.0
USDT,2021-02-09,1.001,1.003,1.0,1.001,1.0008571428571427,1.00088,1.000556,1.0009028819059451,1.0008213832106339,8.149869531126619e-05,9.657971325699287e-05,-1.5081017945726678e-05,50.0,1.00088,0.0004926833081626226,1.0018653666163253,0.9998946333836748,0.0,0.0005770619339138596,0.0007452325949004186,0.0,0.0,0.0,0.0,0.0,0,0.0,0.0,0.3333333333333333,0.0
USDT,2021-02-10,1.001,1.002,1.0,1.001,1.0008571428571427,1.000945,1.0005819999999999,1.0009178231511844,1.0008346140839202,8.320906726422272e-05,9.390558405843885e-05,-1.0696516794216125e-05,33.33333333333087,1.000945,0.0004071402190049404,1.0017592804380098,1.0001307195619902,0.0,0.0005770619339138596,0.0007452325949004186,0.0,0.0,0.0,0.0,0.0,0,0.0,0.0,0.3333333333333333,0.0
USDT,2021-02-11,1.001,1.001,1.0,1.001,1.0008571428571427,1.000945,1.00061,1.0009304657433098,1.0008468648925186,8.360085079117674e-05,9.184463740498643e-05,-8.243786613809688e-06,50.0,1.000945,0.0004071402190049404,1.0017592804380098,1.0001307195619902,0.0,0.0005770619339138596,0.0007209660887010007,0.0,0.0,0.0,0.0,0.0,0,0.0,0.0,0.3333333333333333,0.0
USDT,2021-02-12,1.001,1.002,1.0,1.002,1.0011428571428571,1.000995,1.0006519999999999,1.0010950094751083,1.0009322823078877,0.0001627271672206554,0.00010602114336812023,5.670602385253516e-05,66.66666666666913,1.000995,0.0004706937769032858,1.0019363875538065,1.0000536124461936,0.0009990009990010762,0.0004877063904509202,0.0007421227086396303,0.0,0.0,0.0,0.0,0.0,0,0.0,0.0,0.3333333333333333,0.0
USDT,2021-02-13,1.002,1.002,0.9998,1.001,1.0011428571428571,1.0009949999999999,1.000688,1.001080392632784,1.0009372984332292,0.00014309419955482738,0.00011343575460546167,2.9658444949365716e-05,50.0,1.0009949999999999,0.0004706937769032858,1.0019363875538063,1.0000536124461934,-0.0009980039920161055,0.0005764857358865221,0.0007420238452553122,0.0,0.0,0.0,0.0,0.0,0,0.0,0.0,0.3333333333333333,0.0
USDT,2021-02-14,1.001,1.001,1.0,1.001,1.0011428571428571,1.0010499999999998,1.0007419999999998,1.0010680245354326,1.0009419429937307,0.00012608154170190566,0.00011596491202475047,1.0116629677155194e-05,50.0,1.0010499999999998,0.00039403446287239745,1.0018380689257447,1.0002619310742549,0.0,0.0005764857358865221,0.0007351997037792506,0.0,0.0,0.0,0.0,0.0,0,0.0,0.0,0.3333333333333333,0.0
USDT,2021-02-15,1.001,1.001,0.9996,0.9999,1.0009857142857144,1.000995,1.000762,1.0008883284530583,1.000864762031232,2.356642182621549e-05,9.748521398504348e-05,-7.391879215882799e-05,39.215686274510745,1.000995,0.0004706937769032858,1.0019363875538065,1.0000536124461936,-0.001098901098900984,0.000710563102149474,0.0007179312977421769,0.0,0.0,0.0,0.0,0.0,0,0.0,0.0,0.3333333333333333,0.0
USDT,2021-02-16,0.9999,1.001,0.9992,1.0,1.0008428571428571,1.000895,1.0007899999999998,1.0007516625372033,1.000800705584474,-4.904304727082476e-05,6.817956173386983e-05,-0.00011722260900469458,40.3846153846162,1.000895,0.00045822885575583607,1.0018114577115118,0.9999785422884884,0.00010001000100001711,0.0007152324216009541,0.0006947855560418707,0.0,0.0,0.0,0.0,0.0,0,0.0,0.0,0.3333333333333333,0.0
USDT,2021-02-17,1.0,1.001,0.9997,1.0,1.0007,1.000845,1.0008139999999999,1.0006360221468642,1.0007413940596983,-0.00010537191283410685,3.3469266820274494e-05,-0.00013884117965438133,40.3846153846162,1.000845,0.0004989198860222724,1.0018428397720445,0.9998471602279554,0.0,0.0007152324216009541,0.0006686634999161056,0.0,0.0,0.0,0.0,0.0,0,0.0,0.0,0.3333333333333333,0.0
USDT,2021-02-18,1.0,1.001,0.9996,1.0,1.000557142857143,1.0007949999999999,1.0008139999999999,1.0005381725858082,1.0006864759812022,-0.0001483033953939561,-2.885265622571623e-06,-0.00014541812977138447,40.3846153846162,1.0007949999999999,0.0005316063046982252,1.0018582126093962,0.9997317873906034,0.0,0.0007152324216009541,0.0006686634999161056,0.0,0.0,0.0,0.0,0.0,0,0.0,0.0,0.3333333333333333,0.0
USDT,2021-02-19,1.0,1.001,0.9992,0.9999,1.0002571428571427,1.00074,1.000812,1.0004399921879916,1.000628218501113,-0.00018822631312143123,-3.995347512234354e-05,-0.00014827283799908768,48.8372093023257,1.00074,0.0005651269070658068,1.0018702538141315,0.9996097461858684,-9.999999999998899e-05,0.0005156644843287107,0.0006687420530445846,0.0,0.0,0.0,0.0,0.0,0,0.0,0.0,0.3333333333333333,0.0
USDT,2021-02-20,0.9999,1.001,0.9993,0.9998,1.0000857142857142,1.0006799999999998,1.0007679999999999,1.0003415318513775,1.000566868982512,-0.00022533713113448428,-7.703020632477169e-05,-0.0001483069248097126,32.352941176472896,1.0006799999999998,0.0005987706704797298,1.0018775413409593,0.9994824586590403,-0.00010001000100012813,0.0004147790443180757,0.0006251093232756778,0.0,0.0,0.0,0.0,0.0,0,0.0,0.0,0.3333333333333333,0.0
USDT,2021-02-21,0.9998,1.001,0.9994,0.9999,0.9999285714285715,1.0006249999999999,1.000746,1.0002736038742426,1.0005174712801037,-0.0002438674058611312,-0.0001103976462320436,-0.0001334697596290876,34.28571428571628,1.0006249999999999,0.0006180401963043622,1.0018610803926087,0.9993889196073912,0.00010002000400088917,0.0004232977598864997,0.0005757006564689417,0.0,0.0,0.0,0.0,0.0,0,0.0,0.0,0.3333333333333333,0.0
USDT,2021-02-22,0.9999,1.001,0.9989,1.0,0.9999428571428571,1.000575,1.000726,1.0002315109705129,1.0004791400741702,-0.0002476291036572764,-0.0001378439377170902,-0.00010978516594018623,36.11111111111283,1.000575,0.0006264982043370504,1.001827996408674,0.999322003591326,0.00010001000100001711,8.998201047922231e-05,0.000576208574580191,0.0,0.0,0.0,0.0,0.0,0,0.0,0.0,0.3333333333333333,0.0
USDT,2021-02-23,1.0,1.0,0.9967,1.0,0.9999428571428571,1.0005249999999999,1.0007279999999998,1.0001958938981264,1.0004436482168242,-0.0002477543186978348,-0.00015982601391323912,-8.79283047845957e-05,36.11111111111283,1.0005249999999999,0.0006306846739317797,1.0017863693478635,0.9992636306521363,0.0,8.165782443121307e-05,0.000576208574580191,0.0,0.0,0.0,0.0,0.0,0,0.0,0.0,0.3333333333333333,0.0
USDT,2021-02-24,1.0,1.001,0.9994,1.001,1.0000857142857142,1.000525,1.000688,1.0003196025291838,1.0004848594600224,-0.0001652569308385754,-0.0001609121972983064,-4.344733540269011e-06,50.0,1.000525,0.0006306846739317797,1.0017863693478637,0.9992636306521365,0.0009999999999998899,0.00038668357939855824,0.0005697314647460201,0.0,0.0,0.0,0.0,0.0,0,0.0,0.0,0.3333333333333333,0.0
USDT,2021-02-25,1.001,1.001,0.9999,1.0,1.0000857142857142,1.000525,1.000648,1.0002704329093095,1.0004489439444653,-0.0001785110351557595,-0.00016443196486979703,-1.4079070285962473e-05,41.07142857142928,1.000525,0.0006306846739317797,1.0017863693478637,0.9992636306521365,-0.0009990009990008542,0.0005828108397338913,0.0005635061647848121,0.0,0.0,0.0,0.0,0.0,0,0.0,0.0,0.3333333333333333,0.0
USDT,2021-02-26,1.0,1.001,0.9982,0.9999,1.0000857142857142,1.00047,1.0006259999999998,1.0002134432309542,1.0004082814300603,-0.00019483819910615097,-0.00017051321171706783,-2.432498738908314e-05,27.659574468083804,1.00047,0.0006350300449054428,1.0017400600898108,0.9991999399101891,-9.999999999998899e-05,0.0005828108397338913,0.0005287422321006528,0.0,0.0,0.0,0.0,0.0,0,0.0,0.0,0.3333333333333333,0.0
USDT,2021-02-27,0.9998,1.001,0.9994,1.001,1.0002571428571427,1.00047,1.0006519999999999,1.0003344519646535,1.000452112435241,-0.0001176604705874773,-0.00015994266349114974,4.228219290367243e-05,50.0,1.00047,0.0006350300449054428,1.0017400600898108,0.9991999399101891,0.0011001100110010764,0.0007108851340225293,0.0005403656495789947,0.0,0.0,0.0,0.0,0.0,0,0.0,0.0,0.3333333333333333,0.0
USDT,2021-02-28,1.001,1.003,1.001,1.002,1.000557142857143,1.00052,1.000632,1.0005906901239376,1.0005667707733714,2.3919350566226072e-05,-0.00012317026067967457,0.00014708961124590064,58.620689655174,1.00052,0.0007134792439984873,1.001946958487997,0.9990930415120031,0.0009990009990010762,0.0007741853804007921,0.0005703087570241777,0.0,0.0,0.0,0.0,0.0,0,0.0,0.0,0.3333333333333333,0.0
USDT,2021-03-01,1.002,1.003,1.001,1.001,1.0007,1.00052,1.000632,1.000653660874101,1.0005988618271957,5.4799046905307236e-05,-8.757639916267821e-05,0.00014237544606798545,59.64912280701679,1.00052,0.0007134792439984873,1.001946958487997,0.9990930415120031,-0.0009980039920161055,0.0009191300687980766,0.0006006281387771772,0.0,0.0,0.0,0.0,0.0,0,0.0,0.0,0.3333333333333333,0.0
USDT,2021-03-02,1.001,1.001,1.0,1.001,1.0008428571428571,1.0005199999999999,1.000632,1.000706943816547,1.000628575765922,7.836805062511054e-05,-5.4387509205120465e-05,0.000132755559830231,58.92857142857072,1.0005199999999999,0.0007134792439984873,1.0019469584879968,0.9990930415120028,0.0,0.0009191300687980766,0.0006006281387771772,0.0,0.0,0.0,0.0,0.0,0,0.0,0.0,0.3333333333333333,0.0
USDT,2021-03-03,1.001,1.001,0.9999,1.0,1.0007,1.00047,1.000632,1.000598183229386,1.000582014598076,1.616863131004287e-05,-4.02762811020878e-05,5.644491241213067e-05,50.0,1.00047,0.000713110311121182,1.0018962206222424,0.9990437793777576,-0.0009990009990008542,0.0009190839298638653,0.0006277204319956437,0.0,0.0,0.0,0.0,0.0,0,0.0,0.0,0.3333333333333333,0.0
USDT,2021-03-04,1.0,1.001,0.9994,0.9999,1.0006857142857142,1.000365,1.00063,1.0004907704248651,1.0005314949982185,-4.0724573353356774e-05,-4.03659395523416e-05,-3.586338010151758e-07,49.25373134328363,1.000365,0.0006251526129769326,1.0016153052259538,0.9991146947740461,-9.999999999998899e-05,0.0008387382352202607,0.0006278039671660341,0.0,0.0,0.0,0.0,0.0,0,0.0,0.0,0.3333333333333333,0.0
USDT,2021-03-05,1.0,1.001,0.9999,1.001,1.0008428571428571,1.000365,1.00067,1.0005691134364243,1.0005661990724244,2.9143639999063e-06,-3.170987884189202e-05,3.462424284179832e-05,57.14285714285673,1.000365,0.0006251526129769326,1.0016153052259538,0.9991146947740461,0.0011001100110010764,0.0009353205975970445,0.000661245305731469,0.0,0.0,0.0,0.0,0.0,0,0.0,0.0,0.3333333333333333,0.0
USDT,2021-03-06,1.001,1.001,0.9991,1.0,1.0007,1.000315,1.000678,1.0004815575231283,1.000524258400393,-4.2700877264767456e-05,-3.390807852646711e-05,-8.792798738300347e-06,51.16279069767435,1.000315,0.0006115338782511461,1.0015380677565024,0.9990919322434978,-0.0009990009990008542,0.0009190839298638652,0.0006859494740224921,0.0,0.0,0.0,0.0,0.0,0,0.0,0.0,0.3333333333333333,0.0
USDT,2021-03-07,1.0,1.001,0.9999,1.0,1.0004142857142857,1.0003199999999999,1.0006579999999998,1.0004074717503393,1.0004854244448085,-7.795269446919662e-05,-4.271700171501301e-05,-3.5235692754183605e-05,50.58823529411761,1.0003199999999999,0.0006083627726909651,1.0015367255453818,0.999103274454618,0.0,0.0007792276275982033,0.000661245305731469,0.0,0.0,0.0,0.0,0.0,0,0.0,0.0,0.3333333333333333,0.0
USDT,2021-03-08,1.0,1.001,1.0,1.0,1.0002714285714285,1.0003199999999999,1.0006579999999998,1.0003447837887487,1.0004494670785264,-0.00010468328977775165,-5.511025932756074e-05,-4.957303045019091e-05,50.0,1.0003199999999999,0.0006083627726909651,1.0015367255453818,0.999103274454618,0.0,0.000715773770133912,0.0006337410709668671,0.0,0.0,0.0,0.0,0.0,0,0.0,0.0,0.3333333333333333,0.0
USDT,2021-03-09,1.0,1.001,1.0,1.001,1.0002714285714285,1.0003699999999998,1.000658,1.0004455862827872,1.000490247294932,-4.466101214473106e-05,-5.302040989099481e-05,8.359397746263747e-06,55.31914893616997,1.0003699999999998,0.0006216277444498276,1.0016132554888995,0.9991267445111001,0.0009999999999998899,0.00083827674363331,0.000661245305731469,0.0,0.0,0.0,0.0,0.0,0,0.0,0.0,0.3333333333333333,0.0
USDT,2021-03-10,1.001,1.001,1.0,1.0,1.0002714285714285,1.0003699999999998,1.000638,1.0003770345469738,1.0004539326804927,-7.689813351885455e-05,-5.7795954616566756e-05,-1.9102178902287794e-05,44.68085106383004,1.0003699999999998,0.0006216277444498276,1.0016132554888995,0.9991267445111001,-0.0009990009990008542,0.00083827674363331,0.0006859494740224921,0.0,0.0,0.0,0.0,0.0,0,0.0,0.0,0.3333333333333333,0.0
USDT,2021-03-11,1.0,1.001,0.9999,1.001,1.0004285714285712,1.000425,1.000638,1.000472875385901,1.0004943821115673,-2.15067256663648e-05,-5.0538108826526366e-05,2.9031383160161565e-05,55.31914893616997,1.000425,0.0006264982043374459,1.0016779964086748,0.999172003591325,0.0009999999999998899,0.0009158536757465004,0.0007114365703837449,0.0,0.0,0.0,0.0,0.0,0,0.0,0.0,0.3333333333333333,0.0
USDT,2021-03-12,1.001,1.001,0.9999,1.001,1.0004285714285714,1.0004849999999998,1.0006639999999998,1.0005539714803777,1.0005318352884882,2.2136191889510215e-05,-3.6003248683319055e-05,5.813944057282927e-05,55.91397849462338,1.0004849999999998,0.0006209288458566175,1.001726857691713,0.9992431423082866,0.0,0.0008160887841531434,0.0007114365703837449,0.0,0.0,0.0,0.0,0.0,0,0.0,0.0,0.3333333333333333,0.0
USDT,2021-03-13,1.001,1.001,0.9991,0.9997,1.0003857142857142,1.000475,1.000638,1.0004225912526272,1.0004702178597114,-4.7626607084128025e-05,-3.832792036348085e-05,-9.298686720647176e-06,43.15789473684242,1.000475,0.0006323515012163205,1.0017397030024326,0.9992102969975674,-0.0012987012987011326,0.0008824178061915121,0.0007499231558585959,0.0,0.0,0.0,0.0,0.0,0,0.0,0.0,0.3333333333333333,0.0
USDT,2021-03-14,0.9998,1.0,0.9994,1.0,1.0003857142857142,1.000475,1.000618,1.0003575772137614,1.00043538690714,-7.780969337867205e-05,-4.6224274966519094e-05,-3.158541841215296e-05,38.63636363636265,1.000475,0.0006323515012163205,1.0017397030024326,0.9992102969975674,0.00030009002700803755,0.0008920651386062275,0.0007269386946286026,0.0,0.0,0.0,0.0,0.0,0,0.0,0.0,0.3333333333333333,0.0
USDT,2021-03-15,1.0,1.001,0.9993,1.001,1.0005285714285714,1.000525,1.000618,1.0004564114885672,1.0004772100992037,-2.0798610636418857e-05,-4.113914210049905e-05,2.0340531464080195e-05,50.0,1.000525,0.000632351501216217,1.0017897030024325,0.9992602969975677,0.0009999999999998899,0.0009687743044580304,0.000730157794551967,0.0,0.0,0.0,0.0,0.0,0,0.0,0.0,0.3333333333333333,0.0
USDT,2021-03-16,1.001,1.001,0.9991,1.0,1.0003857142857142,1.000475,1.00062,1.00038619433648,1.0004418612029664,-5.566686648639241e-05,-4.404468697767773e-05,-1.162217950871468e-05,44.89795918367347,1.000475,0.0006323515012163205,1.0017397030024326,0.9992102969975674,-0.0009990009990008542,0.0009687443707688626,0.0007526054247570633,0.0,0.0,0.0,0.0,0.0,0,0.0,0.0,0.3333333333333333,0.0
USDT,2021-03-17,0.9999,1.001,0.999,0.9995,1.0003142857142857,1.00045,1.0005899999999999,1.0002498567462523,1.0003720937064504,-0.0001222369601980855,-5.968314162175929e-05,-6.255381857632621e-05,47.31182795698925,1.00045,0.0006613383559801992,1.0017726767119604,0.9991273232880397,-0.0004999999999999449,0.0009118943732300276,0.0007309906202330358,0.0,0.0,0.0,0.0,0.0,0,0.0,0.0,0.3333333333333333,0.0
USDT,2021-03-18,0.9994,1.001,0.9992,1.0,1.0001714285714285,1.000455,1.0005499999999998,1.0002114172468288,1.0003445312096764,-0.00013311396284754196,-7.436930586691583e-05,-5.874465698062613e-05,50.515463917525764,1.000455,0.0006573271235894431,1.001769654247179,0.9991403457528212,0.0005002501250623848,0.0008299425489121742,0.0007367554506694878,0.0,0.0,0.0,0.0,0.0,0,0.0,0.0,0.3333333333333333,0.0
USDT,2021-03-19,1.0,1.0,0.9994,1.0,1.0000285714285713,1.000405,1.00053,1.0001788915165475,1.00031901037933,-0.0001401188627825345,-8.751921725003956e-05,-5.259964553249493e-05,44.1860465116279,1.000405,0.000651698186551014,1.001708396373102,0.9991016036268979,0.0,0.0008299425489121742,0.0007367554506694878,0.0,0.0,0.0,0.0,0.0,0,0.0,0.0,0.3333333333333333,0.0
USDT,2021-03-20,1.0,1.001,0.9998,0.9999,1.0000571428571428,1.0003,1.000508,1.0001359851293863,1.0002879725734537,-0.00015198744406741405,-0.00010041286261351446,-5.157458145389959e-05,49.35064935064935,1.0003,0.0005409543224577893,1.0013819086449156,0.9992180913550844,-9.999999999998899e-05,0.0006573325062964541,0.0007369828606045355,0.0,0.0,0.0,0.0,0.0,0,0.0,0.0,0.3333333333333333,0.0
USDT,2021-03-21,0.9999,1.0,0.9994,1.0,1.0000571428571428,1.0002499999999999,1.000488,1.0001150643402499,1.0002666412717165,-0.00015157693146661266,-0.00011064567638413411,-4.0931255082478555e-05,50.0,1.0002499999999999,0.0005186013579423255,1.0012872027158846,0.9992127972841152,0.00010001000100001711,0.0006478496427213807,0.0007369804505683524,0.0,0.0,0.0,0.0,0.0,0,0.0,0.0,0.3333333333333333,0.0
USDT,2021-03-22,1.0,1.001,0.9995,1.0,0.9999142857142858,1.0002,1.000468,1.0000973621340576,1.000246890066404,-0.00014952793234646045,-0.00011842212757659939,-3.110580476986106e-05,50.0,1.0002,0.0004898979485961895,1.0011797958971924,0.9992202041028077,0.0,0.0004788454108891252,0.0007367217851539244,0.0,0.0,0.0,0.0,0.0,0,0.0,0.0,0.3333333333333333,0.0
USDT,2021-03-23,1.0,1.0,0.9996,1.0,0.9999142857142858,1.0002,1.000448,1.0000823833442025,1.000228601913337,-0.00014621856913454856,-0.00012398141588818923,-2.2237153246359325e-05,42.64705882352941,1.0002,0.0004898979485961895,1.0011797958971924,0.9992202041028077,0.0,0.00029446340413826757,0.000736512270691995,0.0,0.0,0.0,0.0,0.0,0,0.0,0.0,0.3333333333333333,0.0
USDT,2021-03-24,1.0,1.0,0.9993,0.9997,0.9999428571428571,1.00019,1.000422,1.0000235551374022,1.0001894462160528,-0.00016589107865061514,-0.00013236334844067443,-3.352773020994071e-05,47.540983606557376,1.00019,0.0004983129433523404,1.0011866258867046,0.9991933741132952,-0.00029999999999996696,0.00024307852921758317,0.0007383252355525222,0.0,0.0,0.0,0.0,0.0,0,0.0,0.0,0.3333333333333333,0.0
USDT,2021-03-25,0.9997,1.0,0.999,1.0,0.9999428571428571,1.00014,1.000402,1.0000199312701095,1.0001754131630118,-0.00015548189290237602,-0.00013698705733301475,-1.8494835569361263e-05,40.74074074074074,1.00014,0.00046157624680861375,1.0010631524936173,0.9992168475063828,0.00030009002700803755,0.0001825997550117499,0.0007404913841322772,0.0,0.0,0.0,0.0,0.0,0,0.0,0.0,0.3333333333333333,0.0
USDT,2021-03-26,1.0,1.001,1.0,1.0,0.9999428571428571,1.00014,1.0003819999999999,1.0000168649208618,1.0001624195953813,-0.000145554674519488,-0.0001387005807703094,-6.854093749178599e-06,40.74074074074074,1.00014,0.00046157624680861375,1.0010631524936173,0.9992168475063828,0.0,0.0001825997550117499,0.0007160402111840103,0.0,0.0,0.0,0.0,0.0,0,0.0,0.0,0.3333333333333333,0.0
USDT,2021-03-27,1.0,1.001,1.0,1.0,0.9999571428571429,1.00014,1.0003819999999999,1.0000142703176522,1.000150388514242,-0.00013611819658976287,-0.0001381841039342001,2.0659073444372295e-06,53.65853658536585,1.00014,0.00046157624680861375,1.0010631524936173,0.9992168475063828,0.0,0.00017730604135714388,0.0006924094540458522,0.0,0.0,0.0,0.0,0.0,0,0.0,0.0,0.3333333333333333,0.0
USDT,2021-03-28,1.0,1.001,0.9996,0.9998,0.9999285714285714,1.00013,1.0003579999999999,0.999981305653398,1.0001244338094832,-0.0001431281560851927,-0.00013917291436439864,-3.955241720794055e-06,47.5,1.00013,0.00046690470123892964,1.0010638094024777,0.9991961905975221,-0.00019999999999997797,0.00018900832514283201,0.0006931489296673944,0.0,0.0,0.0,0.0,0.0,0,0.0,0.0,0.3333333333333333,0.0
USDT,2021-03-29,0.9998,1.001,0.9996,1.0,0.9999285714285714,1.00008,1.000338,0.9999841817067214,1.0001152164902622,-0.00013103478354081766,-0.00013754528819968245,6.5105046588647905e-06,34.375,1.00008,0.00042002506195558176,1.0009200501239113,0.9992399498760889,0.0002000400080015563,0.0002081946311736227,0.0006625549859040816,0.0,0.0,0.0,0.0,0.0,0,0.0,0.0,0.3333333333333333,0.0
USDT,2021-03-30,1.0,1.001,0.9997,1.001,1.0000714285714285,1.00013,1.000338,1.000140461444149,1.000180756009502,-4.0294565353038436e-05,-0.00011809514363035365,7.780057827731521e-05,65.625,1.00013,0.00046690470123892964,1.0010638094024777,0.9991961905975221,0.0009999999999998899,0.0004315042933312629,0.0006626086712044134,0.0,0.0,0.0,0.0,0.0,0,0.0,0.0,0.3333333333333333,0.0
USDT,2021-03-31,1.001,1.001,0.9999,1.0,1.0001142857142857,1.00008,1.000318,1.000118851991203,1.0001673666754647,-4.8514684261702357e-05,-0.0001041790517566234,5.566436749492104e-05,56.75675675675676,1.00008,0.00042002506195558176,1.0009200501239113,0.9992399498760889,-0.0009990009990008542,0.0005993216895849636,0.0006626587600272033,0.0,0.0,0.0,0.0,0.0,0,0.0,0.0,0.3333333333333333,0.0
USDT,2021-04-01,1.0,1.0,0.9994,0.9997,1.0000714285714285,1.0000149999999999,1.000292,1.0000544132233256,1.0001327469217265,-7.833369840093418e-05,-9.900998108548556e-05,2.0676282684551375e-05,45.714285714285715,1.0000149999999999,0.0003674592709797231,1.0007499185419593,0.9992800814580405,-0.00029999999999996696,0.0005993400205844142,0.0006644032846015473,0.0,0.0,0.0,0.0,0.0,0,0.0,0.0,0.3333333333333333,0.0
USDT,2021-04-02,0.9997,1.0,0.9993,0.9998,1.0000428571428572,1.0000200000000001,1.000268,1.0000152727274294,1.0001080990015987,-9.282627416928868e-05,-9.777323970224618e-05,4.946965532957504e-06,47.22222222222223,1.0000200000000001,0.00036360765442334505,1.0007472153088468,0.9992927846911535,0.00010003000900260517,0.0006017158301169889,0.0006397199196837249,0.0,0.0,0.0,0.0,0.0,0,0.0,0.0,0.3333333333333333,0.0
USDT,2021-04-03,0.9998,1.001,0.9994,0.9997,1.0,1.0000050000000003,1.000222,0.9999667692309018,1.0000778694459247,-0.000111100215022919,-0.00010043863476638075,-1.0661580256538251e-05,47.22222222222223,1.0000050000000003,0.0003705969580321351,1.0007461939160645,0.999263806083936,-0.00010002000400077815,0.0006021159384666346,0.0006397200205456125,0.0,0.0,0.0,0.0,0.0,0,0.0,0.0,0.3333333333333333,0.0
USDT,2021-04-04,0.9997,1.001,0.9997,1.0,1.0000285714285713,0.9999549999999999,1.0002019999999998,0.9999718816569169,1.0000721013388192,-0.00010021968190232489,-0.00010039484419356958,1.7516229124469695e-07,50.0,0.9999549999999999,0.00028741131362146,1.0005298226272428,0.999380177372757,0.00030009002700803755,0.0006099594890785278,0.0006078831130459122,0.0,0.0,0.0,0.0,0.0,0,0.0,0.0,0.3333333333333333,0.0
USDT,2021-04-05,1.0,1.001,0.9995,1.0,1.0000285714285713,0.9999549999999999,1.000182,0.9999762075558527,1.0000667604989066,-9.055294305393424e-05,-9.842646396564253e-05,7.873520911708283e-06,50.0,0.9999549999999999,0.00028741131362146,1.0005298226272428,0.999380177372757,0.0,0.0006052639715672209,0.000579865428154797,0.0,0.0,0.0,0.0,0.0,0,0.0,0.0,0.3333333333333333,0.0
USDT,2021-04-06,1.0,1.0,0.9984,0.9998,0.9998571428571429,0.9999699999999999,1.00018,0.9999490987011062,1.0000470004619506,-9.790176084445434e-05,-9.832152334140489e-05,4.1976249695054556e-07,47.5,0.9999699999999999,0.00026969768657689023,1.0005093953731536,0.9994306046268462,-0.00019999999999997797,0.0004148753582437529,0.0005810159119222075,0.0,0.0,0.0,0.0,0.0,0,0.0,0.0,0.3333333333333333,0.0
USDT,2021-04-07,0.9998,1.0,0.9988,0.9997,0.9998142857142858,0.9999549999999999,1.0001740000000001,0.9999107758240129,1.0000212967240283,-0.00011052090001539838,-0.0001007613986762036,-9.75950133919478e-06,50.0,0.9999549999999999,0.0002762054918424514,1.000507410983685,0.9994025890163151,-0.00010002000400077815,0.00019883734775971956,0.0005812642183474901,0.0,0.0,0.0,0.0,0.0,0,0.0,0.0,0.3333333333333333,0.0
USDT,2021-04-08,0.9997,1.0,0.9996,1.0,0.9998571428571429,0.9999549999999999,1.0001740000000001,0.9999245026203186,1.000019719188915,-9.521656859645677e-05,-9.965243266025424e-05,4.435864063797462e-06,50.0,0.9999549999999999,0.0002762054918424514,1.000507410983685,0.9994025890163151,0.00030009002700803755,0.00019885100393264563,0.0005526777425870716,0.0,0.0,0.0,0.0,0.0,0,0.0,0.0,0.3333333333333333,0.0
USDT,2021-04-09,1.0,1.001,0.9997,0.9999,0.9998714285714286,0.9999549999999999,1.000172,0.9999207329864235,1.0000108511008472,-9.011811442372064e-05,-9.774556901294753e-05,7.627454589226884e-06,48.717948717948715,0.9999549999999999,0.0002762054918424514,1.000507410983685,0.9994025890163151,-9.999999999998899e-05,0.0002035859668856813,0.00052202595425838,0.0,0.0,0.0,0.0,0.0,0,0.0,0.0,0.3333333333333333,0.0
USDT,2021-04-10,0.9999,1.001,0.9993,0.9999,0.9999,0.9999499999999999,1.000172,0.9999175432962045,1.0000026399081918,-8.50966119873009e-05,-9.52157776078182e-05,1.0119165620517303e-05,48.717948717948715,0.9999499999999999,0.0002762531257984669,1.0005025062515969,0.9993974937484029,0.0,0.00019764809415245472,0.0004864751806555494,0.0,0.0,0.0,0.0,0.0,0,0.0,0.0,0.3333333333333333,0.0
USDT,2021-04-11,0.9999,1.0,0.9995,0.9996,0.9998428571428571,0.99993,1.000168,0.9998686904814038,0.9999728147298073,-0.0001041242484034477,-9.69974717669441e-05,-7.126776636503588e-06,47.5,0.99993,0.0002867237805896222,1.0005034475611791,0.9993565524388207,-0.0003000300030002734,0.00019027325037135302,0.0004887767662530374,0.0,0.0,0.0,0.0,0.0,0,0.0,0.0,0.3333333333333333,0.0
USDT,2021-04-12,0.9995,1.0,0.9995,1.0,0.9998428571428571,0.99993,1.00017,0.9998888919458032,0.9999748284535253,-8.593650772203976e-05,-9.478527895796324e-05,8.84877123592348e-06,50.0,0.99993,0.0002867237805896222,1.0005034475611791,0.9993565524388207,0.0004001600640255454,0.0002582647541232206,0.00043405047152774475,0.0,0.0,0.0,0.0,0.0,0,0.0,0.0,0.3333333333333333,0.0
USDT,2021-04-13,0.9999,1.0,0.9988,0.9995,0.9998000000000001,0.9999199999999998,1.0001600000000002,0.9998290624156797,0.9999396559754864,-0.00011059355980669316,-9.794693512770922e-05,-1.2646624678983942e-05,29.729729729729726,0.9999199999999998,0.00029841687555968137,1.0005168337511192,0.9993231662488804,-0.0004999999999999449,0.00031553238252640003,0.0004401548464738463,0.0,0.0,0.0,0.0,0.0,0,0.0,0.0,0.3333333333333333,0.0
USDT,2021-04-14,0.9996,1.001,0.9994,1.0,0.9998428571428571,0.9999199999999998,1.0001600000000002,0.9998553605055751,0.9999441259032281,-8.876539765301228e-05,-9.611062763276984e-05,7.34522997975756e-06,50.0,0.9999199999999998,0.00029841687555968137,1.0005168337511192,0.9993231662488804,0.0005002501250623848,0.00037362030928360813,0.0004086862384046375,0.0,0.0,0.0,0.0,0.0,0,0.0,0.0,0.3333333333333333,0.0
USDT,2021-04-15,1.0,1.002,0.9996,1.001,0.9999857142857144,0.9999699999999999,1.00016,1.0000314588893329,1.0000223387992853,9.120090047609608e-06,-7.506448409669395e-05,8.418457414430356e-05,66.66666666666666,0.9999699999999999,0.00038402302567706653,1.000738046051354,0.9992019539486457,0.0009999999999998899,0.0005192029916235905,0.0004087567686520928,0.0,0.0,0.0,0.0,0.0,0,0.0,0.0,0.3333333333333333,0.0
USDT,2021-04-16,1.001,1.002,1.0,1.001,1.000142857142857,1.0000200000000001,1.0001799999999998,1.000180465214051,1.0000947581474864,8.57070665645221e-05,-4.291017396445074e-05,0.00012861724052897283,65.78947368421052,1.0000200000000001,0.000447919165683717,1.0009158383313677,0.9991241616686327,0.0,0.0005127409379348202,0.0003962605146308196,0.0,0.0,0.0,0.0,0.0,0,0.0,0.0,0.3333333333333333,0.0
USDT,2021-04-17,1.001,1.001,1.0,1.001,1.0003,1.00008,1.000202,1.0003065474888122,1.0001618130995245,0.0001447343892877484,-5.381261314010915e-06,0.00015011565060175932,67.56756756756756,1.00008,0.0004948152233938854,1.0010696304467879,0.9990903695532123,0.0,0.0005127409379348202,0.0003870822464185963,0.0,0.0,0.0,0.0,0.0,0,0.0,0.0,0.3333333333333333,0.0
USDT,2021-04-18,1.001,1.05,0.9998,1.001,1.0005,1.00013,1.000202,1.0004132324905335,1.0002239010180782,0.0001893314724552564,3.356128543984255e-05,0.00015577018701541385,64.70588235294117,1.00013,0.0005351831954299056,1.0012003663908597,0.9990596336091402,0.0,0.00047962036459331755,0.0003870822464185963,0.0,0.0,0.0,0.0,0.0,0,0.0,0.0,0.3333333333333333,0.0
USDT,2021-04-19,1.001,1.002,1.0,1.001,1.0006428571428572,1.00013,1.000182,1.0005035044150667,1.000281389831554,0.00022211458351284463,7.127194505444298e-05,0.00015084263845840164,64.70588235294117,1.00013,0.0005351831954299056,1.0012003663908597,0.9990596336091402,0.0,0.00047562617875951326,0.0003863237893996681,0.0,0.0,0.0,0.0,0.0,0,0.0,0.0,0.3333333333333333,0.0
USDT,2021-04-20,1.001,1.002,1.001,1.001,1.0008571428571427,1.0001799999999998,1.0001820000000001,1.0005798883512103,1.0003346202144017,0.00024526813680858517,0.00010607118340527142,0.00013919695340331375,68.75,1.0001799999999998,0.0005680993241890551,1.001316198648378,0.9990438013516217,0.0,0.00039342818294345637,0.0003861903214397246,0.0,0.0,0.0,0.0,0.0,0,0.0,0.0,0.3333333333333333,0.0
USDT,2021-04-21,1.001,1.001,1.0,1.0,1.0008571428571427,1.000195,1.000162,1.0004906747587163,1.0003098335318534,0.0001808412268629045,0.00012102519209679804,5.9816034766106455e-05,53.65853658536585,1.000195,0.0005586402665465221,1.001312280533093,0.9990777194669069,-0.0009990009990008542,0.0005770619339138592,0.000429779177576702,0.0,0.0,0.0,0.0,0.0,0,0.0,0.0,0.3333333333333333,0.0
USDT,2021-04-22,1.0,1.003,0.9996,1.0,1.0007142857142857,1.0002049999999998,1.000162,1.0004151863342985,1.0002868828998643,0.0001283034344341516,0.00012248084056426875,5.8225938698828485e-06,50.0,1.0002049999999998,0.0005529585499234592,1.0013109170998467,0.9990990829001529,0.0,0.0003775868861234487,0.000429779177576702,0.0,0.0,0.0,0.0,0.0,0,0.0,0.0,0.3333333333333333,0.0
USDT,2021-04-23,1.0,1.002,0.9995,1.001,1.0007142857142857,1.00027,1.000184,1.0005051576674833,1.0003397063887634,0.00016545127871991916,0.00013107492819539884,3.437635052452032e-05,61.70212765957447,1.00027,0.0005667079448669616,1.0014034158897338,0.9991365841102661,0.0009999999999998899,0.0005770619339138592,0.00046275146573313344,0.0,0.0,0.0,0.0,0.0,0,0.0,0.0,0.3333333333333333,0.0
USDT,2021-04-24,1.001,1.002,1.001,1.001,1.0007142857142857,1.0003199999999999,1.000184,1.0005812872571012,1.0003886170266327,0.00019267023046842802,0.00014339398865000468,4.927624181842334e-05,61.70212765957447,1.0003199999999999,0.0005854373084657145,1.0014908746169313,0.9991491253830684,0.0,0.0005770619339138592,0.00046024859141046386,0.0,0.0,0.0,0.0,0.0,0,0.0,0.0,0.3333333333333333,0.0
USDT,2021-04-25,1.001,1.002,1.0,1.001,1.0007142857142857,1.00037,1.000204,1.0006457046021624,1.0004339046542896,0.00021179994787279277,0.0001570751804945623,5.472476737823046e-05,65.9090909090909,1.00037,0.0005992100062724886,1.001568420012545,0.999171579987455,0.0,0.0005770619339138592,0.00046024859141046386,0.0,0.0,0.0,0.0,0.0,0,0.0,0.0,0.3333333333333333,0.0
USDT,2021-04-26,1.001,1.002,1.001,1.001,1.0007142857142857,1.0004300000000002,1.000224,1.0007002115864452,1.0004758376428606,0.00022437394358454377,0.00017053493311255862,5.383901047198515e-05,62.5,1.0004300000000002,0.0005992100062722891,1.0016284200125447,0.9992315799874556,0.0,0.0005770619339138592,0.00046024859141046386,0.0,0.0,0.0,0.0,0.0,0,0.0,0.0,0.3333333333333333,0.0
USDT,2021-04-27,1.001,1.001,1.001,1.001,1.0007142857142857,1.000495,1.000244,1.0007463328808381,1.0005146644841303,0.00023166839670785144,0.0001827616258316172,4.890677087623425e-05,71.42857142857143,1.000495,0.0005862234171154098,1.0016674468342308,0.9993225531657691,0.0,0.0005770619339138592,0.0004581948476614991,0.0,0.0,0.0,0.0,0.0,0,0.0,0.0,0.3333333333333333,0.0
USDT,2021-04-28,1.001,1.002,1.0,1.001,1.0008571428571427,1.000545,1.000244,1.0007853585914783,1.0005506152630836,0.00023474332839468204,0.00019315796634423017,4.1585362050451863e-05,66.66666666666666,1.000545,0.0005844250436252489,1.0017138500872504,0.9993761499127495,0.0,0.0003779644730095768,0.00045724138649578497,0.0,0.0,0.0,0.0,0.0,0,0.0,0.0,0.3333333333333333,0.0
USDT,2021-04-29,1.001,1.001,0.9979,1.0,1.0008571428571427,1.00055,1.000244,1.0006645341927893,1.0005098289472996,0.00015470524548977238,0.00018546742217333864,-3.076217668356626e-05,33.33333333333333,1.00055,0.0005790191343402617,1.0017080382686805,0.9993919617313195,-0.0009990009990008542,0.0005770619339138592,0.00045718139609220485,0.0,0.0,0.0,0.0,0.0,0,0.0,0.0,0.3333333333333333,0.0
USDT,2021-04-30,1.0,1.001,1.0,1.001,1.0008571428571427,1.000605,1.000244,1.0007161443169756,1.0005461379141662,0.00017000640280939727,0.00018237521830055038,-1.2368815491153108e-05,50.0,1.000605,0.0005661271942215815,1.001737254388443,0.9994727456115569,0.0009999999999998899,0.0005770619339138592,0.00045724138649578497,0.0,0.0,0.0,0.0,0.0,0,0.0,0.0,0.3333333333333333,0.0
USDT,2021-05-01,1.001,1.001,0.9995,1.0,1.0007142857142857,1.0006249999999999,1.000224,1.0006059682682102,1.0005056832538577,0.00010028501435255244,0.00016595717751095081,-6.567216315839838e-05,39.99999999999999,1.0006249999999999,0.0005349618776730225,1.0016949237553459,0.9995550762446538,-0.0009990009990008542,0.0006896519818696233,0.0004913547754217384,0.0,0.0,0.0,0.0,0.0,0,0.0,0.0,0.3333333333333333,0.0
USDT,2021-05-02,1.0,1.001,0.9999,1.0,1.0005714285714284,1.0006249999999999,1.00023,1.0005127423807934,1.0004682252350534,4.451714573994181e-05,0.000141669171156749,-9.71520254168072e-05,39.99999999999999,1.0006249999999999,0.0005349618776730225,1.0016949237553459,0.9995550762446538,0.0,0.0006896519818696233,0.0004910629099387865,0.0,0.0,0.0,0.0,0.0,0,0.0,0.0,0.3333333333333333,0.0
USDT,2021-05-03,1.0,1.001,0.9999,1.0,1.0004285714285714,1.0006499999999998,1.00023,1.0004338589375943,1.0004335418843087,3.170532856255903e-07,0.00011339874758252433,-0.00011308169429689874,39.99999999999999,1.0006499999999998,0.000489360484967452,1.0016287209699348,0.9996712790300649,0.0,0.0006896519818696233,0.0004906521396842059,0.0,0.0,0.0,0.0,0.0,0,0.0,0.0,0.3333333333333333,0.0
USDT,2021-05-04,1.0,1.001,1.0,1.001,1.0004285714285714,1.0006999999999997,1.00023,1.0005209575625797,1.0004755017447302,4.5455817849537894e-05,9.981016163592705e-05,-5.4354343786389156e-05,50.0,1.0006999999999997,0.00047016234602083166,1.0016403246920413,0.9997596753079581,0.0009999999999998899,0.0008160887841531433,0.00052063951845329,0.0,0.0,0.0,0.0,0.0,0,0.0,0.0,0.3333333333333333,0.0
USDT,2021-05-05,1.001,1.001,1.0,1.001,1.0004285714285714,1.0007,1.00025,1.000594656399106,1.0005143534673429,8.030293176308767e-05,9.590871566135918e-05,-1.5605783898271514e-05,60.0,1.0007,0.00047016234602083166,1.0016403246920416,0.9997596753079583,0.0,0.0008160887841531433,0.00052063951845329,0.0,0.0,0.0,0.0,0.0,0,0.0,0.0,0.3333333333333333,0.0
USDT,2021-05-06,1.001,1.002,1.0,1.001,1.0005714285714284,1.0006999999999997,1.00028,1.0006570169530897,1.0005503272845766,0.00010668966851312689,9.806490623171273e-05,8.624762281414156e-06,60.0,1.0006999999999997,0.00047016234602083166,1.0016403246920413,0.9997596753079581,0.0,0.0006897898570966141,0.0005188245038343023,0.0,0.0,0.0,0.0,0.0,0,0.0,0.0,0.3333333333333333,0.0
USDT,2021-05-07,1.001,1.001,1.0,1.001,1.0005714285714284,1.0007,1.0003,1.0007097835756913,1.000583636374608,0.00012614720108339306,0.0001036813652020488,2.2465835881344253e-05,50.0,1.0007,0.00047016234602083166,1.0016403246920416,0.9997596753079583,0.0,0.0005770619339138594,0.0005182139437479794,0.0,0.0,0.0,0.0,0.0,0,0.0,0.0,0.3333333333333333,0.0
USDT,2021-05-08,1.001,1.002,1.001,1.001,1.0007142857142857,1.0007,1.0003199999999999,1.0007544322563542,1.0006144781246369,0.00013995413171730142,0.00011093591850509934,2.9018213212202084e-05,50.0,1.0007,0.00047016234602083166,1.0016403246920416,0.9997596753079583,0.0,0.00037796447300957693,0.0005159806998429524,0.0,0.0,0.0,0.0,0.0,0,0.0,0.0,0.3333333333333333,0.0
USDT,2021-05-09,1.001,1.001,0.9994,1.001,1.0008571428571427,1.0006999999999997,1.000342,1.0007922119092227,1.0006430353005897,0.00014917660863300597,0.00011858405653068068,3.059255210232529e-05,50.0,1.0006999999999997,0.00047016234602083166,1.0016403246920413,0.9997596753079581,0.0,0.00037796447300957693,0.0005154115824742053,0.0,0.0,0.0,0.0,0.0,0,0.0,0.0,0.3333333333333333,0.0
USDT,2021-05-10,1.001,1.002,1.0,1.001,1.001,1.0007,1.000362,1.0008241793078039,1.0006694771301756,0.000154702177628252,0.00012580768075019495,2.889449687805705e-05,50.0,1.0007,0.00047016234602083166,1.0016403246920416,0.9997596753079583,0.0,0.00037796447300957693,0.0005154115824742053,0.0,0.0,0.0,0.0,0.0,0,0.0,0.0,0.3333333333333333,0.0
USDT,2021-05-11,1.001,1.001,1.0,1.001,1.001,1.00075,1.0003819999999999,1.0008512286450648,1.000693960305718,0.0001572683393467056,0.00013209981246949709,2.5168526877208502e-05,50.0,1.00075,0.0004442616583606078,1.0016385233167213,0.9998614766832788,0.0,0.0,0.0005115471976593621,0.0,0.0,0.0,0.0,0.0,0,0.0,0.0,0.3333333333333333,0.0
USDT,2021-05-12,1.001,1.001,1.0,1.001,1.001,1.0008,1.000402,1.0008741165458241,1.000716629912702,0.0001574866331222058,0.00013717717660003884,2.030945652216695e-05,50.0,1.0008,0.00041039134087854834,1.001620782681757,0.9999792173182428,0.0,0.0,0.0005072137893676102,0.0,0.0,0.0,0.0,0.0,0,0.0,0.0,0.3333333333333333,0.0
USDT,2021-05-13,1.001,1.003,0.9998,1.001,1.001,1.0008,1.000428,1.0008934832310818,1.0007376202895388,0.00015586294154301683,0.00014091432958863445,1.4948611954382384e-05,66.66666666666666,1.0008,0.00041039134087854834,1.001620782681757,0.9999792173182428,0.0,0.0,0.0004971967664106254,0.0,0.0,0.0,0.0,0.0,0,0.0,0.0,0.3333333333333333,0.0
USDT,2021-05-14,1.001,1.002,1.0,1.001,1.001,1.0008,1.000448,1.0009098704263,1.0007570558236472,0.00015281460265281765,0.0001432943842014711,9.520218451346561e-06,50.0,1.0008,0.00041039134087854834,1.001620782681757,0.9999792173182428,0.0,0.0,0.0004899146848688645,0.0,0.0,0.0,0.0,0.0,0,0.0,0.0,0.3333333333333333,0.0
USDT,2021-05-15,1.001,1.001,1.001,1.001,1.001,1.0008,1.0004680000000001,1.0009237365145616,1.000775051688562,0.00014868482599950106,0.0001443724725610771,4.31235343842395e-06,100.0,1.0008,0.00041039134087854834,1.001620782681757,0.9999792173182428,0.0,0.0,0.0004546316693532195,0.0,0.0,0.0,0.0,0.0,0,0.0,0.0,0.3333333333333333,0.0
USDT,2021-05-16,1.001,1.002,1.0,1.001,1.001,1.0008,1.000488,1.000935469358475,1.0007917145264464,0.00014375483202866413,0.00014424894445459453,-4.941124259304078e-07,100.0,1.0008,0.00041039134087854834,1.001620782681757,0.9999792173182428,0.0,0.0,0.0004546316693532195,0.0,0.0,0.0,0.0,0.0,0,0.0,0.0,0.3333333333333333,0.0
USDT,2021-05-17,1.001,1.003,0.999,1.001,1.001,1.0008,1.0005119999999998,1.0009453971494788,1.000807143080043,0.0001382540694359058,0.0001430499694508568,-4.795900014951005e-06,100.0,1.0008,0.00041039134087854834,1.001620782681757,0.9999792173182428,0.0,0.0,0.0004546316693532195,0.0,0.0,0.0,0.0,0.0,0,0.0,0.0,0.3333333333333333,0.0
USDT,2021-05-18,1.001,1.001,0.9994,1.001,1.001,1.0008,1.000532,1.0009537975880205,1.0008214287778174,0.00013236881020306512,0.00014091373760129848,-8.544927398233354e-06,,1.0008,0.00041039134087854834,1.001620782681757,0.9999792173182428,0.0,0.0,0.0004546316693532195,0.0,0.0,0.0,0.0,0.0,0,0.0,0.0,0.3333333333333333,0.0
USDT,2021-05-19,1.001,1.007,0.9942,1.001,1.001,1.00085,1.000532,1.000960905651402,1.0008346562757569,0.0001262493756450933,0.00013798086521005747,-1.1731489564964157e-05,,1.00085,0.00036634754858210655,1.0015826950971642,1.0001173049028358,0.0,0.0,0.0004546316693532195,0.0,0.0,0.0,0.0,0.0,0,0.0,0.0,0.3333333333333333,0.0
USDT,2021-05-20,1.001,1.002,1.001,1.002,1.0011428571428571,1.0009,1.000572,1.0011207663204171,1.000920978033108,0.00019978828730904397,0.00015034234962985478,4.944593767918919e-05,100.0,1.0009,0.0004472135955403762,1.0017944271910806,1.0000055728089192,0.0009990009990010762,0.00037758688612352505,0.0004898467500485403,0.0,0.0,0.0,0.0,0.0,0,0.0,0.0,0.3333333333333333,0.0
USDT,2021-05-21,1.002,1.003,1.001,1.002,1.0012857142857141,1.001,1.000618,1.001256033040353,1.0010009055862112,0.0002551274541418014,0.0001712993705322441,8.382808360955728e-05,100.0,1.001,0.00045883146778013823,1.0019176629355602,1.0000823370644396,0.0,0.00037758688612352505,0.0004495416217643064,0.0,0.0,0.0,0.0,0.0,0,0.0,0.0,0.3333333333333333,0.0
USDT,2021-05-22,1.002,1.002,1.001,1.002,1.0014285714285713,1.0010999999999999,1.000662,1.0013704894956834,1.0010749125798253,0.00029557691585813117,0.00019615487959742152,9.942203626070966e-05,100.0,1.0010999999999999,0.000447213595539587,1.001994427191079,1.0002055728089208,0.0,0.00037758688612352505,0.0004495416217643064,0.0,0.0,0.0,0.0,0.0,0,0.0,0.0,0.3333333333333333,0.0
USDT,2021-05-23,1.002,1.002,1.001,1.002,1.0015714285714286,1.0011999999999999,1.000708,1.0014673372655782,1.0011434375739123,0.0003238996916659076,0.00022170384201111875,0.00010219584965478885,100.0,1.0011999999999999,0.0004103913408768283,1.0020207826817535,1.0003792173182462,0.0,0.00037758688612352505,0.000413588543716929,0.0,0.0,0.0,0.0,0.0,0,0.0,0.0,0.3333333333333333,0.0
USDT,2021-05-24,1.002,1.002,1.001,1.001,1.0015714285714286,1.0012,1.000728,1.00139543922472,1.0011328125684373,0.0002626266562826274,0.0002298884048654205,3.273825141720689e-05,50.0,1.0012,0.0004103913408768283,1.0020207826817538,1.0003792173182464,-0.0009980039920161055,0.0005764857358865218,0.0004544804027134563,0.0,0.0,0.0,0.0,0.0,0,0.0,0.0,0.3333333333333333,0.0
USDT,2021-05-25,1.001,1.002,1.001,1.001,1.0015714285714286,1.0011999999999999,1.000748,1.0013346024209169,1.001122974600405,0.0002116278205119837,0.00022623628799473314,-1.4608467482749444e-05,50.0,1.0011999999999999,0.0004103913408768283,1.0020207826817535,1.0003792173182462,0.0,0.0005764857358865218,0.0004544804027134563,0.0,0.0,0.0,0.0,0.0,0,0.0,0.0,0.3333333333333333,0.0
USDT,2021-05-26,1.001,1.002,1.001,1.001,1.0015714285714286,1.0011999999999999,1.000772,1.001283125125391,1.0011138653707452,0.0001692597546458785,0.00021484098132496223,-4.558122667908373e-05,50.0,1.0011999999999999,0.0004103913408768283,1.0020207826817535,1.0003792173182462,0.0,0.0005764857358865218,0.0004544804027134563,0.0,0.0,0.0,0.0,0.0,0,0.0,0.0,0.3333333333333333,0.0
USDT,2021-05-27,1.001,1.002,1.001,1.001,1.0014285714285713,1.0011999999999999,1.0007979999999999,1.0012395674137924,1.001105430898838,0.00013413651495430834,0.00019870008805083147,-6.456357309652313e-05,50.0,1.0011999999999999,0.0004103913408768283,1.0020207826817535,1.0003792173182462,0.0,0.00037721005290387204,0.0004544804027134563,0.0,0.0,0.0,0.0,0.0,0,0.0,0.0,0.3333333333333333,0.0
USDT,2021-05-28,1.001,1.001,1.0,1.0,1.0011428571428571,1.0011499999999998,1.0007979999999999,1.0010488647347473,1.0010235471285538,2.531760619350898e-05,0.00016402359167936697,-0.000138705985485858,33.3333333333358,1.0011499999999998,0.0004893604849656207,1.002128720969931,1.0001712790300685,-0.0009990009990008542,0.00048721941411148073,0.0004897204112389003,0.0,0.0,0.0,0.0,0.0,0,0.0,0.0,0.3333333333333333,0.0
USDT,2021-05-29,1.0,1.001,1.0,1.001,1.001,1.00115,1.00082,1.0010413470832478,1.001021802896809,1.95441864387913e-05,0.00013512771063125184,-0.00011558352419246054,50.0,1.00115,0.0004893604849656207,1.0021287209699312,1.0001712790300687,0.0009999999999998899,0.0006894457020730095,0.0004897743201779667,0.0,0.0,0.0,0.0,0.0,0,0.0,0.0,0.3333333333333333,0.0
USDT,2021-05-30,1.001,1.001,0.9993,1.0,1.0007142857142857,1.0010999999999999,1.0008219999999999,1.000881139839671,1.0009461137933418,-6.497395367066616e-05,9.510737777086824e-05,-0.0001600813314415344,40.00000000000089,1.0010999999999999,0.0005525062514851475,1.0022050125029702,0.9999949874970295,-0.0009990009990008542,0.0007553000950182185,0.0004897204112389003,0.0,0.0,0.0,0.0,0.0,0,0.0,0.0,0.3333333333333333,0.0
USDT,2021-05-31,1.0,1.001,0.9997,1.0,1.0005714285714284,1.0010499999999998,1.0008299999999999,1.000745579864337,1.0008760312901313,-0.0001304514257942646,4.999561705784167e-05,-0.00018044704285210628,40.00000000000089,1.0010499999999998,0.000604805318858741,1.0022596106377173,0.9998403893622823,0.0,0.0006896519818696233,0.0004544804027134563,0.0,0.0,0.0,0.0,0.0,0,0.0,0.0,0.3333333333333333,0.0
USDT,2021-06-01,1.0,1.0,0.9998,1.0,1.0004285714285714,1.001,1.0008299999999999,1.0006308752698236,1.000811140083455,-0.00018026481363131452,3.943530920010432e-06,-0.00018420834455132497,40.00000000000089,1.001,0.0006488856845506288,1.0022977713691013,0.9997022286308986,0.0,0.0006896519818696233,0.0004544804027134563,0.0,0.0,0.0,0.0,0.0,0,0.0,0.0,0.3333333333333333,0.0
USDT,2021-06-02,1.0,1.0,0.9997,1.0,1.0002857142857142,1.00095,1.00084,1.0005338175360046,1.0007510556328287,-0.00021723809682416828,-4.029279462882531e-05,-0.00017694530219534296,40.00000000000089,1.00095,0.0006863327411794542,1.002322665482359,0.9995773345176411,0.0,0.0006896519818696233,0.0004544804027134563,0.0,0.0,0.0,0.0,0.0,0,0.0,0.0,0.3333333333333333,0.0
USDT,2021-06-03,1.0,1.001,0.9999,1.0,1.000142857142857,1.0009000000000001,1.00084,1.0004516917612347,1.0006954218822488,-0.0002437301210140852,-8.09802599058773e-05,-0.00016274986110820792,24.999999999998607,1.0009000000000001,0.0007181848464847625,1.0023363696929697,0.9994636303070306,0.0,0.0006896519818696233,0.00041343335329974184,0.0,0.0,0.0,0.0,0.0,0,0.0,0.0,0.3333333333333333,0.0
USDT,2021-06-04,1.0,1.001,0.9999,1.001,1.0002857142857142,1.0009000000000001,1.00084,1.000536046874891,1.0007179832243045,-0.0001819363494135473,-0.00010117147780741131,-8.0764871606136e-05,39.99999999999822,1.0009000000000001,0.0007181848464847625,1.0023363696929697,0.9994636303070306,0.0009999999999998899,0.000689789857096614,0.0004544804027134563,0.0,0.0,0.0,0.0,0.0,0,0.0,0.0,0.3333333333333333,0.0
USDT,2021-06-05,1.001,1.001,0.9998,1.0,1.000142857142857,1.00085,1.00082,1.0004535781249078,1.0006647992817634,-0.00021122115685567877,-0.00012318141361706482,-8.803974323861395e-05,33.33333333333211,1.00085,0.0007451598203949626,1.0023403196407898,0.9993596803592101,-0.0009990009990008542,0.0006896519818696233,0.0004897204112389003,0.0,0.0,0.0,0.0,0.0,0,0.0,0.0,0.3333333333333333,0.0
USDT,2021-06-06,1.0,1.001,1.0,1.0,1.000142857142857,1.0008000000000001,1.0008,1.0003837968749218,1.0006155548905218,-0.00023175801559993658,-0.0001448967340136392,-8.686128158629739e-05,33.33333333333211,1.0008000000000001,0.0007677718959736849,1.0023355437919474,0.9992644562080527,0.0,0.0005770619339138592,0.0004897204112389003,0.0,0.0,0.0,0.0,0.0,0,0.0,0.0,0.3333333333333333,0.0
USDT,2021-06-07,1.0,1.001,0.9997,1.0,1.000142857142857,1.00075,1.0007799999999998,1.000324751201857,1.0005699582319647,-0.00024520703010777467,-0.0001649587932324663,-8.024823687530837e-05,39.99999999999999,1.00075,0.0007863975156803659,1.0023227950313607,0.9991772049686393,0.0,0.0005770619339138592,0.0004897204112389003,0.0,0.0,0.0,0.0,0.0,0,0.0,0.0,0.3333333333333333,0.0
USDT,2021-06-08,1.0,1.001,1.0,1.001,1.0002857142857142,1.0007499999999998,1.00078,1.0004286356323404,1.000601813177745,-0.0001731775454045792,-0.0001666025436668889,-6.5750017376902975e-06,50.0,1.0007499999999998,0.0007863975156803659,1.0023227950313605,0.999177204968639,0.0009999999999998899,0.000689789857096614,0.0005248324336965971,0.0,0.0,0.0,0.0,0.0,0,0.0,0.0,0.3333333333333333,0.0
USDT,2021-06-09,1.001,1.001,1.0,1.001,1.0004285714285714,1.0007,1.0007799999999998,1.0005165378427496,1.000631308497912,-0.00011477065516229956,-0.00015623616596597103,4.1465510803671466e-05,50.0,1.0007,0.0007326950970901824,1.0021653901941803,0.9992346098058196,0.0,0.000689789857096614,0.0005248324336965971,0.0,0.0,0.0,0.0,0.0,0,0.0,0.0,0.3333333333333333,0.0
USDT,2021-06-10,1.001,1.001,1.0,1.0,1.0004285714285714,1.0006,1.0007799999999998,1.0004370704823267,1.000584544905474,-0.00014747442314733128,-0.00015448381740224308,7.009394254911799e-06,42.857142857142854,1.0006,0.0006805570474059976,1.001961114094812,0.999238885905188,-0.0009990009990008542,0.0008160887841531433,0.0005556302929584258,0.0,0.0,0.0,0.0,0.0,0,0.0,0.0,0.3333333333333333,0.0
USDT,2021-06-11,1.0,1.0,1.0,1.0,1.0002857142857144,1.0005,1.0007799999999998,1.000369828869661,1.0005412452828464,-0.00017141641318541012,-0.0001578703365588765,-1.3546076626533618e-05,50.0,1.0005,0.0006069769786976891,1.0017139539573954,0.9992860460426045,0.0,0.0006896519818696233,0.0005556302929584258,0.0,0.0,0.0,0.0,0.0,0,0.0,0.0,0.3333333333333333,0.0
USDT,2021-06-12,1.0,1.001,1.0,1.0,1.0002857142857144,1.0004,1.0007599999999999,1.0003129321204824,1.0005011530396726,-0.00018822091919012962,-0.00016394045308512715,-2.4280466105002473e-05,39.99999999999999,1.0004,0.0005026246899874947,1.001405249379975,0.9993947506200249,0.0,0.0005770619339138594,0.0005556302929584258,0.0,0.0,0.0,0.0,0.0,0,0.0,0.0,0.3333333333333333,0.0
USDT,2021-06-13,1.0,1.001,0.9999,1.0,1.0002857142857144,1.0003499999999999,1.00074,1.0002647887173313,1.0004640305922894,-0.00019924187495812262,-0.00017100073745972624,-2.824113749839638e-05,50.0,1.0003499999999999,0.0004893604849682107,1.0013287209699362,0.9993712790300634,0.0,0.0005770619339138594,0.0005556302929584258,0.0,0.0,0.0,0.0,0.0,0,0.0,0.0,0.3333333333333333,0.0
USDT,2021-06-14,1.0,1.0,0.9998,1.0,1.0002857142857144,1.0003,1.0007199999999998,1.000224051991588,1.0004296579558236,-0.0002056059642356889,-0.00017792178281491878,-2.7684181420770105e-05,50.0,1.0003,0.0004701623460219566,1.0012403246920438,0.9993596753079561,0.0,0.0005770619339138594,0.0005556302929584258,0.0,0.0,0.0,0.0,0.0,0,0.0,0.0,0.3333333333333333,0.0
USDT,2021-06-15,1.0,1.0,0.9996,0.9998,1.0001142857142857,1.00024,1.000696,1.0001588132236514,1.0003830166257626,-0.00022420340211115608,-0.00018717810667416625,-3.702529543698983e-05,47.61904761904762,1.00024,0.00045236222099711383,1.0011447244419942,0.9993352755580058,-0.00019999999999997797,0.0003725209350601773,0.0005564179016788455,0.0,0.0,0.0,0.0,0.0,0,0.0,0.0,0.3333333333333333,0.0
USDT,2021-06-16,0.9998,1.0,0.9997,0.9998,0.9999428571428572,1.00018,1.000672,1.0001036111892434,1.0003398302090394,-0.00023621901979598015,-0.00019698628929852905,-3.9232730497451096e-05,47.61904761904762,1.00018,0.00042500773991256056,1.0010300154798253,0.999329984520175,0.0,0.0003725209350601773,0.0005564179016788455,0.0,0.0,0.0,0.0,0.0,0,0.0,0.0,0.3333333333333333,0.0
USDT,2021-06-17,0.9998,1.0,0.9998,1.0,0.9999428571428572,1.00018,1.0006519999999999,1.000087671006283,1.0003146576009625,-0.00022698659467956794,-0.00020298635037473684,-2.40002443048311e-05,50.0,1.00018,0.00042500773991256056,1.0010300154798253,0.999329984520175,0.0002000400080015563,0.00011548160356696316,0.0005581077732336095,0.0,0.0,0.0,0.0,0.0,0,0.0,0.0,0.3333333333333333,0.0
USDT,2021-06-18,1.0,1.001,0.9999,1.001,1.0000857142857142,1.0001799999999998,1.0006719999999998,1.0002280293130086,1.000365423704595,-0.00013739439158633182,-0.00018986795861705586,5.2473567030724035e-05,50.0,1.0001799999999998,0.00042500773991256056,1.001030015479825,0.9993299845201747,0.0009999999999998899,0.0003952103724303974,0.0005891560916202389,0.0,0.0,0.0,0.0,0.0,0,0.0,0.0,0.3333333333333333,0.0
USDT,2021-06-19,1.001,1.001,1.0,1.001,1.0002285714285715,1.00023,1.0006719999999998,1.0003467940340842,1.0004124293561063,-6.5635322022084e-05,-0.0001650214312980615,9.938610927597751e-05,64.70588235294117,1.00023,0.0004600915241171163,1.001150183048234,0.9993098169517657,0.0,0.0003952103724303974,0.0005581715082291284,0.0,0.0,0.0,0.0,0.0,0,0.0,0.0,0.3333333333333333,0.0
USDT,2021-06-20,1.001,1.001,1.001,1.001,1.0003714285714287,1.00028,1.000692,1.0004472872596097,1.000455953107506,-8.665847896160983e-06,-0.0001337503146176814,0.00012508446672152042,64.70588235294117,1.00028,0.0004873127171011545,1.0012546254342023,0.9993053745657977,0.0,0.0003952103724303974,0.0005581715082291284,0.0,0.0,0.0,0.0,0.0,0,0.0,0.0,0.3333333333333333,0.0
USDT,2021-06-21,1.001,1.002,1.0,1.001,1.0005142857142855,1.00033,1.0007119999999998,1.0005323199889005,1.0004962528773202,3.6067111580218025e-05,-9.978682937810153e-05,0.00013585394095831955,64.70588235294117,1.00033,0.0005079370040053013,1.0013458740080106,0.9993141259919893,0.0,0.0003952103724303974,0.0005581715082291284,0.0,0.0,0.0,0.0,0.0,0,0.0,0.0,0.3333333333333333,0.0
USDT,2021-06-22,1.001,1.002,1.001,1.001,1.0006857142857142,1.00038,1.000732,1.0006042707598388,1.0005335674790001,7.070328083869093e-05,-6.568880733474304e-05,0.00013639208817343399,50.0,1.00038,0.0005227457871016448,1.0014254915742034,0.9993345084257967,0.0,0.00037289140551256074,0.0005581715082291284,0.0,0.0,0.0,0.0,0.0,0,0.0,0.0,0.3333333333333333,0.0
USDT,2021-06-23,1.001,1.002,1.0,1.0,1.0007142857142857,1.00038,1.0007119999999998,1.000511306027556,1.0004940439620371,1.726206551877496e-05,-4.9098632764039445e-05,6.63606982828144e-05,35.294117647058826,1.00038,0.0005227457871016448,1.0014254915742034,0.9993345084257967,-0.0009990009990008542,0.0005819858516221852,0.0005582309642492845,0.0,0.0,0.0,0.0,0.0,0,0.0,0.0,0.3333333333333333,0.0
USDT,2021-06-24,1.0,1.001,1.0,1.0,1.0007142857142857,1.00033,1.000692,1.000432643561778,1.0004574481129973,-2.4804551219226312e-05,-4.423981645507682e-05,1.9435265235850508e-05,50.0,1.00033,0.0005079370040053013,1.0013458740080106,0.9993141259919893,0.0,0.0005770619339138594,0.0005582309642492845,0.0,0.0,0.0,0.0,0.0,0,0.0,0.0,0.3333333333333333,0.0
USDT,2021-06-25,1.0,1.0,0.9981,0.9997,1.0005285714285714,1.000315,1.0006659999999998,1.0003199291676583,1.0004013408453678,-8.141167770947533e-05,-5.167418870595652e-05,-2.9737489003518806e-05,44.44444444444444,1.000315,0.0005224184650923905,1.0013598369301848,0.9992701630698153,-0.00029999999999996696,0.00037570940444268285,0.0005602995865579664,0.0,0.0,0.0,0.0,0.0,0,0.0,0.0,0.3333333333333333,0.0
USDT,2021-06-26,0.9997,1.001,0.9996,1.001,1.0005285714285714,1.000365,1.0006659999999998,1.000424555449557,1.0004456859679332,-2.113051837615565e-05,-4.556545463999635e-05,2.4434936263840698e-05,62.5,1.000365,0.00053829653345766,1.0014415930669152,0.9992884069330846,0.0013003901170349774,0.0006805655952740815,0.0006116975943257578,0.0,0.0,0.0,0.0,0.0,0,0.0,0.0,0.3333333333333333,0.0
USDT,2021-06-27,1.001,1.003,1.0,1.001,1.0005285714285714,1.0004149999999998,1.0006659999999998,1.0005130853803943,1.0004867462666047,2.6339113789575208e-05,-3.118454095408204e-05,5.7523654743657245e-05,62.5,1.0004149999999998,0.0005489463592199413,1.0015128927184398,0.99931710728156,0.0,0.0006805655952740815,0.0005818938575937293,0.0,0.0,0.0,0.0,0.0,0,0.0,0.0,0.3333333333333333,0.0
USDT,2021-06-28,1.001,1.001,1.0,1.0,1.0003857142857142,1.000365,1.000646,1.000434149168026,1.000450690987597,-1.6541819571003202e-05,-2.8255996677466273e-05,1.171417710646307e-05,50.0,1.000365,0.00053829653345766,1.0014415930669152,0.9992884069330846,-0.0009990009990008542,0.0007783363465997781,0.0005818541351225175,0.0,0.0,0.0,0.0,0.0,0,0.0,0.0,0.3333333333333333,0.0
USDT,2021-06-29,1.0,1.001,1.0,1.0,1.000242857142857,1.000315,1.0006259999999998,1.0003673569883296,1.0004173064699973,-4.99494816676993e-05,-3.2594693675512884e-05,-1.7354787992186418e-05,52.08333333333333,1.000315,0.0005224184650923905,1.0013598369301848,0.9992701630698153,0.0,0.0007783363465997781,0.0005525190523242219,0.0,0.0,0.0,0.0,0.0,0,0.0,0.0,0.3333333333333333,0.0
USDT,2021-06-30,1.0,1.0,1.0,1.0,1.000242857142857,1.000315,1.0006059999999999,1.0003108405285865,1.000386394879627,-7.555435104045216e-05,-4.1186625148500744e-05,-3.436772589195142e-05,52.08333333333333,1.000315,0.0005224184650923905,1.0013598369301848,0.9992701630698153,0.0,0.0006805655952740815,0.0005525190523242219,0.0,0.0,0.0,0.0,0.0,0,0.0,0.0,0.3333333333333333,0.0
USDT,2021-07-01,1.0,1.0,0.9998,1.0,1.000242857142857,1.000315,1.0005859999999998,1.000263018908804,1.0003577730366917,-9.475412788773063e-05,-5.1900125696346724e-05,-4.285400219138391e-05,50.0,1.000315,0.0005224184650923905,1.0013598369301848,0.9992701630698153,0.0,0.0006805655952740815,0.0005525190523242219,0.0,0.0,0.0,0.0,0.0,0,0.0,0.0,0.3333333333333333,0.0
USDT,2021-07-02,1.0,1.0,0.9999,1.0,1.0002857142857142,1.000315,1.0005659999999998,1.0002225544612957,1.00033127133027,-0.00010871686897440114,-6.326347435195761e-05,-4.545339462244353e-05,36.11111111111111,1.000315,0.0005224184650923905,1.0013598369301848,0.9992701630698153,0.0,0.0006678374261634081,0.0005525190523242219,0.0,0.0,0.0,0.0,0.0,0,0.0,0.0,0.3333333333333333,0.0
USDT,2021-07-03,1.0,1.0,1.0,1.0,1.000142857142857,1.000315,1.000546,1.0001883153134041,1.0003067327132131,-0.00011841739980900101,-7.429425944336629e-05,-4.412314036563472e-05,36.11111111111111,1.000315,0.0005224184650923905,1.0013598369301848,0.9992701630698153,0.0,0.0003775868861234489,0.0005525190523242219,0.0,0.0,0.0,0.0,0.0,0,0.0,0.0,0.3333333333333333,0.0
USDT,2021-07-04,1.0,1.0,0.9998,0.9998,0.9999714285714286,1.000305,1.000522,1.0001285744959574,1.0002691969566788,-0.00014062246072144013,-8.755989969898107e-05,-5.306256102245907e-05,34.21052631578948,1.000305,0.0005306153330020486,1.001366230666004,0.999243769333996,-0.00019999999999997797,0.00037252093506017734,0.000520125842948352,0.0,0.0,0.0,0.0,0.0,0,0.0,0.0,0.3333333333333333,0.0
USDT,2021-07-05,0.9998,1.0,0.9998,1.0,0.9999714285714286,1.000315,1.000502,1.0001087938042716,1.0002492564413692,-0.00014046263709754925,-9.814044717869471e-05,-4.2322189918854534e-05,37.5,1.000315,0.0005224184650923905,1.0013598369301848,0.9992701630698153,0.0002000400080015563,0.00011548160356696331,0.0004890192526134793,0.0,0.0,0.0,0.0,0.0,0,0.0,0.0,0.3333333333333333,0.0
USDT,2021-07-06,1.0,1.001,1.0,1.0,0.9999714285714286,1.000325,1.0004819999999999,1.0000920562959221,1.0002307930012677,-0.0001387367053455879,-0.00010625969881207335,-3.2477006533514555e-05,37.5,1.000325,0.0005138861229944951,1.001352772245989,0.9992972277540109,0.0,0.00011548160356696331,0.0004890192526134793,0.0,0.0,0.0,0.0,0.0,0,0.0,0.0,0.3333333333333333,0.0
USDT,2021-07-07,1.0,1.001,1.0,1.0,0.9999714285714286,1.000325,1.0004619999999997,1.0000778937888573,1.000213697223396,-0.00013580343453867272,-0.00011216844595739323,-2.3634988581279484e-05,50.0,1.000325,0.0005138861229944951,1.001352772245989,0.9992972277540109,0.0,0.00011548160356696331,0.0004890192526134793,0.0,0.0,0.0,0.0,0.0,0,0.0,0.0,0.3333333333333333,0.0
USDT,2021-07-08,1.0,1.0,0.9991,0.9994,0.9998857142857143,1.000245,1.00043,0.9999736024367254,1.0001534233549962,-0.00017982091827084545,-0.00012569894042008367,-5.412197785076178e-05,41.66666666666538,1.000245,0.0005276312508562955,1.0013002625017127,0.9991897374982874,-0.0006000000000000449,0.0002544910907610275,0.00046275380912322057,0.0,0.0,0.0,0.0,0.0,0,0.0,0.0,0.3333333333333333,0.0
USDT,2021-07-09,0.9994,0.9998,0.9992,0.9996,0.9998285714285714,1.000175,1.0003819999999999,0.9999161251387677,1.000112429032404,-0.00019630389363622935,-0.00013981993106331283,-5.6483962572916524e-05,48.57142857142866,1.000175,0.000514909291997712,1.0012048185839955,0.9991451814160046,0.0002001200720433971,0.0002760510811371976,0.00046498440986573417,0.0,0.0,0.0,0.0,0.0,0,0.0,0.0,0.3333333333333333,0.0
USDT,2021-07-10,0.9996,1.0,0.9991,0.9999,0.9998142857142858,1.00012,1.00034,0.9999136443481881,1.0000966935485223,-0.00018304920033418437,-0.00014846578491748715,-3.458341541669722e-05,28.00000000000196,1.00012,0.00047969288424598686,1.0010793857684919,0.9991606142315079,0.00030012004801927006,0.0003078732185713799,0.0004325887200906203,0.0,0.0,0.0,0.0,0.0,0,0.0,0.0,0.3333333333333333,0.0
USDT,2021-07-11,0.9999,1.0,0.9998,1.0,0.9998428571428571,1.00007,1.0003,0.9999269298330822,1.0000895310634466,-0.00016260123036437868,-0.00015129287400686547,-1.1308356357513208e-05,30.769230769232422,1.00007,0.00043298231401407087,1.0009359646280283,0.9992040353719719,0.00010001000100001711,0.00029844240511304034,0.00043299973315791474,0.0,0.0,0.0,0.0,0.0,0,0.0,0.0,0.3333333333333333,0.0
USDT,2021-07-12,1.0,1.0,0.9995,0.9998,0.9998142857142857,1.00001,1.000256,0.9999074021664541,1.000068084318006,-0.00016068215155196075,-0.00015317072951588452,-7.511422036076228e-06,44.44444444444513,1.00001,0.0003768288736795132,1.000763657747359,0.999256342252641,-0.00019999999999997797,0.00029844655711987856,0.0004345380904144969,0.0,0.0,0.0,0.0,0.0,0,0.0,0.0,0.3333333333333333,0.0
USDT,2021-07-13,0.9998,1.0,0.9995,1.0,0.9998142857142857,1.00001,1.000236,0.9999216479869997,1.0000630410351907,-0.00014139304819105192,-0.000150815193250918,9.422145059866089e-06,50.0,1.00001,0.0003768288736795132,1.000763657747359,0.999256342252641,0.0002000400080015563,0.00031094964210085136,0.0004361742097400241,0.0,0.0,0.0,0.0,0.0,0,0.0,0.0,0.3333333333333333,0.0
USDT,2021-07-14,1.0,1.0,1.0,1.0,0.9998142857142857,1.00001,1.000216,0.9999337021428458,1.0000583713288802,-0.00012466918603437627,-0.00014558599180760967,2.0916805773233402e-05,50.0,1.00001,0.0003768288736795132,1.000763657747359,0.999256342252641,0.0,0.00031094964210085136,0.0004361742097400241,0.0,0.0,0.0,0.0,0.0,0,0.0,0.0,0.3333333333333333,0.0
USDT,2021-07-15,1.0,1.0,0.9998,1.0,0.9999,1.000025,1.0001959999999999,0.9999439018131773,1.000054047526741,-0.00011014571356371405,-0.00013849793615883056,2.835222259511651e-05,50.0,1.000025,0.000369743865877905,1.0007644877317559,0.9992855122682441,0.0,0.0001676602575131393,0.00043453582788834626,0.0,0.0,0.0,0.0,0.0,0,0.0,0.0,0.3333333333333333,0.0
USDT,2021-07-16,1.0,1.0,1.0,1.0,0.999957142857143,0.9999750000000001,1.000176,0.9999525323034577,1.0000500440062416,-9.751170278393673e-05,-0.00013030068948385182,3.278898669991509e-05,50.0,0.9999750000000001,0.0002899637001540852,1.0005549274003083,0.9993950725996918,0.0,0.00016187107331122543,0.00043453582788834626,0.0,0.0,0.0,0.0,0.0,0,0.0,0.0,0.3333333333333333,0.0
USDT,2021-07-17,1.0,1.001,1.0,1.0,0.9999714285714286,0.999925,1.000176,0.9999598350260027,1.0000463370428163,-8.650201681359437e-05,-0.00012154095494980034,3.5038938136205966e-05,50.0,0.999925,0.00016181535948425914,1.0002486307189684,0.9996013692810314,0.0,0.00012150994780168436,0.00043299973315791474,0.0,0.0,0.0,0.0,0.0,0,0.0,0.0,0.3333333333333333,0.0
USDT,2021-07-18,1.0,1.001,0.9995,1.001,1.0001142857142857,0.9999749999999998,1.000176,1.0001198604066177,1.0001169787433484,2.8816632693384747e-06,-9.665643130597258e-05,9.953809457531105e-05,71.42857142856973,0.9999749999999998,0.0002899637001540852,1.000554927400308,0.9993950725996916,0.0009999999999998899,0.00039521037243039745,0.00043299973315791474,0.0,0.0,0.0,0.0,0.0,0,0.0,0.0,0.3333333333333333,0.0
USDT,2021-07-19,1.001,1.001,1.0,1.0,1.0001428571428572,0.9999749999999998,1.000176,1.0001014203440612,1.0001083136512485,-6.893307187283426e-06,-7.870380648223475e-05,7.181049929495132e-05,50.0,0.9999749999999998,0.0002899637001540852,1.000554927400308,0.9993950725996916,-0.0009990009990008542,0.0005819858516221853,0.00046985293238447376,0.0,0.0,0.0,0.0,0.0,0,0.0,0.0,0.3333333333333333,0.0
USDT,2021-07-20,1.0,1.001,1.0,1.0,1.000142857142857,0.9999749999999998,1.000176,1.0000858172142058,1.0001002904178227,-1.4473203616915953e-05,-6.585768590917099e-05,5.138448229225504e-05,50.0,0.9999749999999998,0.0002899637001540852,1.000554927400308,0.9993950725996916,0.0,0.0005770619339138594,0.00046985293238447376,0.0,0.0,0.0,0.0,0.0,0,0.0,0.0,0.3333333333333333,0.0
USDT,2021-07-21,1.0,1.001,1.0,1.0,1.000142857142857,0.9999749999999998,1.000176,1.0000726145658665,1.000092861497984,-2.0246932117551353e-05,-5.673553515084706e-05,3.648860303329571e-05,50.0,0.9999749999999998,0.0002899637001540852,1.000554927400308,0.9993950725996916,0.0,0.0005770619339138594,0.00046985293238447376,0.0,0.0,0.0,0.0,0.0,0,0.0,0.0,0.3333333333333333,0.0
USDT,2021-07-22,1.0,1.0,1.0,1.0,1.000142857142857,0.9999749999999998,1.000176,1.0000614430941948,1.0000859828685038,-2.453977430905141e-05,-5.0296382982487935e-05,2.5756608673436525e-05,60.00000000000148,0.9999749999999998,0.0002899637001540852,1.000554927400308,0.9993950725996916,0.0,0.0005770619339138594,0.00046985293238447376,0.0,0.0,0.0,0.0,0.0,0,0.0,0.0,0.3333333333333333,0.0
USDT,2021-07-23,1.0,1.001,1.0,1.0,1.000142857142857,0.9999749999999998,1.000176,1.0000519903104725,1.000079613767133,-2.7623456660519352e-05,-4.576179771809422e-05,1.813834105757487e-05,57.14285714285714,0.9999749999999998,0.0002899637001540852,1.000554927400308,0.9993950725996916,0.0,0.0005770619339138594,0.00043299973315791474,0.0,0.0,0.0,0.0,0.0,0,0.0,0.0,0.3333333333333333,0.0
USDT,2021-07-24,1.0,1.001,1.0,1.001,1.0002857142857142,1.000035,1.000176,1.0001978379550152,1.0001477905251233,5.0047429891897366e-05,-2.6599952196095905e-05,7.664738208799327e-05,65.71428571428572,1.000035,0.00036602415801290956,1.0007670483160258,0.9993029516839742,0.0009999999999998899,0.0006897898570966141,0.0004699104737963988,0.0,0.0,0.0,0.0,0.0,0,0.0,0.0,0.3333333333333333,0.0
USDT,2021-07-25,1.001,1.001,1.001,1.001,1.0002857142857142,1.000085,1.0001959999999999,1.0003212475003975,1.000210917152892,0.0001103303475056272,7.861077442487163e-07,0.00010954423976137848,64.70588235294117,1.000085,0.00042460507971838407,1.0009342101594367,0.9992357898405632,0.0,0.0005770619339138594,0.00046574395004126497,0.0,0.0,0.0,0.0,0.0,0,0.0,0.0,0.3333333333333333,0.0
USDT,2021-07-26,1.001,1.001,0.9999,1.0,1.0002857142857142,1.000085,1.0001959999999999,1.0002718248080287,1.000195293660085,7.653114794359261e-05,1.5935115784117495e-05,6.0596032159475116e-05,52.38095238095238,1.000085,0.00042460507971838407,1.0009342101594367,0.9992357898405632,-0.0009990009990008542,0.0005770619339138594,0.0004402605494774045,0.0,0.0,0.0,0.0,0.0,0,0.0,0.0,0.3333333333333333,0.0
USDT,2021-07-27,1.0,1.001,1.0,1.0,1.0002857142857142,1.000085,1.0001959999999999,1.0002300056067934,1.0001808274630417,4.917814375171581e-05,2.2583721377637157e-05,2.659442237407865e-05,50.0,1.000085,0.00042460507971838407,1.0009342101594367,0.9992357898405632,0.0,0.0005770619339138594,0.0004402605494774045,0.0,0.0,0.0,0.0,0.0,0,0.0,0.0,0.3333333333333333,0.0
USDT,2021-07-28,1.0,1.001,1.0,1.0,1.0002857142857142,1.000115,1.000176,1.0001946201288252,1.0001674328361498,2.7187292675368013e-05,2.350443563718333e-05,3.682857038184683e-06,50.0,1.000115,0.00039373381341696427,1.000902467626834,0.9993275323731662,0.0,0.0005770619339138594,0.00040069594232476093,0.0,0.0,0.0,0.0,0.0,0,0.0,0.0,0.3333333333333333,0.0
USDT,2021-07-29,1.0,1.0,1.0,1.0,1.0002857142857142,1.000135,1.0001559999999998,1.0001646785705445,1.0001550304038425,9.648166702014294e-06,2.0733181850149525e-05,-1.1085015148135231e-05,50.0,1.000135,0.00037595492456080434,1.0008869098491215,0.9993830901508783,0.0,0.0005770619339138594,0.00040069594232476093,0.0,0.0,0.0,0.0,0.0,0,0.0,0.0,0.3333333333333333,0.0
USDT,2021-07-30,1.0,1.001,1.0,1.0,1.0002857142857142,1.00014,1.0001559999999998,1.0001393434058454,1.0001435466702244,-4.203264378999094e-06,1.5745892604319803e-05,-1.9949156983318897e-05,50.0,1.00014,0.0003733208018460597,1.0008866416036921,0.9993933583963079,0.0,0.0005770619339138594,0.00040069594232476093,0.0,0.0,0.0,0.0,0.0,0,0.0,0.0,0.3333333333333333,0.0
USDT,2021-07-31,1.001,1.001,1.0,1.0,1.000142857142857,1.00014,1.0001559999999998,1.0001179059587924,1.000132913583541,-1.5007624748708537e-05,9.595189133714135e-06,-2.460281388242267e-05,50.0,1.00014,0.0003733208018460597,1.0008866416036921,0.9993933583963079,0.0,0.00037758688612344894,0.00040069594232476093,0.0,0.0,0.0,0.0,0.0,0,0.0,0.0,0.3333333333333333,0.0
USDT,2021-08-01,1.0,1.001,1.0,1.0,1.0,1.00015,1.0001559999999998,1.0000997665805167,1.0001230681329083,-2.3301552391608027e-05,3.015840828649702e-06,-2.631739322025773e-05,33.33333333333333,1.00015,0.000366347548584845,1.0008826950971699,0.9994173049028304,0.0,0.00037758688612344894,0.00040069594232476093,0.0,0.0,0.0,0.0,0.0,0,0.0,0.0,0.3333333333333333,0.0
USDT,2021-08-02,1.0,1.001,1.0,1.0,1.0,1.00015,1.0001559999999998,1.000084417875822,1.0001139519749151,-2.9534099093231347e-05,-3.494147155726508e-06,-2.603995193750484e-05,50.0,1.00015,0.000366347548584845,1.0008826950971699,0.9994173049028304,0.0,0.0,0.00040069594232476093,0.0,0.0,0.0,0.0,0.0,0,0.0,0.0,0.3333333333333333,0.0
USDT,2021-08-03,1.0,1.001,1.0,1.0,1.0,1.00015,1.0001559999999998,1.0000714305103109,1.0001055110878845,-3.408057757359195e-05,-9.611433239299597e-06,-2.4469144334292354e-05,50.0,1.00015,0.000366347548584845,1.0008826950971699,0.9994173049028304,0.0,0.0,0.00039891212118766414,0.0,0.0,0.0,0.0,0.0,0,0.0,0.0,0.3333333333333333,0.0
USDT,2021-08-04,1.0,1.0,0.9999,1.0,1.0,1.00015,1.00016,1.0000604412010323,1.0000976954517449,-3.72542507125484e-05,-1.5139996733949358e-05,-2.2114253978599042e-05,50.0,1.00015,0.000366347548584845,1.0008826950971699,0.9994173049028304,0.0,0.0,0.00039723804680375137,0.0,0.0,0.0,0.0,0.0,0,0.0,0.0,0.3333333333333333,0.0
USDT,2021-08-05,1.0,1.001,0.9997,1.0,1.0,1.00015,1.0001639999999998,1.0000511425547196,1.0000904587516157,-3.931619689612198e-05,-1.9975236766383884e-05,-1.9340960129738096e-05,50.0,1.00015,0.000366347548584845,1.0008826950971699,0.9994173049028304,0.0,0.0,0.00039723804680375137,0.0,0.0,0.0,0.0,0.0,0,0.0,0.0,0.3333333333333333,0.0
USDT,2021-08-06,1.0,1.0,1.0,1.0,1.0,1.00015,1.0001639999999998,1.0000432744693781,1.000083758103348,-4.048363396980115e-05,-2.4076916207067338e-05,-1.640671776273381e-05,50.0,1.00015,0.000366347548584845,1.0008826950971699,0.9994173049028304,0.0,0.0,0.00039723804680375137,0.0,0.0,0.0,0.0,0.0,0,0.0,0.0,0.3333333333333333,0.0
USDT,2021-08-07,1.0,1.001,1.0,1.0,1.0,1.0001000000000002,1.000144,1.0000366168587045,1.0000775537993962,-4.0936940691738144e-05,-2.7448921104001502e-05,-1.3488019587736642e-05,0.0,1.0001000000000002,0.00030779350568800086,1.0007155870113762,0.9994844129886242,0.0,0.0,0.0003807457466324691,0.0,0.0,0.0,0.0,0.0,0,0.0,0.0,0.3333333333333333,0.0
USDT,2021-08-08,1.0,1.0,0.9999,1.0,1.0,1.0001000000000002,1.0001239999999998,1.000030983495827,1.000071809073515,-4.0825577688030634e-05,-3.0124252420807328e-05,-1.0701325267223306e-05,0.0,1.0001000000000002,0.00030779350568800086,1.0007155870113762,0.9994844129886242,0.0,0.0,0.00037923265242917564,0.0,0.0,0.0,0.0,0.0,0,0.0,0.0,0.3333333333333333,0.0
USDT,2021-08-09,1.0,1.0,1.0,1.0,1.0,1.0001000000000002,1.0001039999999999,1.0000262168041614,1.0000664898828842,-4.027307872278563e-05,-3.215401768120299e-05,-8.119061041582638e-06,,1.0001000000000002,0.00030779350568800086,1.0007155870113762,0.9994844129886242,0.0,0.0,0.0003753470518450347,0.0,0.0,0.0,0.0,0.0,0,0.0,0.0,0.3333333333333333,0.0
USDT,2021-08-10,1.0,1.0,1.0,1.0,1.0,1.0001000000000002,1.000084,1.000022183449675,1.0000615647063742,-3.938125669922243e-05,-3.359946548480688e-05,-5.78179121441555e-06,,1.0001000000000002,0.00030779350568800086,1.0007155870113762,0.9994844129886242,0.0,0.0,0.0003749032913614654,0.0,0.0,0.0,0.0,0.0,0,0.0,0.0,0.3333333333333333,0.0
USDT,2021-08-11,1.0,1.001,1.0,1.0,1.0,1.0001000000000002,1.000064,1.0000187706112635,1.000057004357754,-3.823374649036815e-05,-3.4526321685919135e-05,-3.707424804449013e-06,,1.0001000000000002,0.00030779350568800086,1.0007155870113762,0.9994844129886242,0.0,0.0,0.0003729963183481125,0.0,0.0,0.0,0.0,0.0,0,0.0,0.0,0.3333333333333333,0.0
USDT,2021-08-12,1.0,1.001,1.0,1.0,1.0,1.0001000000000002,1.000064,1.0000158828249153,1.0000527818127352,-3.689898781988887e-05,-3.500085491271308e-05,-1.898132907175792e-06,,1.0001000000000002,0.00030779350568800086,1.0007155870113762,0.9994844129886242,0.0,0.0,0.0003712052066982724,0.0,0.0,0.0,0.0,0.0,0,0.0,0.0,0.3333333333333333,0.0
USDT,2021-08-13,1.0,1.001,1.0,1.0,1.0,1.00005,1.000064,1.00001343931339,1.0000488720488288,-3.543273543882286e-05,-3.508723101793504e-05,-3.4550442088782167e-07,,1.00005,0.00022360679783616608,1.0004972135956725,0.9996027864043278,0.0,0.0,0.0003712052066982724,0.0,0.0,0.0,0.0,0.0,0,0.0,0.0,0.3333333333333333,0.0
USDT,2021-08-14,1.0,1.001,1.0,1.001,1.000142857142857,1.0000499999999999,1.00009,1.0001652178805607,1.0001193259711376,4.589190942305699e-05,-1.8891402929736633e-05,6.478331235279362e-05,100.0,1.0000499999999999,0.00022360679783616608,1.0004972135956722,0.9996027864043275,0.0009999999999998899,0.00037796447300957704,0.00041366900500906714,0.0,0.0,0.0,0.0,0.0,0,0.0,0.0,0.3333333333333333,0.0
USDT,2021-08-15,1.001,1.001,1.0,1.001,1.0002857142857142,1.0001,1.00009,1.000293645898936,1.0001845610843867,0.00010908481454929841,6.703840566070378e-06,0.00010238097398322803,100.0,1.0001,0.00030779350568800086,1.000715587011376,0.999484412988624,0.0,0.00037796447300957704,0.00041366900500906714,0.0,0.0,0.0,0.0,0.0,0,0.0,0.0,0.3333333333333333,0.0
USDT,2021-08-16,1.001,1.001,1.0,1.0,1.0002857142857142,1.0001,1.00007,1.000248469606792,1.0001708898929507,7.757971384125817e-05,2.0879015221107938e-05,5.670069862015023e-05,50.0,1.0001,0.00030779350568800086,1.000715587011376,0.999484412988624,-0.0009990009990008542,0.0005770619339138594,0.00045463166935321954,0.0,0.0,0.0,0.0,0.0,0,0.0,0.0,0.3333333333333333,0.0
USDT,2021-08-17,1.0,1.0,1.0,1.0,1.0002857142857142,1.0001,1.00007,1.0002102435134392,1.0001582313823618,5.201213107741687e-05,2.7105638392369724e-05,2.4906492685047143e-05,50.0,1.0001,0.00030779350568800086,1.000715587011376,0.999484412988624,0.0,0.0005770619339138594,0.00041359963797484066,0.0,0.0,0.0,0.0,0.0,0,0.0,0.0,0.3333333333333333,0.0
USDT,2021-08-18,1.0,1.0,1.0,1.0,1.0002857142857142,1.0001,1.00007,1.0001778983575256,1.000146510539224,3.138781830158699e-05,2.796207437421318e-05,3.42574392737381e-06,50.0,1.0001,0.00030779350568800086,1.000715587011376,0.999484412988624,0.0,0.0005770619339138594,0.0003712052066982724,0.0,0.0,0.0,0.0,0.0,0,0.0,0.0,0.3333333333333333,0.0
USDT,2021-08-19,1.0,1.0,0.9999,1.0,1.0002857142857142,1.0001,1.00007,1.0001505293794448,1.000135657906689,1.4871472755917381e-05,2.534395405055402e-05,-1.047248129463664e-05,50.0,1.0001,0.00030779350568800086,1.000715587011376,0.999484412988624,0.0,0.0005770619339138594,0.0003712052066982724,0.0,0.0,0.0,0.0,0.0,0,0.0,0.0,0.3333333333333333,0.0
USDT,2021-08-20,1.0,1.0,0.9999,1.0,1.0002857142857142,1.0001,1.00007,1.0001273710133765,1.00012560917286,1.7618405163677409e-06,2.0627531343716765e-05,-1.8865690827349024e-05,50.0,1.0001,0.00030779350568800086,1.000715587011376,0.999484412988624,0.0,0.0005770619339138594,0.0003712052066982724,0.0,0.0,0.0,0.0,0.0,0,0.0,0.0,0.3333333333333333,0.0
USDT,2021-08-21,1.0,1.001,1.0,1.001,1.0002857142857142,1.00015,1.00009,1.000261621626703,1.0001903788637594,7.12427629436796e-05,3.075057766370933e-05,4.0492185279970265e-05,66.66666666666666,1.00015,0.000366347548584845,1.0008826950971699,0.9994173049028304,0.0009999999999998899,0.0005770619339138594,0.00041366900500906714,0.0,0.0,0.0,0.0,0.0,0,0.0,0.0,0.3333333333333333,0.0
USDT,2021-08-22,1.001,1.001,1.0,1.001,1.0002857142857142,1.0002,1.00011,1.000375218299518,1.000250350799777,0.0001248674997409438,4.9573962079156224e-05,7.529353766178758e-05,66.66666666666666,1.0002,0.00041039134088061846,1.0010207826817612,0.9993792173182388,0.0,0.0005770619339138594,0.00041366900500906714,0.0,0.0,0.0,0.0,0.0,0,0.0,0.0,0.3333333333333333,0.0
USDT,2021-08-23,1.001,1.001,1.0,1.0,1.0002857142857142,1.0002,1.0001140000000002,1.0003174924072844,1.00023180629609,8.568611119441627e-05,5.679639190220823e-05,2.8889719292208038e-05,50.0,1.0002,0.00041039134088061846,1.0010207826817612,0.9993792173182388,-0.0009990009990008542,0.0005770619339138594,0.00041359963797484066,0.0,0.0,0.0,0.0,0.0,0,0.0,0.0,0.3333333333333333,0.0
USDT,2021-08-24,1.0,1.0,0.9999,1.0,1.0002857142857142,1.0002,1.0001140000000002,1.0002686474215483,1.0002146354593426,5.401196220566895e-05,5.623950596290038e-05,-2.227543757231432e-06,50.0,1.0002,0.00041039134088061846,1.0010207826817612,0.9993792173182388,0.0,0.0005770619339138594,0.00041359963797484066,0.0,0.0,0.0,0.0,0.0,0,0.0,0.0,0.3333333333333333,0.0
USDT,2021-08-25,1.0,1.0,0.9999,1.0,1.0002857142857142,1.0002,1.0001140000000002,1.0002273170490024,1.0001987365364284,2.858051257392802e-05,5.070770728510591e-05,-2.2127194711177893e-05,50.0,1.0002,0.00041039134088061846,1.0010207826817612,0.9993792173182388,0.0,0.0005770619339138594,0.0003712052066982724,0.0,0.0,0.0,0.0,0.0,0,0.0,0.0,0.3333333333333333,0.0
USDT,2021-08-26,1.0,1.0,1.0,1.0,1.0002857142857142,1.0002,1.0001140000000002,1.0001923451953096,1.0001840153115078,8.329883801838633e-06,4.223214258845246e-05,-3.3902258786613824e-05,50.0,1.0002,0.00041039134088061846,1.0010207826817612,0.9993792173182388,0.0,0.0005770619339138594,0.0003712052066982724,0.0,0.0,0.0,0.0,0.0,0,0.0,0.0,0.3333333333333333,0.0
USDT,2021-08-27,1.0,1.001,1.0,1.0,1.0002857142857142,1.0002,1.000126,1.0001627536268005,1.0001703845476924,-7.630920891843473e-06,3.2259529892393274e-05,-3.989045078423675e-05,50.0,1.0002,0.00041039134088061846,1.0010207826817612,0.9993792173182388,0.0,0.0005770619339138594,0.0003712052066982724,0.0,0.0,0.0,0.0,0.0,0,0.0,0.0,0.3333333333333333,0.0
USDT,2021-08-28,1.0,1.001,1.0,1.001,1.0002857142857142,1.0002499999999999,1.000154,1.000291560761139,1.0002318375441597,5.972321697922389e-05,3.77522673097594e-05,2.1970949669464495e-05,50.0,1.0002499999999999,0.00044426165836219706,1.0011385233167243,0.9993614766832755,0.0009999999999998899,0.0005770619339138594,0.00041366900500906714,0.0,0.0,0.0,0.0,0.0,0,0.0,0.0,0.3333333333333333,0.0
USDT,2021-08-29,1.001,1.001,1.0,1.001,1.0002857142857142,1.0003,1.000176,1.0004005514132714,1.0002887384668144,0.00011181294645701279,5.256440313921008e-05,5.924854331780271e-05,50.0,1.0003,0.00047016234602203073,1.001240324692044,0.9993596753079559,0.0,0.0005770619339138594,0.00041366900500906714,0.0,0.0,0.0,0.0,0.0,0,0.0,0.0,0.3333333333333333,0.0
USDT,2021-08-30,1.001,1.001,1.0,1.001,1.0004285714285714,1.0003499999999999,1.0001959999999999,1.000492774272768,1.0003414245063096,0.0001513497664584751,7.232147580306309e-05,7.9028290655412e-05,66.66666666666666,1.0003499999999999,0.0004893604849683052,1.0013287209699364,0.9993712790300633,0.0,0.00037796447300957704,0.00041366900500906714,0.0,0.0,0.0,0.0,0.0,0,0.0,0.0,0.3333333333333333,0.0
USDT,2021-08-31,1.001,1.001,1.0,1.0,1.0004285714285714,1.0003499999999999,1.0002000000000002,1.0004169628461883,1.0003161338021385,0.00010082904404984383,7.802298945241924e-05,2.280605459742459e-05,50.0,1.0003499999999999,0.0004893604849683052,1.0013287209699364,0.9993712790300633,-0.0009990009990008542,0.0005770619339138594,0.00045463166935321954,0.0,0.0,0.0,0.0,0.0,0,0.0,0.0,0.3333333333333333,0.0
USDT,2021-09-01,1.0,1.001,1.0,1.0,1.0004285714285714,1.0003499999999999,1.0002000000000002,1.0003528147160055,1.0002927164834616,6.009823254382596e-05,7.443803807070058e-05,-1.4339805526874627e-05,50.0,1.0003499999999999,0.0004893604849683052,1.0013287209699364,0.9993712790300633,0.0,0.0005770619339138594,0.00045463166935321954,0.0,0.0,0.0,0.0,0.0,0,0.0,0.0,0.3333333333333333,0.0
USDT,2021-09-02,1.0,1.001,1.0,1.0,1.0004285714285714,1.0003499999999999,1.0002000000000002,1.0002985355289278,1.000271033780983,2.7501747944747024e-05,6.505078004550987e-05,-3.7549032100762846e-05,50.0,1.0003499999999999,0.0004893604849683052,1.0013287209699364,0.9993712790300633,0.0,0.0005770619339138594,0.00045463166935321954,0.0,0.0,0.0,0.0,0.0,0,0.0,0.0,0.3333333333333333,0.0
USDT,2021-09-03,1.0,1.0,1.0,1.0,1.0004285714285714,1.0003,1.0002000000000002,1.0002526069860158,1.0002509572046139,1.6497814019356127e-06,5.237058031679502e-05,-5.072079891485941e-05,50.0,1.0003,0.00047016234602203073,1.001240324692044,0.9993596753079559,0.0,0.0005770619339138594,0.00045463166935321954,0.0,0.0,0.0,0.0,0.0,0,0.0,0.0,0.3333333333333333,0.0
USDT,2021-09-04,1.0,1.001,1.0,1.0,1.0002857142857144,1.0002499999999999,1.0002000000000002,1.0002137443727825,1.00023236778205,-1.8623409267393143e-05,3.817178239995739e-05,-5.679519166735053e-05,33.33333333333333,1.0002499999999999,0.00044426165836219706,1.0011385233167243,0.9993614766832755,0.0,0.00037758688612344894,0.00045463166935321954,0.0,0.0,0.0,0.0,0.0,0,0.0,0.0,0.3333333333333333,0.0
USDT,2021-09-05,1.0,1.001,1.0,1.0,1.000142857142857,1.0002499999999999,1.0002000000000002,1.0001808606231237,1.00021515535375,-3.429473062621646e-05,2.3678479794722618e-05,-5.797321042093908e-05,33.33333333333333,1.0002499999999999,0.00044426165836219706,1.0011385233167243,0.9993614766832755,0.0,0.00037758688612344894,0.00045463166935321954,0.0,0.0,0.0,0.0,0.0,0,0.0,0.0,0.3333333333333333,0.0
USDT,2021-09-06,1.0,1.001,1.0,1.0,1.0,1.0002499999999999,1.00018,1.000153035911874,1.0001992179201389,-4.618200826489449e-05,9.706382182799195e-06,-5.5888390447693685e-05,50.0,1.0002499999999999,0.00044426165836219706,1.0011385233167243,0.9993614766832755,0.0,0.00037758688612344894,0.00045463166935321954,0.0,0.0,0.0,0.0,0.0,0,0.0,0.0,0.3333333333333333,0.0
USDT,2021-09-07,1.0,1.002,1.0,1.001,1.0001428571428572,1.0003,1.0002,1.000283338079278,1.0002585351112396,2.4802968038306616e-05,1.272569935390068e-05,1.2077268684405936e-05,66.66666666666666,1.0003,0.00047016234602203073,1.001240324692044,0.9993596753079559,0.0009999999999998899,0.00037796447300957704,0.0004899146848688646,0.0,0.0,0.0,0.0,0.0,0,0.0,0.0,0.3333333333333333,0.0
USDT,2021-09-08,1.001,1.001,1.0,1.0,1.000142857142857,1.0003,1.0002,1.000239747605543,1.000239384362259,3.6324328389625293e-07,1.0253208139899796e-05,-9.889964856003543e-06,50.0,1.0003,0.00047016234602203073,1.001240324692044,0.9993596753079559,-0.0009990009990008542,0.0005770619339138594,0.0005249634289963667,0.0,0.0,0.0,0.0,0.0,0,0.0,0.0,0.3333333333333333,0.0
USDT,2021-09-09,1.0,1.0,1.0,1.0,1.000142857142857,1.0003,1.0002,1.0002028633585363,1.0002216521872769,-1.8788828740623487e-05,4.44480076379514e-06,-2.3233629504418627e-05,50.0,1.0003,0.00047016234602203073,1.001240324692044,0.9993596753079559,0.0,0.0005770619339138594,0.0005249634289963667,0.0,0.0,0.0,0.0,0.0,0,0.0,0.0,0.3333333333333333,0.0
USDT,2021-09-10,1.0,1.0,0.9999,1.0,1.000142857142857,1.0002499999999999,1.0002,1.0001716536110692,1.000205233506738,-3.357989566876718e-05,-3.1601385227173236e-06,-3.0419757146049855e-05,50.0,1.0002499999999999,0.00044426165836219706,1.0011385233167243,0.9993614766832755,0.0,0.0005770619339138594,0.0005249634289963667,0.0,0.0,0.0,0.0,0.0,0,0.0,0.0,0.3333333333333333,0.0
USDT,2021-09-11,1.0,1.0,1.0,1.0,1.000142857142857,1.0002,1.0002,1.0001452453632125,1.0001900310247573,-4.478566154486607e-05,-1.1485243127147073e-05,-3.3300418417719e-05,33.33333333333333,1.0002,0.00041039134088061846,1.0010207826817612,0.9993792173182388,0.0,0.0005770619339138594,0.0005249634289963667,0.0,0.0,0.0,0.0,0.0,0,0.0,0.0,0.3333333333333333,0.0
USDT,2021-09-12,1.0,1.0,1.0,1.0,1.000142857142857,1.0002,1.00018,1.0001228999227183,1.000175954652553,-5.305472983474502e-05,-1.9799140468666665e-05,-3.3255589366078353e-05,33.33333333333333,1.0002,0.00041039134088061846,1.0010207826817612,0.9993792173182388,0.0,0.0005770619339138594,0.0005249634289963667,0.0,0.0,0.0,0.0,0.0,0,0.0,0.0,0.3333333333333333,0.0
USDT,2021-09-13,1.0,1.0,1.0,1.0,1.000142857142857,1.0002,1.0001600000000002,1.0001039922423,1.0001629209745861,-5.8928732286078755e-05,-2.7625058832149083e-05,-3.1303673453929675e-05,33.33333333333333,1.0002,0.00041039134088061846,1.0010207826817612,0.9993792173182388,0.0,0.0005770619339138594,0.000489860800729828,0.0,0.0,0.0,0.0,0.0,0,0.0,0.0,0.3333333333333333,0.0
USDT,2021-09-14,1.0,1.0,1.0,1.0,1.0,1.0002,1.0001600000000002,1.0000879934357925,1.0001508527542464,-6.285931845395609e-05,-3.4671910756510485e-05,-2.8187407697445607e-05,50.0,1.0002,0.00041039134088061846,1.0010207826817612,0.9993792173182388,0.0,0.00037758688612344894,0.000489860800729828,0.0,0.0,0.0,0.0,0.0,0,0.0,0.0,0.3333333333333333,0.0
USDT,2021-09-15,1.0,1.001,1.0,1.0,1.0,1.0002,1.0001600000000002,1.0000744559841321,1.000139678476154,-6.522249202189911e-05,-4.0782027009588214e-05,-2.44404650123109e-05,50.0,1.0002,0.00041039134088061846,1.0010207826817612,0.9993792173182388,0.0,0.0,0.00045463166935321954,0.0,0.0,0.0,0.0,0.0,0,0.0,0.0,0.3333333333333333,0.0
USDT,2021-09-16,1.0,1.0,1.0,1.0,1.0,1.0002,1.0001600000000002,1.0000630012173426,1.0001293319223648,-6.63307050221551e-05,-4.589176261210159e-05,-2.043894241005351e-05,50.0,1.0002,0.00041039134088061846,1.0010207826817612,0.9993792173182388,0.0,0.0,0.00045463166935321954,0.0,0.0,0.0,0.0,0.0,0,0.0,0.0,0.3333333333333333,0.0
USDT,2021-09-17,1.0,1.0,1.0,1.0,1.0,1.00015,1.0001600000000002,1.0000533087223669,1.0001197517799674,-6.644305760050706e-05,-5.000202160978269e-05,-1.644103599072437e-05,50.0,1.00015,0.000366347548584845,1.0008826950971699,0.9994173049028304,0.0,0.0,0.00045463166935321954,0.0,0.0,0.0,0.0,0.0,0,0.0,0.0,0.3333333333333333,0.0
USDT,2021-09-18,1.0,1.0,1.0,1.0,1.0,1.0001000000000002,1.0001600000000002,1.0000451073804644,1.0001108812777475,-6.577389728312788e-05,-5.315639674445173e-05,-1.2617500538676152e-05,50.0,1.0001000000000002,0.00030779350568800086,1.0007155870113762,0.9994844129886242,0.0,0.0,0.00045463166935321954,0.0,0.0,0.0,0.0,0.0,0,0.0,0.0,0.3333333333333333,0.0
USDT,2021-09-19,1.0,1.0,1.0,1.0,1.0,1.00005,1.0001600000000002,1.0000381677834698,1.0001026678497662,-6.450006629643568e-05,-5.5425130654848525e-05,-9.074935641587152e-06,50.0,1.00005,0.00022360679783616606,1.0004972135956725,0.9996027864043278,0.0,0.0,0.00045463166935321954,0.0,0.0,0.0,0.0,0.0,0,0.0,0.0,0.3333333333333333,0.0
USDT,2021-09-20,1.0,1.0,0.9999,0.9999,0.9999857142857144,1.000045,1.0001579999999999,1.0000169112013975,1.0000876554164502,-7.074421505270934e-05,-5.848894753442069e-05,-1.2255267518288646e-05,47.61904761904762,1.000045,0.00022589005252118886,1.0004967801050424,0.9995932198949576,-9.999999999998899e-05,3.77964473048754e-05,0.0004137255101815545,0.0,0.0,0.0,0.0,0.0,0,0.0,0.0,0.3333333333333333,0.0
USDT,2021-09-21,0.9999,1.0,0.9997,1.0,0.9999857142857144,1.000045,1.0001579999999999,1.0000143094781055,1.0000811624226391,-6.68529445335686e-05,-6.016174693425027e-05,-6.691197599318331e-06,8.333333333333329,1.000045,0.00022589005252118886,1.0004967801050424,0.9995932198949576,0.00010001000100001711,5.773791401312998e-05,0.00041443263337119344,0.0,0.0,0.0,0.0,0.0,0,0.0,0.0,0.3333333333333333,0.0
USDT,2021-09-22,1.0,1.001,1.0,1.0,0.9999857142857144,1.000045,1.0001579999999999,1.0000121080199356,1.0000751503913325,-6.304237139698188e-05,-6.07378718267966e-05,-2.3044995701852788e-06,50.0,1.000045,0.00022589005252118886,1.0004967801050424,0.9995932198949576,0.0,5.773791401312998e-05,0.0003721330804727431,0.0,0.0,0.0,0.0,0.0,0,0.0,0.0,0.3333333333333333,0.0
USDT,2021-09-23,1.0,1.001,1.0,1.001,1.0001285714285715,1.000095,1.000178,1.000164091401484,1.0001436577697524,2.0433631731542334e-05,-4.450357111512881e-05,6.493720284667115e-05,91.66666666666667,1.000095,0.00031030545229286986,1.0007156109045856,0.9994743890954142,0.0009999999999998899,0.00038234844492112096,0.00041450180556496126,0.0,0.0,0.0,0.0,0.0,0,0.0,0.0,0.3333333333333333,0.0
USDT,2021-09-24,1.001,1.001,1.0,1.001,1.0002714285714285,1.000145,1.0001980000000001,1.0002926927243325,1.0002070905275486,8.560219678388492e-05,-1.8482417535326067e-05,0.00010408461431921098,91.66666666666667,1.000145,0.0003691740425904858,1.000883348085181,0.9994066519148191,0.0,0.00038234844492112096,0.00041450180556496126,0.0,0.0,0.0,0.0,0.0,0,0.0,0.0,0.3333333333333333,0.0
USDT,2021-09-25,1.001,1.001,1.001,1.001,1.0004142857142857,1.0001950000000002,1.000218,1.0004015092282814,1.000265824562545,0.0001356846657363242,1.2350999119003987e-05,0.00012333366661732023,91.66666666666667,1.0001950000000002,0.00041355328051869176,1.0010221065610376,0.9993678934389628,0.0,0.00038234844492112096,0.00041450180556496126,0.0,0.0,0.0,0.0,0.0,0,0.0,0.0,0.3333333333333333,0.0
USDT,2021-09-26,1.001,1.001,1.001,1.001,1.000557142857143,1.000245,1.0002380000000002,1.0004935847316228,1.0003202079282825,0.00017337680334028605,4.45561599632604e-05,0.00012882064337702565,91.66666666666667,1.000245,0.00044777226358740926,1.0011405445271748,0.9993494554728253,0.0,0.00038234844492112096,0.00041450180556496126,0.0,0.0,0.0,0.0,0.0,0,0.0,0.0,0.3333333333333333,0.0
USDT,2021-09-27,1.001,1.001,1.0,1.0,1.0005714285714284,1.000195,1.0002380000000002,1.0004176486190655,1.0002964888224837,0.00012115979658178233,5.987688728696479e-05,6.128290929481754e-05,50.0,1.000195,0.00041355328051869176,1.0010221065610374,0.9993678934389626,-0.0009990009990008542,0.0005782945401218517,0.00041443263337119344,0.0,0.0,0.0,0.0,0.0,0,0.0,0.0,0.3333333333333333,0.0
USDT,2021-09-28,1.0,1.001,1.0,1.0,1.0005714285714284,1.000195,1.0002380000000002,1.0003533949853631,1.0002745266874848,7.886829787828731e-05,6.36751694052293e-05,1.5193128473058013e-05,50.0,1.000195,0.00041355328051869176,1.0010221065610374,0.9993678934389626,0.0,0.0005770619339138594,0.00041443263337119344,0.0,0.0,0.0,0.0,0.0,0,0.0,0.0,0.3333333333333333,0.0
USDT,2021-09-29,1.0,1.0,1.0,1.0,1.0005714285714284,1.000195,1.0002380000000002,1.0002990265260765,1.0002541913773009,4.483514877562378e-05,5.99071652793082e-05,-1.507201650368442e-05,50.0,1.000195,0.00041355328051869176,1.0010221065610374,0.9993678934389626,0.0,0.0005770619339138594,0.00041443263337119344,0.0,0.0,0.0,0.0,0.0,0,0.0,0.0,0.3333333333333333,0.0
USDT,2021-09-30,1.0,1.0,0.9999,1.0,1.0004285714285714,1.000195,1.0002380000000002,1.0002530224451416,1.0002353623863898,1.7660058751811647e-05,5.145774397380889e-05,-3.379768522199724e-05,50.0,1.000195,0.00041355328051869176,1.0010221065610374,0.9993678934389626,0.0,0.00037758688612344894,0.0003721330804727431,0.0,0.0,0.0,0.0,0.0,0,0.0,0.0,0.3333333333333333,0.0
USDT,2021-10-01,1.0,1.001,1.0,1.001,1.0004285714285712,1.000245,1.000258,1.000367942068966,1.0002920022096202,7.593985934573055e-05,5.635416704819323e-05,1.9585692297537327e-05,65.625,1.000245,0.00044777226358740926,1.0011405445271748,0.9993494554728253,0.0009999999999998899,0.0005770619339138594,0.00041450180556496126,0.0,0.0,0.0,0.0,0.0,0,0.0,0.0,0.3333333333333333,0.0
USDT,2021-10-02,1.001,1.001,1.0,1.001,1.0004285714285714,1.000295,1.000278,1.0004651817506636,1.000344446490389,0.0001207352602745626,6.92303856934671e-05,5.1504874581095506e-05,65.625,1.000295,0.0004740364188054365,1.0012430728376107,0.999346927162389,0.0,0.0005770619339138594,0.00041450180556496126,0.0,0.0,0.0,0.0,0.0,0,0.0,0.0,0.3333333333333333,0.0
USDT,2021-10-03,1.001,1.001,1.0,1.001,1.0004285714285712,1.0003449999999998,1.000278,1.0005474614813308,1.0003930060096193,0.00015445547171144547,8.627540289706278e-05,6.818006881438269e-05,65.625,1.0003449999999998,0.0004936171540524568,1.0013322343081048,0.9993577656918949,0.0,0.0005770619339138594,0.00041450180556496126,0.0,0.0,0.0,0.0,0.0,0,0.0,0.0,0.3333333333333333,0.0
USDT,2021-10-04,1.001,1.001,1.0,1.0,1.0004285714285712,1.0003449999999998,1.000258,1.000463236638049,1.0003638944533513,9.934218469775935e-05,8.88887592572021e-05,1.0453425440557244e-05,51.21951219512195,1.0003449999999998,0.0004936171540524568,1.0013322343081048,0.9993577656918949,-0.0009990009990008542,0.0005770619339138594,0.00045538959019520114,0.0,0.0,0.0,0.0,0.0,0,0.0,0.0,0.3333333333333333,0.0
USDT,2021-10-05,1.0,1.001,1.0,1.0,1.0004285714285712,1.0003449999999998,1.000258,1.0003919694629646,1.0003369393086585,5.503015430607938e-05,8.211703826697757e-05,-2.708688396089819e-05,50.0,1.0003449999999998,0.0004936171540524568,1.0013322343081048,0.9993577656918949,0.0,0.0005770619339138594,0.00045538959019520114,0.0,0.0,0.0,0.0,0.0,0,0.0,0.0,0.3333333333333333,0.0
USDT,2021-10-06,1.0,1.001,1.0,1.0,1.0004285714285712,1.0003449999999998,1.000258,1.0003316664686623,1.0003119808413505,1.968562731180512e-05,6.963075607594309e-05,-4.994512876413797e-05,50.0,1.0003449999999998,0.0004936171540524568,1.0013322343081048,0.9993577656918949,0.0,0.0005770619339138594,0.00045538959019520114,0.0,0.0,0.0,0.0,0.0,0,0.0,0.0,0.3333333333333333,0.0
USDT,2021-10-07,1.0,1.001,0.9999,1.0,1.0004285714285712,1.0003449999999998,1.000258,1.0002806408580989,1.0002888711493987,-8.230291299815562e-06,5.405854660079136e-05,-6.228883790060691e-05,33.33333333333333,1.0003449999999998,0.0004936171540524568,1.0013322343081048,0.9993577656918949,0.0,0.0005770619339138594,0.00041443263337119344,0.0,0.0,0.0,0.0,0.0,0,0.0,0.0,0.3333333333333333,0.0
USDT,2021-10-08,1.0,1.001,0.9988,1.0,1.0002857142857142,1.0003449999999998,1.000258,1.0002374653414683,1.0002674732864802,-3.000794501195614e-05,3.724524827824186e-05,-6.7253193290198e-05,33.33333333333333,1.0003449999999998,0.0004936171540524568,1.0013322343081048,0.9993577656918949,0.0,0.00037758688612344894,0.0003721330804727431,0.0,0.0,0.0,0.0,0.0,0,0.0,0.0,0.3333333333333333,0.0
USDT,2021-10-09,1.0,1.0,1.0,1.0,1.000142857142857,1.0003449999999998,1.000258,1.0002009322120116,1.0002476604504447,-4.6728238433102476e-05,2.0450550935972993e-05,-6.717878936907546e-05,33.33333333333333,1.0003449999999998,0.0004936171540524568,1.0013322343081048,0.9993577656918949,0.0,0.00037758688612344894,0.0003721330804727431,0.0,0.0,0.0,0.0,0.0,0,0.0,0.0,0.3333333333333333,0.0
USDT,2021-10-10,1.0,1.001,1.0,1.001,1.0001428571428572,1.0004,1.000258,1.000323865717856,1.0003033893059672,2.0476411888736834e-05,2.045572312652576e-05,2.0688762211073164e-08,50.0,1.0004,0.0005026246899877603,1.0014052493799754,0.9993947506200245,0.0009999999999998899,0.0005770619339138594,0.00041450180556496126,0.0,0.0,0.0,0.0,0.0,0,0.0,0.0,0.3333333333333333,0.0
USDT,2021-10-11,1.001,1.001,0.9999,1.0,1.0001428571428572,1.0004,1.000238,1.0002740402228012,1.0002809160240438,-6.875801242589574e-06,1.4989418252702695e-05,-2.186521949529227e-05,50.0,1.0004,0.0005026246899877603,1.0014052493799754,0.9993947506200245,-0.0009990009990008542,0.0005770619339138594,0.00045538959019520114,0.0,0.0,0.0,0.0,0.0,0,0.0,0.0,0.3333333333333333,0.0
USDT,2021-10-12,1.0,1.0,0.9999,1.0,1.0001428571428572,1.0004,1.000238,1.0002318801885242,1.0002601074296702,-2.822724114603936e-05,6.346086372954284e-06,-3.4573327518993645e-05,50.0,1.0004,0.0005026246899877603,1.0014052493799754,0.9993947506200245,0.0,0.0005770619339138594,0.00045538959019520114,0.0,0.0,0.0,0.0,0.0,0,0.0,0.0,0.3333333333333333,0.0
USDT,2021-10-13,1.0,1.0,0.9998,1.0,1.0001428571428572,1.00035,1.000238,1.0001962063133667,1.0002408402126577,-4.463389929099115e-05,-3.849910759834803e-06,-4.078398853115635e-05,50.0,1.00035,0.0004893604849684135,1.0013287209699369,0.9993712790300633,0.0,0.0005770619339138594,0.00045538959019520114,0.0,0.0,0.0,0.0,0.0,0,0.0,0.0,0.3333333333333333,0.0
USDT,2021-10-14,1.0,1.0,1.0,1.0,1.0001428571428572,1.0003,1.000238,1.000166020726695,1.0002230001969052,-5.6979470210327676e-05,-1.447582264993338e-05,-4.25036475603943e-05,50.0,1.0003,0.0004701623460220951,1.001240324692044,0.9993596753079558,0.0,0.0005770619339138594,0.00045538959019520114,0.0,0.0,0.0,0.0,0.0,0,0.0,0.0,0.3333333333333333,0.0
USDT,2021-10-15,1.0,1.0,0.9996,0.9998,1.0001142857142857,1.00024,1.0002339999999998,1.0001097098456648,1.0001916668489863,-8.19570033214756e-05,-2.7972058784241823e-05,-5.3984944537233777e-05,31.25,1.00024,0.00045236222099714635,1.0011447244419942,0.9993352755580057,-0.00019999999999997797,0.0005820002367541764,0.00045685270571822127,0.0,0.0,0.0,0.0,0.0,0,0.0,0.0,0.3333333333333333,0.0
USDT,2021-10-16,0.9998,1.0,0.9997,1.0,1.0001142857142857,1.0001900000000001,1.0002339999999998,1.0000928314078703,1.000177469304617,-8.463789674673095e-05,-3.930522637673965e-05,-4.5332670369991295e-05,35.294117647058826,1.0001900000000001,0.00041788943392421596,1.0010257788678485,0.9993542211321517,0.0002000400080015563,0.00058850358914051,0.000458409043496205,0.0,0.0,0.0,0.0,0.0,0,0.0,0.0,0.3333333333333333,0.0
USDT,2021-10-17,1.0,1.0,0.9999,1.0,0.9999714285714285,1.0001900000000001,1.000214,1.0000785496528133,1.000164323430201,-8.577377738760994e-05,-4.859893657891371e-05,-3.717484080869623e-05,35.294117647058826,1.0001900000000001,0.00041788943392421596,1.0010257788678485,0.9993542211321517,0.0,0.000394854100363911,0.000458409043496205,0.0,0.0,0.0,0.0,0.0,0,0.0,0.0,0.3333333333333333,0.0
USDT,2021-10-18,1.0,1.0,0.9997,1.0,0.9999714285714285,1.0001900000000001,1.000194,1.000066465090842,1.0001521513242602,-8.568623341820292e-05,-5.601639594677156e-05,-2.966983747143136e-05,50.0,1.0001900000000001,0.00041788943392421596,1.0010257788678485,0.9993542211321517,0.0,0.00011548160356696351,0.000458409043496205,0.0,0.0,0.0,0.0,0.0,0,0.0,0.0,0.3333333333333333,0.0
USDT,2021-10-19,1.0,1.0,0.9998,1.0,0.9999714285714285,1.0001900000000001,1.000174,1.000056239692251,1.0001408808557966,-8.464116354556239e-05,-6.174134946652973e-05,-2.289981407903266e-05,50.0,1.0001900000000001,0.00041788943392421596,1.0010257788678485,0.9993542211321517,0.0,0.00011548160356696351,0.000458409043496205,0.0,0.0,0.0,0.0,0.0,0,0.0,0.0,0.3333333333333333,0.0
USDT,2021-10-20,1.0,1.0,0.9999,1.0,0.9999714285714285,1.0001900000000001,1.000174,1.0000475874319046,1.0001304452368487,-8.285780494410311e-05,-6.596464056204441e-05,-1.6893164382058694e-05,50.0,1.0001900000000001,0.00041788943392421596,1.0010257788678485,0.9993542211321517,0.0,0.00011548160356696351,0.00045801946340466446,0.0,0.0,0.0,0.0,0.0,0,0.0,0.0,0.3333333333333333,0.0
USDT,2021-10-21,1.0,1.0,0.9999,1.0,0.9999714285714285,1.00014,1.000174,1.0000402662885346,1.0001207826267118,-8.05163381771834e-05,-6.887498008507221e-05,-1.1641358092111186e-05,50.0,1.00014,0.00037332080184578894,1.0008866416036917,0.9993933583963085,0.0,0.00011548160356696351,0.00045765612317630723,0.0,0.0,0.0,0.0,0.0,0,0.0,0.0,0.3333333333333333,0.0
USDT,2021-10-22,1.0,1.0,0.9996,0.9999,0.9999857142857144,1.000085,1.0001719999999998,1.0000186868595293,1.0001044283580665,-8.574149853712854e-05,-7.224828377548349e-05,-1.3493214761645046e-05,48.0,1.000085,0.0003166851334091643,1.0007183702668183,0.9994516297331816,-9.999999999998899e-05,8.998730471577482e-05,0.00045802091500012147,0.0,0.0,0.0,0.0,0.0,0,0.0,0.0,0.3333333333333333,0.0
USDT,2021-10-23,0.9998,1.0,0.9997,1.0,0.9999857142857144,1.000035,1.0001719999999998,1.0000158119580633,1.0000966929241355,-8.08809660721721e-05,-7.397482023482122e-05,-6.906145837350881e-06,50.0,1.000035,0.000232322371390953,1.0004996447427819,0.999570355257218,0.00010001000100001711,5.7737914013129986e-05,0.0004177483355758007,0.0,0.0,0.0,0.0,0.0,0,0.0,0.0,0.3333333333333333,0.0
USDT,2021-10-24,1.0,1.0,0.9999,0.9999,0.9999714285714286,1.00003,1.00017,0.9999979947337458,1.0000821230779033,-8.412834415749693e-05,-7.600552501935636e-05,-8.122819138140565e-06,17.64705882352942,1.00003,0.00023418391341282913,1.0004983678268256,0.9995616321731743,-9.999999999998899e-05,6.900931652297867e-05,0.0004178729718643481,0.0,0.0,0.0,0.0,0.0,0,0.0,0.0,0.3333333333333333,0.0
USDT,2021-10-25,1.0,1.0,0.9998,1.0,0.9999714285714286,1.00003,1.00017,0.9999983032362465,1.0000760398869475,-7.773665070098801e-05,-7.635175015568269e-05,-1.384900545305318e-06,50.0,1.00003,0.00023418391341282913,1.0004983678268256,0.9995616321731743,0.00010001000100001711,8.165374102950525e-05,0.0004185730747972985,0.0,0.0,0.0,0.0,0.0,0,0.0,0.0,0.3333333333333333,0.0
USDT,2021-10-26,1.0,1.0,0.9998,1.0,0.9999714285714286,1.00003,1.00017,0.999998564276824,1.0000704073027291,-7.184302590512726e-05,-7.54500053055716e-05,3.6069794004443503e-06,50.0,1.00003,0.00023418391341282913,1.0004983678268256,0.9995616321731743,0.0,8.165374102950525e-05,0.0004185730747972985,0.0,0.0,0.0,0.0,0.0,0,0.0,0.0,0.3333333333333333,0.0
USDT,2021-10-27,1.0,1.001,0.9999,1.001,1.0001142857142857,1.00008,1.00017,1.0001526313111588,1.0001392660210455,1.3365290113309669e-05,-5.768694622179535e-05,7.105223633510502e-05,77.77777777777777,1.00008,0.00031887961766864875,1.0007177592353373,0.9994422407646628,0.0009999999999998899,0.00038668271723084395,0.000418641288392939,0.0,0.0,0.0,0.0,0.0,0,0.0,0.0,0.3333333333333333,0.0
USDT,2021-10-28,1.001,1.001,1.0,1.0,1.0001142857142857,1.00008,1.00017,1.0001291495709805,1.0001289500194865,1.995514939956422e-07,-4.6109646678637155e-05,4.63091981726328e-05,50.0,1.00008,0.00031887961766864875,1.0007177592353373,0.9994422407646628,-0.0009990009990008542,0.0005828102676211989,0.00045916072919753706,0.0,0.0,0.0,0.0,0.0,0,0.0,0.0,0.3333333333333333,0.0
USDT,2021-10-29,1.0,1.0,1.0,1.0,1.0001285714285715,1.00008,1.00017,1.0001092804062144,1.0001193981661913,-1.0117759976946417e-05,-3.8911269338299006e-05,2.879350936135259e-05,53.84615384615384,1.00008,0.00031887961766864875,1.0007177592353373,0.9994422407646628,0.0,0.0005811696772412493,0.00045916072919753706,0.0,0.0,0.0,0.0,0.0,0,0.0,0.0,0.3333333333333333,0.0
USDT,2021-10-30,1.0,1.0,1.0,1.0,1.0001285714285715,1.00003,1.00017,1.0000924680360275,1.0001105538575845,-1.8085821557045634e-05,-3.4746179782048334e-05,1.66603582250027e-05,50.0,1.00003,0.00023418391341282916,1.0004983678268256,0.9995616321731743,0.0,0.0005799432229200803,0.00045916072919753706,0.0,0.0,0.0,0.0,0.0,0,0.0,0.0,0.3333333333333333,0.0
USDT,2021-10-31,1.0,1.001,1.0,1.001,1.0002857142857142,1.00008,1.00019,1.000232088338177,1.0001764387570227,5.5649581154337824e-05,-1.6667027594771105e-05,7.231660874910893e-05,64.70588235294117,1.00008,0.00031887961766864875,1.0007177592353373,0.9994422407646628,0.0009999999999998899,0.0006873658163712447,0.00045916072919753706,0.0,0.0,0.0,0.0,0.0,0,0.0,0.0,0.3333333333333333,0.0
USDT,2021-11-01,1.0,1.001,1.0,1.001,1.0004285714285712,1.00013,1.00021,1.0003502285938422,1.0002374432935395,0.00011278530030267575,9.223437984718268e-06,0.00010356186231795748,64.70588235294117,1.00013,0.0003785011993810876,1.0008870023987622,0.9993729976012378,0.0,0.0006897898570966142,0.00045916072919753706,0.0,0.0,0.0,0.0,0.0,0,0.0,0.0,0.3333333333333333,0.0
USDT,2021-11-02,1.001,1.001,1.0,1.001,1.0005714285714284,1.0001799999999998,1.00023,1.0004501934255587,1.0002939289754995,0.00015626445005922918,3.863164039962045e-05,0.00011763280965960873,64.70588235294117,1.0001799999999998,0.00042376756294765016,1.001027535125895,0.9993324648741045,0.0,0.0006897898570966142,0.00045916072919753706,0.0,0.0,0.0,0.0,0.0,0,0.0,0.0,0.3333333333333333,0.0
USDT,2021-11-03,1.001,1.001,1.0,1.0,1.0004285714285714,1.0001799999999998,1.00023,1.0003809328985498,1.0002721564587957,0.00010877643975404361,5.266060027050508e-05,5.6115839483538525e-05,50.0,1.0001799999999998,0.00042376756294765016,1.001027535125895,0.9993324648741045,-0.0009990009990008542,0.0006896519818696235,0.00045916072919753706,0.0,0.0,0.0,0.0,0.0,0,0.0,0.0,0.3333333333333333,0.0
USDT,2021-11-04,1.0,1.001,1.0,1.001,1.0005714285714284,1.00024,1.0002499999999999,1.0004761739910806,1.0003260707951813,0.0001501031958992538,7.214911939625484e-05,7.795407650299897e-05,59.25925925925925,1.00024,0.00045119723780912224,1.0011423944756184,0.9993376055243818,0.0009999999999998899,0.0006897898570966142,0.0004941203102023341,0.0,0.0,0.0,0.0,0.0,0,0.0,0.0,0.3333333333333333,0.0
USDT,2021-11-05,1.001,1.001,1.001,1.001,1.0007142857142857,1.00029,1.00027,1.0005567626078373,1.0003759914770198,0.00018077113081749197,9.387352168050226e-05,8.68976091369897e-05,60.37735849056604,1.00029,0.0004778240152104583,1.0012456480304208,0.999334351969579,0.0,0.0006897898570966142,0.0004941203102023341,0.0,0.0,0.0,0.0,0.0,0,0.0,0.0,0.3333333333333333,0.0
USDT,2021-11-06,1.001,1.001,1.001,1.001,1.0008571428571427,1.00034,1.00029,1.0006249529758624,1.0004222143305739,0.00020273864528852492,0.0001156465464021068,8.709209888641812e-05,59.61538461538462,1.00034,0.000497784565572678,1.0013355691311454,0.9993444308688546,0.0,0.0006897898570966142,0.0004941203102023341,0.0,0.0,0.0,0.0,0.0,0,0.0,0.0,0.3333333333333333,0.0
USDT,2021-11-07,1.001,1.001,1.001,1.001,1.0008571428571427,1.00039,1.0003099999999998,1.0006826525180375,1.0004650132690498,0.00021763924898765552,0.00013604508691921656,8.159416206843896e-05,60.78431372549019,1.00039,0.0005118593557200849,1.00141371871144,0.9993662812885598,0.0,0.0005770619339138595,0.0004941203102023341,0.0,0.0,0.0,0.0,0.0,0,0.0,0.0,0.3333333333333333,0.0
USDT,2021-11-08,1.001,1.001,1.0,1.0,1.0007142857142857,1.00039,1.0003099999999998,1.000577629053724,1.0004305678417127,0.0001470612120113568,0.00013824831193764463,8.812900073712173e-06,50.0,1.00039,0.0005118593557200849,1.00141371871144,0.9993662812885598,-0.0009990009990008542,0.0006896519818696234,0.0005288905577755439,0.0,0.0,0.0,0.0,0.0,0,0.0,0.0,0.3333333333333333,0.0
USDT,2021-11-09,1.0,1.001,0.9998,1.0,1.0005714285714284,1.00039,1.000312,1.0004887630454589,1.0003986739275117,9.008911794716745e-05,0.0001286164731395492,-3.852735519238175e-05,50.0,1.00039,0.0005118593557200849,1.00141371871144,0.9993662812885598,0.0,0.0006896519818696234,0.0004940671638210717,0.0,0.0,0.0,0.0,0.0,0,0.0,0.0,0.3333333333333333,0.0
USDT,2021-11-10,1.0,1.001,0.9998,1.0,1.0005714285714284,1.00039,1.000312,1.000413568730773,1.0003691425254737,4.442620529920838e-05,0.00011177841957148105,-6.735221427227267e-05,39.99999999999999,1.00039,0.0005118593557200849,1.00141371871144,0.9993662812885598,0.0,0.0005770619339138594,0.00045916072919753706,0.0,0.0,0.0,0.0,0.0,0,0.0,0.0,0.3333333333333333,0.0
USDT,2021-11-11,1.0,1.001,0.9997,1.0,1.0004285714285714,1.000395,1.000312,1.0003499427721925,1.0003417986346979,8.144137494614512e-06,9.105156315610774e-05,-8.290742566149323e-05,50.0,1.000395,0.0005072889761283415,1.0014095779522567,0.9993804220477432,0.0,0.00037758688612344894,0.00045916072919753706,0.0,0.0,0.0,0.0,0.0,0,0.0,0.0,0.3333333333333333,0.0
USDT,2021-11-12,1.0,1.0,0.9999,1.0,1.0002857142857142,1.000395,1.000292,1.0002961054226245,1.0003164802173128,-2.037479468830483e-05,6.876629158722523e-05,-8.914108627553006e-05,50.0,1.000395,0.0005072889761283415,1.0014095779522567,0.9993804220477432,0.0,0.00037758688612344894,0.00045916072919753706,0.0,0.0,0.0,0.0,0.0,0,0.0,0.0,0.3333333333333333,0.0
USDT,2021-11-13,1.0,1.0,1.0,1.0,1.0001428571428572,1.0004,1.0002719999999998,1.0002505507422208,1.0002930372382526,-4.248649603177945e-05,4.6515734063424295e-05,-8.900223009520374e-05,50.0,1.0004,0.0005026246899880204,1.001405249379976,0.9993947506200239,0.0,0.00037758688612344894,0.00045916072919753706,0.0,0.0,0.0,0.0,0.0,0,0.0,0.0,0.3333333333333333,0.0
USDT,2021-11-14,1.0,1.0,1.0,1.0,1.0,1.0004,1.000252,1.000212004474187,1.0002713307761597,-5.9326301972806306e-05,2.5347326856178174e-05,-8.467362882898448e-05,33.33333333333333,1.0004,0.0005026246899880204,1.001405249379976,0.9993947506200239,0.0,0.00037758688612344894,0.0004576045043022136,0.0,0.0,0.0,0.0,0.0,0,0.0,0.0,0.3333333333333333,0.0
USDT,2021-11-15,1.0,1.0,1.0,1.0,1.0,1.0004,1.0002319999999998,1.000179388401235,1.0002512322001478,-7.184379891267412e-05,5.909101702407716e-06,-7.775290061508183e-05,33.33333333333333,1.0004,0.0005026246899880204,1.001405249379976,0.9993947506200239,0.0,0.0,0.00045614625169695456,0.0,0.0,0.0,0.0,0.0,0,0.0,0.0,0.3333333333333333,0.0
USDT,2021-11-16,1.0,1.001,1.0,1.0,1.0,1.0003499999999999,1.0002319999999998,1.0001517901856605,1.0002326224075442,-8.083222188370875e-05,-1.1439163014815578e-05,-6.939305886889318e-05,33.33333333333333,1.0003499999999999,0.0004893604849686154,1.001328720969937,0.9993712790300626,0.0,0.0,0.00045614625169695456,0.0,0.0,0.0,0.0,0.0,0,0.0,0.0,0.3333333333333333,0.0
USDT,2021-11-17,1.0,1.002,1.0,1.001,1.000142857142857,1.0004,1.000252,1.0002822840032513,1.0002894651921705,-7.18118891929187e-06,-1.0587568195710838e-05,3.406379276418968e-06,66.66666666666666,1.0004,0.0005026246899880204,1.001405249379976,0.9993947506200239,0.0009999999999998899,0.00037796447300957704,0.0004913204663219678,0.0,0.0,0.0,0.0,0.0,0,0.0,0.0,0.3333333333333333,0.0
USDT,2021-11-18,1.001,1.001,1.0,1.001,1.0002857142857142,1.00045,1.0002719999999998,1.000392701848905,1.000342097400158,5.0604448746938147e-05,1.6508351928189588e-06,4.895361355411919e-05,50.0,1.00045,0.000510417785571449,1.001470835571143,0.9994291644288572,0.0,0.00037796447300957704,0.0004913204663219678,0.0,0.0,0.0,0.0,0.0,0,0.0,0.0,0.3333333333333333,0.0
USDT,2021-11-19,1.001,1.001,1.001,1.001,1.0004285714285712,1.0005,1.000292,1.0004861323336889,1.0003908309260723,9.530140761659922e-05,2.038094967757501e-05,7.49204579390242e-05,50.0,1.0005,0.0005129891760798043,1.0015259783521595,0.9994740216478404,0.0,0.00037796447300957704,0.0004913204663219678,0.0,0.0,0.0,0.0,0.0,0,0.0,0.0,0.3333333333333333,0.0
USDT,2021-11-20,1.001,1.001,1.001,1.001,1.0005714285714284,1.0005,1.000292,1.0005651888977367,1.000435954561178,0.0001292343365586479,4.215162705378959e-05,8.708270950485831e-05,50.0,1.0005,0.0005129891760798043,1.0015259783521595,0.9994740216478404,0.0,0.00037796447300957704,0.0004913204663219678,0.0,0.0,0.0,0.0,0.0,0,0.0,0.0,0.3333333333333333,0.0
USDT,2021-11-21,1.001,1.001,1.001,1.001,1.0007142857142857,1.0005000000000002,1.000292,1.0006320829134696,1.0004777357047945,0.00015434720867513185,6.459074337805805e-05,8.97564652970738e-05,50.0,1.0005000000000002,0.0005129891760798043,1.0015259783521597,0.9994740216478406,0.0,0.00037796447300957704,0.0004907228343636733,0.0,0.0,0.0,0.0,0.0,0,0.0,0.0,0.3333333333333333,0.0
USDT,2021-11-22,1.001,1.001,1.001,1.001,1.0008571428571427,1.0005,1.000292,1.0006886855421666,1.0005164219488838,0.0001722635932828176,8.612531335900996e-05,8.613827992380764e-05,100.0,1.0005,0.0005129891760798043,1.0015259783521595,0.9994740216478404,0.0,0.00037796447300957704,0.0004906180790988162,0.0,0.0,0.0,0.0,0.0,0,0.0,0.0,0.3333333333333333,0.0
USDT,2021-11-23,1.001,1.001,1.0001,1.0006,1.000942857142857,1.00053,1.0003039999999999,1.0006750416126025,1.000522612915633,0.00015242869696940886,9.938599008108974e-05,5.304270688831912e-05,71.42857142857143,1.00053,0.0004995787699718794,1.0015291575399436,0.9995308424600562,-0.0003996003996004083,0.00042976415667911674,0.0004964424740995541,0.0,0.0,0.0,0.0,0.0,0,0.0,0.0,0.3333333333333333,0.0
USDT,2021-11-24,1.0006,1.0017,1.0002,1.0004,1.0008571428571427,1.0005,1.0003119999999999,1.000632727518356,1.000513530477438,0.00011919704091800654,0.0001033482002484731,1.584884066953343e-05,62.5,1.0005,0.00048774454059507166,1.00147548908119,0.9995245109188098,-0.000199880071956815,0.00015721162730521253,0.0004978648892611004,0.0,0.0,0.0,0.0,0.0,0,0.0,0.0,0.3333333333333333,0.0
USDT,2021-11-25,1.0004,1.001,1.0002,1.0008,1.0008285714285712,1.0004899999999999,1.0003279999999999,1.0006584617463012,1.0005347504420723,0.00012371130422894616,0.00010742082104456773,1.6290483184378435e-05,70.0,1.0004899999999999,0.0004789242331421761,1.0014478484662843,0.9995321515337156,0.0003998400639744215,0.00024283425185318857,0.000502819665348042,0.0,0.0,0.0,0.0,0.0,0,0.0,0.0,0.3333333333333333,0.0
USDT,2021-11-26,1.0007,1.0015,1.0004,1.0007,1.0007857142857142,1.000475,1.0003419999999998,1.0006648522468702,1.0005469911500668,0.00011786109680334,0.00010950887619632218,8.35222060701782e-06,66.66666666666666,1.000475,0.0004666510022842754,1.0014083020045685,0.9995416979954315,-9.992006394887731e-05,0.00024381315314544905,0.0004683266596277596,0.0,0.0,0.0,0.0,0.0,0,0.0,0.0,0.3333333333333333,0.0
USDT,2021-11-27,1.0007,1.0009,1.0006,1.0007,1.0007428571428572,1.00046,1.0003559999999998,1.0006702595935055,1.0005583251389507,0.00011193445455481843,0.00010999399186802143,1.940462686796996e-06,66.66666666666666,1.00046,0.0004535242116629427,1.0013670484233257,0.999552951576674,0.0,0.00024381315314544905,0.0004294763181477277,0.0,0.0,0.0,0.0,0.0,0,0.0,0.0,0.3333333333333333,0.0
USDT,2021-11-28,1.0007,1.0011,1.0006,1.0006,1.0006857142857142,1.00049,1.000368,1.000659450425274,1.0005614121656952,9.803825957876988e-05,0.00010760284541017113,-9.564585831401244e-06,63.63636363636363,1.00049,0.0004411706914398928,1.00137234138288,0.9996076586171203,-9.993004896569069e-05,0.00024381539445632555,0.0004300513247754787,0.0,0.0,0.0,0.0,0.0,0,0.0,0.0,0.3333333333333333,0.0
USDT,2021-11-29,1.0006,1.0011,1.0004,1.0011,1.0007,1.000545,1.00037,1.0007272272829242,1.0006013075608289,0.00012591972209530233,0.00011126622074719738,1.4653501348104955e-05,70.37037037037281,1.000545,0.0004454152409609664,1.001435830481922,0.9996541695180781,0.0004997001798923151,0.0003234553897527949,0.000438834094169391,0.0,0.0,0.0,0.0,0.0,0,0.0,0.0,0.3333333333333333,0.0
USDT,2021-11-30,1.0011,1.0011,1.0006,1.0009,1.0007428571428572,1.00059,1.000388,1.000753807700936,1.0006234329266934,0.0001303747742424921,0.00011508793144625634,1.528684279623577e-05,65.51724137930796,1.00059,0.000432739133812692,1.0014554782676255,0.9997245217323747,-0.000199780241734282,0.00028767657470806364,0.0004010664960327457,0.0,0.0,0.0,0.0,0.0,0,0.0,0.0,0.3333333333333333,0.0
USDT,2021-12-01,1.0009,1.0009,1.0006,1.0007,1.0007857142857142,1.0006249999999999,1.000402,1.0007455295930996,1.0006291045617532,0.00011642503134634552,0.00011535535142627419,1.0696799200713347e-06,42.85714285714437,1.0006249999999999,0.00041023100044053237,1.001445462000881,0.9998045379991188,-0.00019982016185426943,0.0002876681501191404,0.00040266667380292435,0.0,0.0,0.0,0.0,0.0,0,0.0,0.0,0.3333333333333333,0.0
USDT,2021-12-02,1.0007,1.0009,1.0006,1.0007,1.0007714285714286,1.00066,1.000416,1.0007385250403151,1.0006343560756974,0.00010416896461773462,0.00011311807406456629,-8.949109446831669e-06,42.85714285714437,1.00066,0.00038306245201467844,1.0014261249040295,0.9998938750959707,0.0,0.00024086271976290092,0.00040266667380292435,0.0,0.0,0.0,0.0,0.0,0,0.0,0.0,0.3333333333333333,0.0
USDT,2021-12-03,1.0007,1.0008,1.0004,1.0005,1.0007428571428572,1.000685,1.000426,1.0007018288802667,1.000624403773794,7.742510647279488e-05,0.000105979480546212,-2.8554374073417124e-05,39.1304347826108,1.000685,0.00035284557534173895,1.0013906911506836,0.9999793088493165,-0.00019986009793138138,0.0002495909917536458,0.00035904905497941995,0.0,0.0,0.0,0.0,0.0,0,0.0,0.0,0.3333333333333333,0.0
USDT,2021-12-04,1.0006,1.004,1.0004,1.0011,1.0008,1.00074,1.000452,1.0007630859756103,1.0006596331238833,0.00010345285172697061,0.00010547415478236372,-2.0213030553931175e-06,51.724137931037916,1.00074,0.00032509108041374425,1.0013901821608275,1.0000898178391724,0.0005997001499251642,0.0003455074998221294,0.0003272802980314179,0.0,0.0,0.0,0.0,0.0,0,0.0,0.0,0.3333333333333333,0.0
USDT,2021-12-05,1.001,1.0017,1.001,1.0013,1.0009000000000001,1.0008050000000002,1.000478,1.0008456881332086,1.0007070677072993,0.00013862042590928603,0.0001121034090077482,2.651701690153783e-05,54.838709677421896,1.0008050000000002,0.00029819633242186264,1.001401392664844,1.0002086073351564,0.00019978024173417097,0.00034134365874904216,0.0003292357918918647,0.0,0.0,0.0,0.0,0.0,0,0.0,0.0,0.3333333333333333,0.0
USDT,2021-12-06,1.0013,1.0013,1.0009,1.001,1.0008857142857142,1.000855,1.0004979999999999,1.0008694284204074,1.0007287663956475,0.00014066202475992995,0.00011781513215818455,2.2846892601745397e-05,50.0,1.000855,0.00023277502135020614,1.0013205500427005,1.0003894499572996,-0.00029961050634197406,0.00031824683094655,0.00033405971914906993,0.0,0.0,0.0,0.0,0.0,0,0.0,0.0,0.3333333333333333,0.0
USDT,2021-12-07,1.001,1.0013,1.0009,1.001,1.0009000000000001,1.000855,1.000518,1.0008895163557292,1.0007488577737476,0.00014065858198164527,0.0001223838221228767,1.827475985876858e-05,56.666666666664696,1.000855,0.00023277502135020614,1.0013205500427005,1.0003894499572996,0.0,0.0003076136732198307,0.00033405971914906993,0.0,0.0,0.0,0.0,0.0,0,0.0,0.0,0.3333333333333333,0.0
USDT,2021-12-08,1.0009,1.0012,1.0008,1.001,1.0009428571428571,1.000855,1.000538,1.000906513839463,1.0007674609016182,0.0001390529378448857,0.0001257176452672785,1.3335292577607195e-05,60.71428571428232,1.000855,0.00023277502135020614,1.0013205500427005,1.0003894499572996,0.0,0.000293372614966992,0.0002757374724944754,0.0,0.0,0.0,0.0,0.0,0,0.0,0.0,0.3333333333333333,0.0
USDT,2021-12-09,1.001,1.0011,1.0003,1.0003,1.0008857142857142,1.00082,1.0005439999999999,1.000813204018007,1.000732834168165,8.036984984216566e-05,0.00011664808618225595,-3.627823634009029e-05,41.93548387097005,1.00082,0.00026076809628149903,1.001341536192563,1.000298463807437,-0.0006993006993005757,0.0004073303780019177,0.0003064970673918876,0.0,0.0,0.0,0.0,0.0,0,0.0,0.0,0.3333333333333333,0.0
USDT,2021-12-10,1.0003,1.0007,1.0003,1.0005,1.0008857142857142,1.0007949999999999,1.000554,1.0007650187844674,1.0007155871927453,4.943159172210443e-05,0.00010320478729022566,-5.377319556812123e-05,46.87500000000087,1.0007949999999999,0.0002665076280855012,1.001328015256171,1.0002619847438288,0.00019994001799461536,0.00041197012677228397,0.00030843879521243395,0.0,0.0,0.0,0.0,0.0,0,0.0,0.0,0.3333333333333333,0.0
USDT,2021-12-11,1.0005,1.0007,1.0002,1.0004,1.0007857142857142,1.000765,1.000564,1.0007088620483955,1.000692210363653,1.665168474240808e-05,8.589416678066214e-05,-6.924248203825407e-05,45.454545454546675,1.000765,0.00027582412404776407,1.0013166482480955,1.0002133517519043,-9.995002498752736e-05,0.00031592134760455293,0.0003091644624825943,0.0,0.0,0.0,0.0,0.0,0,0.0,0.0,0.3333333333333333,0.0
USDT,2021-12-12,1.0005,1.0007,1.0004,1.0006,1.0006857142857142,1.000745,1.000576,1.00069211404095,1.0006853799663455,6.734074604386464e-06,7.006214834540701e-05,-6.332807374102055e-05,50.0,1.000745,0.0002723677854751148,1.0012897355709502,1.0002002644290497,0.00019992003198709973,0.00031594345021045166,0.0003110152670892775,0.0,0.0,0.0,0.0,0.0,0,0.0,0.0,0.3333333333333333,0.0
USDT,2021-12-13,1.0006,1.0007,1.0002,1.0005,1.0006142857142857,1.00074,1.0005879999999998,1.00066255803465,1.0006716481169866,-9.090082336626892e-06,5.423170220900023e-05,-6.332178454562713e-05,39.99999999999852,1.00074,0.00027606254065717093,1.0012921250813143,1.0001878749186857,-9.994003597835199e-05,0.00030367877201228964,0.00031177164815850475,-0.17,0.0,1.0,0.28,0.0,"{'negative': 1, 'neutral': 0, 'positive': 0}",0.0,0.0,1.0,0.0
USDT,2021-12-14,1.0005,1.0007,1.0003,1.0005,1.000542857142857,1.0007449999999998,1.0005979999999999,1.0006375491062423,1.0006589334416542,-2.138433541198914e-05,3.910849468480236e-05,-6.04928300967915e-05,42.85714285714399,1.0007449999999998,0.00027042850993501367,1.0012858570198697,1.0002041429801298,0.0,0.00030367877201228964,0.00031177164815850475,-0.17,0.0,1.0,0.28,0.0,"{'negative': 1, 'neutral': 0, 'positive': 0}",0.0,0.0,1.0,0.0
USDT,2021-12-15,1.0005,1.0007,1.0003,1.0006,1.0004857142857142,1.0007350000000002,1.00061,1.0006317723206666,1.0006545680015317,-2.2795680865161927e-05,2.6727659574809503e-05,-4.952334043997143e-05,48.14814814814845,1.0007350000000002,0.0002719810365610684,1.0012789620731224,1.000191037926878,9.995002498741634e-05,0.0003098782301119517,0.00031212077748627473,-0.17,0.0,1.0,0.28,0.0,"{'negative': 1, 'neutral': 0, 'positive': 0}",0.0,0.0,1.0,0.0
USDT,2021-12-16,1.0006,1.0009,1.0002,1.0003,1.0004857142857142,1.000715,1.0005959999999998,1.0005807304251795,1.000628303705122,-4.757327994253657e-05,1.186747167134029e-05,-5.9440751613876864e-05,43.33333333333432,1.000715,0.0002888725817023316,1.0012927451634046,1.0001372548365954,-0.000299820107935167,0.00018248477172306572,0.00031753768513409286,-0.17,0.0,1.0,0.28,0.0,"{'negative': 1, 'neutral': 0, 'positive': 0}",0.0,0.0,1.0,0.0
USDT,2021-12-17,1.0002,1.0005,1.0001,1.0004,1.0004714285714285,1.0007,1.000604,1.0005529257443826,1.0006113923195574,-5.846657517483145e-05,-2.1993376978940586e-06,-5.626723747693739e-05,48.27586206896578,1.0007,0.0002973567767344535,1.0012947135534689,1.000105286446531,9.997000899719666e-05,0.00016752973979757555,0.0002576520752000246,-0.17,0.0,1.0,0.28,0.0,"{'negative': 1, 'neutral': 0, 'positive': 0}",0.0,0.0,1.0,0.0
USDT,2021-12-18,1.0004,1.0004,1.0002,1.0004,1.0004714285714285,1.0006899999999999,1.000612,1.0005293987067851,1.00059573362922,-6.633492243479644e-05,-1.5026454645274536e-05,-5.1308467789521905e-05,34.78260869564882,1.0006899999999999,0.0003041813863927337,1.0012983627727854,1.0000816372272143,0.0,0.00016321363116403884,0.0002576520752000246,-0.17,0.0,1.0,0.28,0.0,"{'negative': 1, 'neutral': 0, 'positive': 0}",0.0,0.0,1.0,0.0
USDT,2021-12-19,1.0004,1.0005,1.0002,1.0004,1.0004428571428572,1.000655,1.00062,1.0005094912134336,1.0005812348418703,-7.174362843676008e-05,-2.6369889403571646e-05,-4.5373739033188434e-05,28.571428571425557,1.000655,0.000294645192582601,1.0012442903851653,1.0000657096148349,0.0,0.0001379365586772757,0.0002576520752000246,-0.17,0.0,1.0,0.28,0.0,"{'negative': 1, 'neutral': 0, 'positive': 0}",0.0,0.0,1.0,0.0
USDT,2021-12-20,1.0005,1.0005,1.0,1.0004,1.0004285714285714,1.00063,1.000608,1.0004926464113668,1.000567810038769,-7.516362740211946e-05,-3.612863700328121e-05,-3.903499039883825e-05,33.33333333333333,1.00063,0.0002939745782715797,1.0012179491565432,1.0000420508434567,0.0,0.00013444353802054377,0.0002576520752000246,-0.17,0.0,1.0,0.28,0.0,"{'negative': 1, 'neutral': 0, 'positive': 0}",0.0,0.0,1.0,0.0
USDT,2021-12-21,1.0004,1.0004,1.0003,1.0004,1.0004142857142857,1.000615,1.0005959999999998,1.0004783931173105,1.0005553796655269,-7.698654821641782e-05,-4.430021924590853e-05,-3.2686328970509286e-05,33.33333333333333,1.000615,0.00029784312373156975,1.0012106862474632,1.0000193137525368,0.0,0.00013444353802054377,0.0002576520752000246,-0.17,0.0,1.0,0.28,0.0,"{'negative': 1, 'neutral': 0, 'positive': 0}",0.0,0.0,1.0,0.0
USDT,2021-12-22,1.0004,1.0008,1.0002,1.0005,1.0004,1.0006049999999997,1.000586,1.0004817172531089,1.0005512774680805,-6.956021497162013e-05,-4.9352218391050854e-05,-2.0207996580569273e-05,36.84210526315789,1.0006049999999997,0.0002981963324220836,1.001201392664844,1.0000086073351555,9.996001599366089e-05,0.00013444495277074755,0.00025856375529684147,-0.17,0.0,1.0,0.28,0.0,"{'negative': 1, 'neutral': 0, 'positive': 0}",0.0,0.0,1.0,0.0
USDT,2021-12-23,1.0004,1.0005,1.0001,1.0004,1.0004142857142857,1.0006,1.000594,1.0004691453680152,1.0005400717297042,-7.092636168892774e-05,-5.366704705062623e-05,-1.725931463830151e-05,53.84615384615384,1.0006,0.00030087591433659616,1.001201751828673,0.9999982481713268,-9.995002498752736e-05,6.897827548814852e-05,0.00024886495294725757,-0.17,0.0,1.0,0.28,0.0,"{'negative': 1, 'neutral': 0, 'positive': 0}",0.0,0.0,1.0,0.0
USDT,2021-12-24,1.0005,1.0007,1.0003,1.0006,1.000442857142857,1.000575,1.000586,1.000489276849859,1.0005445108608373,-5.523401097828895e-05,-5.398043983615878e-05,-1.2535711421301685e-06,53.84615384615384,1.000575,0.0002769666520616191,1.0011289333041233,1.0000210666958766,0.00019992003198709973,9.50786900031128e-05,0.0002488644002737109,-0.17,0.0,1.0,0.28,0.0,"{'negative': 1, 'neutral': 0, 'positive': 0}",0.0,0.0,1.0,0.0
USDT,2021-12-25,1.0006,1.0009,1.0004,1.0004,1.000442857142857,1.00053,1.0005739999999999,1.0004755419498808,1.000533806352627,-5.826440274625533e-05,-5.483723241817809e-05,-3.4271703280772375e-06,50.0,1.00053,0.0002202868943626498,1.0009705737887251,1.0000894262112747,-0.000199880071956815,0.00012903621861903375,0.000240128598022488,-0.17,0.0,1.0,0.28,0.0,"{'negative': 1, 'neutral': 0, 'positive': 0}",0.0,0.0,1.0,0.0
USDT,2021-12-26,1.0005,1.0006,1.0004,1.0005,1.0004571428571427,1.000505,1.000564,1.0004793047268221,1.0005313021783584,-5.199745153627866e-05,-5.4269276241798206e-05,2.2718247055195456e-06,46.15384615384615,1.000505,0.00019049796251589048,1.0008859959250318,1.0001240040749682,9.996001599366089e-05,0.0001344527322344413,0.0002404150561381279,-0.17,0.0,1.0,0.28,0.0,"{'negative': 1, 'neutral': 0, 'positive': 0}",0.0,0.0,1.0,0.0
USDT,2021-12-27,1.0005,1.0006,1.0001,1.0003,1.0004428571428572,1.00047,1.0005499999999998,1.0004517193842342,1.0005141686836652,-6.244929943099997e-05,-5.590528087963856e-05,-6.5440185513614124e-06,42.857142857142854,1.00047,0.00015593520934098167,1.000781870418682,1.000158129581318,-0.0001999000499749437,0.00015728354266505997,0.00024298134230526085,-0.17,0.0,1.0,0.28,0.0,"{'negative': 1, 'neutral': 0, 'positive': 0}",0.0,0.0,1.0,0.0
USDT,2021-12-28,1.0003,1.0004,0.9999,1.0002,1.0004142857142857,1.00043,1.0005540000000002,1.0004129933251211,1.0004908969293196,-7.790360419845932e-05,-6.0304945543402714e-05,-1.7598658655056606e-05,40.0,1.00043,0.00010809352693332335,1.0006461870538665,1.0002138129461333,-9.997000899730768e-05,0.00016028194864121668,0.00024298183369901444,-0.17,0.0,1.0,0.28,0.0,"{'negative': 1, 'neutral': 0, 'positive': 0}",0.0,0.0,1.0,0.0
USDT,2021-12-29,1.0002,1.0002,0.9999,1.0002,1.0003714285714285,1.000425,1.000558,1.0003802251212564,1.0004693490086292,-8.912388737281063e-05,-6.60687339092843e-05,-2.3055153463526326e-05,35.71428571428572,1.000425,0.0001164157704845896,1.000657831540969,1.0001921684590307,0.0,0.00015111495578310077,0.00022290016006647803,-0.17,0.0,1.0,0.28,0.0,"{'negative': 1, 'neutral': 0, 'positive': 0}",0.0,0.0,1.0,0.0
USDT,2021-12-30,1.0001,1.0004,1.0,1.0002,1.0003428571428572,1.00041,1.000562,1.0003524981795247,1.0004493972302122,-9.68990506875489e-05,-7.223479726493723e-05,-2.4664253422611665e-05,45.45454545454545,1.00041,0.00012523661830671754,1.0006604732366136,1.0001595267633865,0.0,0.00014953217911170772,0.00022062424471072696,-0.17,0.0,1.0,0.28,0.0,"{'negative': 1, 'neutral': 0, 'positive': 0}",0.0,0.0,1.0,0.0
USDT,2021-12-31,1.0002,1.0002,1.0,1.0001,1.0002714285714285,1.000395,1.000564,1.0003136523057516,1.0004235159539,-0.00010986364814846716,-7.976056744164322e-05,-3.0103080706823948e-05,36.36363636363636,1.000395,0.00014317821076755544,1.000681356421535,1.0001086435784647,-9.998000399913387e-05,0.00011121497855646063,0.0002186135144965928,-0.17,0.0,1.0,0.28,0.0,"{'negative': 1, 'neutral': 0, 'positive': 0}",0.0,0.0,1.0,0.0
USDT,2022-01-01,1.0001,1.0005,0.9998,1.0002,1.000242857142857,1.0003749999999998,1.000568,1.000296167335636,1.000406959216574,-0.0001107918809379882,-8.596683014091221e-05,-2.4825050797075985e-05,41.66666666666667,1.0003749999999998,0.0001409553868826751,1.000656910773765,1.0000930892262345,9.999000099991662e-05,0.00011122909054039021,0.00021968804432836135,-0.17,0.0,1.0,0.28,0.0,"{'negative': 1, 'neutral': 0, 'positive': 0}",0.0,0.0,1.0,0.0
USDT,2022-01-02,1.0001,1.0002,1.0,1.0002,1.0002,1.00036,1.000572,1.0002813723609227,1.0003916289042352,-0.00011025654331242585,-9.082477277521495e-05,-1.9431770537210898e-05,41.66666666666667,1.00036,0.00014290224865340368,1.0006458044973068,1.000074195502693,0.0,9.755586708294453e-05,0.000216953543964119,-0.17,0.0,1.0,0.28,0.0,"{'negative': 1, 'neutral': 0, 'positive': 0}",0.0,0.0,1.0,0.0
USDT,2022-01-03,1.0002,1.0002,0.9999,1.0001,1.0001714285714285,1.00034,1.000574,1.0002534689207807,1.0003700267631808,-0.00011655784240005573,-9.597138670018311e-05,-2.058645569987262e-05,38.46153846153846,1.00034,0.00015008769379299132,1.000640175387586,1.000039824612414,-9.998000399913387e-05,7.55790390133725e-05,0.00018430455380919603,-0.17,0.0,1.0,0.28,0.0,"{'negative': 1, 'neutral': 0, 'positive': 0}",0.0,0.0,1.0,0.0
USDT,2022-01-04,0.9999,1.0001,0.9997,0.9999,1.0001285714285715,1.0003049999999998,1.000572,1.0001990890868144,1.0003352099659082,-0.00013612087909375958,-0.00010400128517889841,-3.2119593914861175e-05,33.33333333333333,1.0003049999999998,0.0001669383751306442,1.000638876750261,0.9999711232497385,-0.00019998000199983323,9.75782981591403e-05,0.00018129882660347378,-0.17,0.0,1.0,0.28,0.0,"{'negative': 1, 'neutral': 0, 'positive': 0}",0.0,0.0,1.0,0.0
USDT,2022-01-05,0.9998,1.0001,0.9997,0.9999,1.0000857142857142,1.0002849999999999,1.00057,1.0001530753811507,1.0003029721906558,-0.0001498968095050568,-0.00011318039004413009,-3.6716419460926705e-05,28.57142857142857,1.0002849999999999,0.00018994459036006278,1.00066488918072,0.9999051108192798,0.0,9.75782981591403e-05,0.00017502578240806988,-0.17,0.0,1.0,0.28,0.0,"{'negative': 1, 'neutral': 0, 'positive': 0}",0.0,0.0,1.0,0.0
USDT,2022-01-06,0.9998,1.0002,0.9994,0.9999,1.000042857142857,1.00026,1.0005479999999998,1.0001141407071275,1.0002731223987553,-0.00015898169162786857,-0.0001223406503608778,-3.6641041266990764e-05,30.769230769230774,1.00026,0.00020621909666203019,1.000672438193324,0.9998475618066759,0.0,9.75782981591403e-05,0.00017502578240806988,-0.17,0.0,1.0,0.28,0.0,"{'negative': 1, 'neutral': 0, 'positive': 0}",0.0,0.0,1.0,0.0
USDT,2022-01-07,0.9999,1.0,0.9997,0.9999,1.0000142857142857,1.000235,1.000526,1.000081195982954,1.0002454837025512,-0.00016428771959708932,-0.00013073006420812012,-3.35576553889692e-05,18.181818181818187,1.000235,0.0002183068821074348,1.0006716137642149,0.9997983862357851,0.0,9.510821105327017e-05,0.00017502578240806988,-0.17,0.0,1.0,0.28,0.0,"{'negative': 1, 'neutral': 0, 'positive': 0}",0.0,0.0,1.0,0.0
USDT,2022-01-08,0.9999,1.0,0.9998,1.0,0.9999857142857144,1.0002149999999999,1.0005060000000001,1.0000687042932688,1.0002272997245845,-0.00015859543131568898,-0.0001363031376296339,-2.2292293686055085e-05,30.0,1.0002149999999999,0.00022070461335101153,1.0006564092267018,0.9997735907732979,0.00010001000100001711,9.511271689175438e-05,0.00012410169158344722,-0.17,0.0,1.0,0.28,0.0,"{'negative': 1, 'neutral': 0, 'positive': 0}",0.0,0.0,1.0,0.0
USDT,2022-01-09,1.0,1.0,0.9998,1.0,0.9999571428571429,1.000195,1.000486,1.0000581344019968,1.0002104627079487,-0.00015232830595190983,-0.0001395081712940891,-1.2820134657820731e-05,22.222222222222214,1.000195,0.00022118104048542248,1.0006373620809708,0.9997526379190291,0.0,9.511271689175438e-05,0.00011763941360545321,-0.17,0.0,1.0,0.28,0.0,"{'negative': 1, 'neutral': 0, 'positive': 0}",0.0,0.0,1.0,0.0
USDT,2022-01-10,0.9999,1.0002,0.9999,1.0,0.9999428571428571,1.000175,1.000466,1.0000491906478435,1.0001948728777303,-0.00014568222988686763,-0.0001407429830126448,-4.9392468742228345e-06,28.57142857142857,1.000175,0.00021974866034370053,1.0006144973206874,0.9997355026793127,0.0,8.996877889841242e-05,0.00011660992735517465,-0.17,0.0,1.0,0.28,0.0,"{'negative': 1, 'neutral': 0, 'positive': 0}",0.0,0.0,1.0,0.0
USDT,2022-01-11,1.0,1.0002,0.9999,1.0001,0.9999714285714286,1.000155,1.000448,1.0000570074712523,1.0001878452571578,-0.0001308377859055021,-0.00013876194359121625,7.92415768571415e-06,42.857142857142854,1.000155,0.00020641042414698657,1.000567820848294,0.9997421791517059,9.999999999998899e-05,4.87974437300462e-05,0.00011162975900379783,-0.17,0.0,1.0,0.28,0.0,"{'negative': 1, 'neutral': 0, 'positive': 0}",0.0,0.0,1.0,0.0
USDT,2022-01-12,1.0001,1.0005,1.0,1.0004,1.000042857142857,1.000155,1.0004439999999999,1.000109775552598,1.0002035604232942,-9.378487069611197e-05,-0.0001297665290121954,3.598165831608343e-05,60.0,1.000155,0.00020641042414698657,1.000567820848294,0.9997421791517059,0.00029997000299974985,0.00011125988630344531,0.00012447942489103152,-0.17,0.0,1.0,0.28,0.0,"{'negative': 1, 'neutral': 0, 'positive': 0}",0.0,0.0,1.0,0.0
USDT,2022-01-13,1.0004,1.0006,1.0004,1.0004,1.0001142857142857,1.000145,1.0004439999999999,1.000154425467583,1.0002181115030502,-6.368603546724749e-05,-0.00011655043030320581,5.286439483595832e-05,60.0,1.000145,0.0001877147893585193,1.0005204295787171,0.999769570421283,0.0,0.00011125988630344531,0.00012447942489103152,-0.17,0.0,1.0,0.28,0.0,"{'negative': 1, 'neutral': 0, 'positive': 0}",0.0,0.0,1.0,0.0
USDT,2022-01-14,1.0005,1.0005,1.0003,1.0003,1.0001714285714285,1.00014,1.0004339999999998,1.0001768215494933,1.000224177317639,-4.7355768145740385e-05,-0.00010271149787171273,5.5355729725972344e-05,60.0,1.00014,0.00018180382729084016,1.0005036076545817,0.9997763923454184,-9.996001599354987e-05,0.0001272245917928374,0.00012411054792269504,0.0,0.0,1.0,0.12,0.0,"{'neutral': 1, 'negative': 0, 'positive': 0}",0.0,0.0,1.0,0.0
USDT,2022-01-15,1.0003,1.0005,1.0003,1.0005,1.000242857142857,1.0001399999999998,1.0004300000000002,1.0002265413111098,1.0002446086274435,-1.8067316333691963e-05,-8.578266156410858e-05,6.771534523041661e-05,63.63636363636363,1.0001399999999998,0.00018180382729084016,1.0005036076545815,0.9997763923454182,0.00019994001799461536,0.00013798724238491233,0.0001172149814809081,0.0,0.0,1.0,0.12,0.0,"{'neutral': 1, 'negative': 0, 'positive': 0}",0.0,0.0,1.0,0.0
USDT,2022-01-16,1.0005,1.0007,1.0003,1.0004,1.0003,1.000145,1.000424,1.0002532272632467,1.0002561190994848,-2.8918362380281337e-06,-6.920449649889249e-05,6.631266026086436e-05,58.33333333333334,1.000145,0.0001877147893585193,1.0005204295787171,0.999769570421283,-9.995002498752736e-05,0.00015115272917187286,0.00011741058824875474,0.0,0.0,1.0,0.12,0.0,"{'neutral': 1, 'negative': 0, 'positive': 0}",0.0,0.0,1.0,0.0
USDT,2022-01-17,1.0004,1.0004,1.0003,1.0004,1.0003571428571427,1.000155,1.00042,1.0002758076842857,1.0002667769439673,9.030740318438646e-06,-5.355744913542627e-05,6.258818945386491e-05,63.63636363636363,1.000155,0.00019594574984099861,1.000546891499682,0.9997631085003179,0.0,0.00015115272917187286,0.00011741058824875474,0.0,0.0,1.0,0.12,0.0,"{'neutral': 1, 'negative': 0, 'positive': 0}",0.0,0.0,1.0,0.0
USDT,2022-01-18,1.0004,1.0004,1.0003,1.0003,1.0003857142857142,1.00016,1.000404,1.000279529579011,1.0002692379110807,1.0291667930317772e-05,-4.078762572227746e-05,5.107929365259523e-05,70.0,1.00016,0.00019841477034554528,1.000556829540691,0.9997631704593088,-9.996001599354987e-05,0.00016032023213259706,0.00011882070101867466,0.0,0.0,1.0,0.12,0.0,"{'neutral': 1, 'negative': 0, 'positive': 0}",0.0,0.0,1.0,0.0
USDT,2022-01-19,1.0004,1.0004,1.0002,1.0003,1.0003714285714287,1.000165,1.000392,1.0002826788745478,1.0002715165843339,1.1162290213917458e-05,-3.0397642535038478e-05,4.155993274895594e-05,70.0,1.000165,0.00020072237972595803,1.0005664447594518,0.999763555240548,0.0,0.00010686709397334333,0.00011882070101867466,0.08,0.0,1.0,0.36,0.0,"{'positive': 1, 'negative': 0, 'neutral': 0}",0.0,0.0,1.0,0.0
USDT,2022-01-20,1.0003,1.0003,1.0001,1.0002,1.0003428571428572,1.00017,1.0003819999999999,1.0002699590476942,1.0002662190595684,3.7399881258615153e-06,-2.3570116402858482e-05,2.7310104528719997e-05,63.63636363636363,1.00017,0.00020026298508844188,1.000570525970177,0.9997694740298231,-9.997000899730768e-05,0.00011123208094560747,0.0001201189657266212,0.08,0.0,1.0,0.36,0.0,"{'positive': 1, 'negative': 0, 'neutral': 0}",0.0,0.0,1.0,0.0
USDT,2022-01-21,1.0002,1.0003,1.0001,1.0003,1.0003428571428572,1.000175,1.000374,1.0002745807326643,1.0002687213514523,5.859381212003356e-06,-1.7684216879886116e-05,2.3543598091889472e-05,66.66666666666666,1.000175,0.00020228952684262899,1.0005795790536853,0.9997704209463147,9.998000399913387e-05,0.00011543253928901172,0.00012011957755184937,0.08,0.0,1.0,0.36,0.0,"{'positive': 1, 'negative': 0, 'neutral': 0}",0.0,0.0,1.0,0.0
USDT,2022-01-22,1.0003,1.0003,1.0002,1.0003,1.0003142857142857,1.00018,1.00037,1.0002784913891776,1.0002710382883817,7.453100795862255e-06,-1.2656753344736442e-05,2.0109854140598697e-05,63.63636363636363,1.00018,0.0002041671143082252,1.0005883342286166,0.9997716657713837,0.0,7.556833630298725e-05,0.00011882186063225374,0.08,0.0,1.0,0.36,0.0,"{'positive': 1, 'negative': 0, 'neutral': 0}",0.0,0.0,1.0,0.0
USDT,2022-01-23,1.0003,1.0003,1.0001,1.0002,1.0002857142857142,1.0001849999999999,1.0003520000000001,1.0002664157908425,1.000265776192946,6.395978964235383e-07,-9.997483096504446e-06,1.0637080992927985e-05,58.33333333333334,1.0001849999999999,0.00020332758126183142,1.0005916551625236,0.9997783448374762,-9.997000899730768e-05,7.557148325014796e-05,0.00011363494382859602,0.08,0.0,1.0,0.36,0.0,"{'positive': 1, 'negative': 0, 'neutral': 0}",0.0,0.0,1.0,0.0
USDT,2022-01-24,1.0003,1.0004,1.0001,1.0003,1.0002714285714285,1.0002049999999998,1.000332,1.0002715825922515,1.0002683112897648,3.271302486673733e-06,-7.343725979868811e-06,1.0615028466542545e-05,61.53846153846153,1.0002049999999998,0.00019324105490751885,1.0005914821098147,0.9998185178901847,9.998000399913387e-05,8.994920251373097e-05,0.00010978193818295928,0.08,0.0,1.0,0.36,0.0,"{'positive': 1, 'negative': 0, 'neutral': 0}",0.0,0.0,1.0,0.0
USDT,2022-01-25,1.0003,1.0006,1.0002,1.0005,1.0003,1.000235,1.000322,1.000306723731905,1.0002854734164488,2.1250315456189384e-05,-1.6249176926571723e-06,2.2875233148846556e-05,64.28571428571428,1.000235,0.0001899445903599436,1.0006148891807198,0.9998551108192801,0.00019994001799461536,0.00011123849596634718,0.00011444409640088568,0.08,0.0,1.0,0.36,0.0,"{'positive': 1, 'negative': 0, 'neutral': 0}",0.0,0.0,1.0,0.0
USDT,2022-01-26,1.0006,1.0009,1.0004,1.0006,1.0003428571428572,1.00027,1.000314,1.0003518431577658,1.000308771681897,4.307147586879445e-05,7.314361019633152e-06,3.57571148491613e-05,58.33333333333334,1.00027,0.00018945906386515414,1.0006489181277303,0.9998910818722697,9.995002498741634e-05,0.00011335533624740228,0.00010936419131114705,0.08,0.0,1.0,0.36,0.0,"{'positive': 1, 'negative': 0, 'neutral': 0}",0.0,0.0,1.0,0.0
USDT,2022-01-27,1.0006,1.0006,1.0004,1.0005,1.0003857142857142,1.0003,1.000304,1.0003746365181094,1.0003229367424973,5.1699775612146226e-05,1.619144393813577e-05,3.5508331674010454e-05,53.84615384615384,1.0003,0.0001747178177176043,1.0006494356354352,0.9999505643645648,-9.994003597835199e-05,0.00011334904289641785,0.00010936315215283393,0.08,0.0,1.0,0.36,0.0,"{'positive': 1, 'negative': 0, 'neutral': 0}",0.0,0.0,1.0,0.0
USDT,2022-01-28,1.0004,1.0005,1.0002,1.0002,1.0003714285714287,1.00031,1.000302,1.0003477693614773,1.000313830317127,3.393904435022854e-05,1.9740964020554326e-05,1.4198080329674216e-05,46.666666666666664,1.00031,0.00016189665331410992,1.0006337933066283,0.9999862066933718,-0.00029985007496247107,0.0001675453511019316,0.00012314277352654083,0.08,0.0,1.0,0.36,0.0,"{'positive': 1, 'negative': 0, 'neutral': 0}",0.0,0.0,1.0,0.0
USDT,2022-01-29,1.0003,1.0003,1.0002,1.0003,1.0003714285714285,1.000325,1.000298,1.0003404202289423,1.0003128058491917,2.761437975062897e-05,2.1315647166569254e-05,6.298732584059716e-06,42.857142857142854,1.000325,0.00014464111680322414,1.0006142822336064,1.0000357177663934,9.998000399913387e-05,0.00017313294529623977,0.0001244881206188896,0.08,0.0,1.0,0.36,0.0,"{'positive': 1, 'negative': 0, 'neutral': 0}",0.0,0.0,1.0,0.0
USDT,2022-01-30,1.0003,1.0005,1.0002,1.0004,1.0004000000000002,1.000345,1.000298,1.0003495863475667,1.0003192646751775,3.0321672389144183e-05,2.311685221108424e-05,7.204820178059943e-06,50.0,1.000345,0.00012343760425309792,1.0005918752085063,1.0000981247914937,9.997000899719666e-05,0.00017035947504277744,0.00012411773375512234,0.08,0.0,1.0,0.36,0.0,"{'positive': 1, 'negative': 0, 'neutral': 0}",0.0,0.0,1.0,0.0
USDT,2022-01-31,1.0004,1.0007,1.0002,1.0005,1.0004285714285714,1.000365,1.000296,1.0003727269094795,1.0003326524770162,4.007443246334397e-05,2.650836826153619e-05,1.3566064201807779e-05,53.33333333333333,1.000365,0.00011367080834603306,1.000592341616692,1.000137658383308,9.996001599366089e-05,0.0001703580789125228,0.00012411698425137147,0.08,0.0,1.0,0.36,0.0,"{'positive': 1, 'negative': 0, 'neutral': 0}",0.0,0.0,1.0,0.0
USDT,2022-02-01,1.0003,1.0007,1.0003,1.0006,1.000442857142857,1.0003749999999998,1.000298,1.0004076920003289,1.0003524559972372,5.523600309165211e-05,3.225389522755938e-05,2.298210786409273e-05,60.0,1.0003749999999998,0.000125131509921749,1.0006252630198433,1.0001247369801562,9.995002498741634e-05,0.00015728475235149777,0.00012517614559499115,0.08,0.0,1.0,0.36,0.0,"{'positive': 1, 'negative': 0, 'neutral': 0}",0.0,0.0,1.0,0.0
USDT,2022-02-02,1.0005,1.0009,1.0003,1.0009,1.0004857142857142,1.0004,1.000306,1.000483431692586,1.0003930148122566,9.041688032929152e-05,4.388649224790581e-05,4.653038808138571e-05,66.66666666666666,1.0004,0.0001716790151677163,1.0007433580303353,1.0000566419696646,0.000299820107935167,0.00019013787593029704,0.00013368875931387122,0.08,0.0,1.0,0.36,0.0,"{'positive': 1, 'negative': 0, 'neutral': 0}",0.0,0.0,1.0,0.0
USDT,2022-02-03,1.0008,1.0009,1.0004,1.0005,1.0004857142857142,1.00041,1.000304,1.0004859806629574,1.0004009396409783,8.504102197903762e-05,5.211739819413217e-05,3.292362378490545e-05,57.142857142857146,1.00041,0.00017137217128533955,1.0007527443425708,1.0000672556574293,-0.0003996403237086499,0.00025149107471230753,0.000149406440147069,0.08,0.0,1.0,0.36,0.0,"{'positive': 1, 'negative': 0, 'neutral': 0}",0.0,0.0,1.0,0.0
USDT,2022-02-04,1.0004,1.0009,1.0004,1.0008,1.0005714285714284,1.0004250000000001,1.000314,1.0005342913301947,1.0004304996675726,0.00010379166262208805,6.245225107972336e-05,4.13394115423647e-05,60.869565217391305,1.0004250000000001,0.00019159991219776083,1.0008081998243956,1.0000418001756046,0.00029985007496247107,0.0002338364342771607,0.00015781494140224283,0.08,0.0,1.0,0.36,0.0,"{'positive': 1, 'negative': 0, 'neutral': 0}",0.0,0.0,1.0,0.0
USDT,2022-02-05,1.0008,1.0009,1.0005,1.0006,1.0006142857142857,1.000435,1.0003179999999998,1.0005444003563186,1.0004430552477523,0.00010134510856629753,7.023082257703819e-05,3.1114285989259334e-05,55.99999999999999,1.000435,0.00019540780579265795,1.0008258156115852,1.0000441843884147,-0.0001998401278976436,0.00025708737808315444,0.00016324903703552858,0.08,0.0,1.0,0.36,0.0,"{'positive': 1, 'negative': 0, 'neutral': 0}",0.0,0.0,1.0,0.0
USDT,2022-02-06,1.0006,1.0007,1.0004,1.0004,1.0006142857142857,1.000435,1.0003179999999998,1.000522184916885,1.000439865970141,8.231894674404217e-05,7.264844741043899e-05,9.670499333603173e-06,53.84615384615384,1.000435,0.00019540780579265795,1.0008258156115852,1.0000441843884147,-0.000199880071956815,0.0002706118617114395,0.0001682371240131753,0.08,0.0,1.0,0.36,0.0,"{'positive': 1, 'negative': 0, 'neutral': 0}",0.0,0.0,1.0,0.0
USDT,2022-02-07,1.0005,1.0011,1.0004,1.0007,1.000642857142857,1.000455,1.000324,1.0005495410835181,1.000459135157538,9.040592598008601e-05,7.61999431243684e-05,1.4205982855717607e-05,57.14285714285714,1.000455,0.00020124611807028576,1.0008574922361406,1.0000525077638596,0.0002998800479807606,0.0002925743353582515,0.00017545367290264834,0.08,0.0,1.0,0.36,0.0,"{'positive': 1, 'negative': 0, 'neutral': 0}",0.0,0.0,1.0,0.0
USDT,2022-02-08,1.0008,1.0012,1.0006,1.0009,1.0006857142857142,1.0004849999999998,1.000334,1.0006034578399,1.0004917918125351,0.00011166602736478737,8.32931599724522e-05,2.837286739233517e-05,57.14285714285714,1.0004849999999998,0.00022070461335031287,1.0009264092267005,1.0000435907732992,0.00019986009793138138,0.0002990020519678858,0.00017830801913264966,0.0,0.0,1.0,0.4,0.0,"{'neutral': 1, 'negative': 0, 'positive': 0}",0.0,0.0,1.0,0.0
USDT,2022-02-09,1.001,1.0011,1.0007,1.0011,1.0007142857142857,1.00053,1.000348,1.0006798489414537,1.0005368442708658,0.00014300467058792066,9.52354620955459e-05,4.7769208492374755e-05,58.62068965517558,1.00053,0.00024942038079127084,1.0010288407615824,1.0000311592384175,0.00019982016185449147,0.000286819815539121,0.00018086247038556522,0.0,0.0,1.0,0.4,0.0,"{'neutral': 1, 'negative': 0, 'positive': 0}",0.0,0.0,1.0,0.0
USDT,2022-02-10,1.001,1.0011,1.0006,1.0007,1.0007428571428572,1.0005499999999998,1.000352,1.000682949104307,1.0005489298804313,0.000134019223875681,0.00010299221445157292,3.102700942410807e-05,53.12499999999956,1.0005499999999998,0.0002460209662360546,1.001042041932472,1.0000579580675277,-0.00039956048346834194,0.00028679994966975003,0.00019709847199948536,0.0,0.0,1.0,0.4,0.0,"{'neutral': 1, 'negative': 0, 'positive': 0}",0.0,0.0,1.0,0.0
USDT,2022-02-11,1.0006,1.0009,1.0002,1.0003,1.0006714285714284,1.00055,1.00035,1.0006240338574905,1.000530490630029,9.354322746157884e-05,0.00010110241705357411,-7.559189591995274e-06,51.51515151515131,1.00055,0.0002460209662360546,1.0010420419324721,1.000057958067528,-0.00039972019586287377,0.00029818303153347563,0.00020410145800741876,0.0,0.0,1.0,0.4,0.0,"{'neutral': 1, 'negative': 0, 'positive': 0}",0.0,0.0,1.0,0.0
USDT,2022-02-12,1.0007,1.0008,1.0002,1.0005,1.000657142857143,1.000565,1.000348,1.0006049517255688,1.0005282320648416,7.671966072719805e-05,9.62258657882989e-05,-1.9506205061100857e-05,52.94117647058785,1.000565,0.00023232237139104707,1.001029644742782,1.0001003552572179,0.00019994001799461536,0.00030760748314612266,0.00020745025492427895,0.0,0.0,1.0,0.4,0.0,"{'neutral': 1, 'negative': 0, 'positive': 0}",0.0,0.0,1.0,0.0
USDT,2022-02-13,1.0006,1.0006,1.0005,1.0006,1.0006857142857142,1.0005799999999998,1.0003520000000001,1.0006041899216351,1.0005335482081867,7.064171344839387e-05,9.11090353203179e-05,-2.046732187192403e-05,52.94117647058785,1.0005799999999998,0.00022384204966027926,1.0010276840993204,1.0001323159006792,9.995002498741634e-05,0.0002981797687334856,0.00020722784852745906,0.0,0.0,1.0,0.4,0.0,"{'neutral': 1, 'negative': 0, 'positive': 0}",0.0,0.0,1.0,0.0
USDT,2022-02-14,1.0006,1.0006,1.0005,1.0005,1.000657142857143,1.00058,1.000352,1.0005881607029221,1.0005310631557285,5.7097547193629694e-05,8.430673769498026e-05,-2.7209190501350565e-05,50.0,1.00058,0.00022384204966027926,1.0010276840993206,1.0001323159006794,-9.994003597835199e-05,0.00027494140984816014,0.00020497096819100744,0.0,0.0,1.0,0.4,0.0,"{'neutral': 1, 'negative': 0, 'positive': 0}",0.0,0.0,1.0,0.0
USDT,2022-02-15,1.0006,1.0006,1.0005,1.0006,1.0006142857142857,1.0005799999999998,1.000358,1.0005899821332418,1.0005361695886374,5.3812544604348034e-05,7.820789907685382e-05,-2.439535447250579e-05,50.0,1.0005799999999998,0.00022384204966027926,1.0010276840993204,1.0001323159006792,9.995002498741634e-05,0.0002634632962456846,0.00020485821137200376,0.0,0.0,1.0,0.4,0.0,"{'neutral': 1, 'negative': 0, 'positive': 0}",0.0,0.0,1.0,0.0
USDT,2022-02-16,1.0007,1.0008,1.0005,1.0005,1.0005285714285714,1.0005799999999998,1.0003639999999998,1.0005761387281276,1.0005334903598495,4.2648368278053184e-05,7.10959929170937e-05,-2.8447624639040518e-05,43.75000000000087,1.0005799999999998,0.00022384204966027926,1.0010276840993204,1.0001323159006792,-9.994003597835199e-05,0.00024084735111529288,0.00020578116266320687,0.0,0.0,1.0,0.4,0.0,"{'neutral': 1, 'negative': 0, 'positive': 0}",0.0,0.0,1.0,0.0
USDT,2022-02-17,1.0005,1.0008,1.0005,1.0007,1.0005285714285714,1.000605,1.0003739999999999,1.0005951943084157,1.000545824407268,4.936990114767781e-05,6.675077456321052e-05,-1.7380873415532715e-05,53.33333333333284,1.000605,0.0002064104241458871,1.0010178208482918,1.000192179151708,0.00019990004997505473,0.00021589669965704837,0.0002078619482884533,0.0,0.0,1.0,0.4,0.0,"{'neutral': 1, 'negative': 0, 'positive': 0}",0.0,0.0,1.0,0.0
USDT,2022-02-18,1.0006,1.0007,1.0005,1.0006,1.0005714285714284,1.00062,1.0003819999999999,1.0005959336455825,1.000549837414137,4.609623144546937e-05,6.261986593966229e-05,-1.652363449419292e-05,46.428571428572,1.00062,0.00019358120840798804,1.001007162416816,1.0002328375831842,-9.993004896569069e-05,0.0001396584815031022,0.0002088814137867391,0.0,0.0,1.0,0.4,0.0,"{'neutral': 1, 'negative': 0, 'positive': 0}",0.0,0.0,1.0,0.0
USDT,2022-02-19,1.0006,1.0006,1.0005,1.0005,1.0005714285714284,1.0006249999999999,1.0003900000000001,1.0005811746231852,1.0005461457538305,3.502886935469185e-05,5.710166662266821e-05,-2.2072797267976357e-05,48.14814814814845,1.0006249999999999,0.000188832981163268,1.0010026659623263,1.0002473340376734,-9.994003597835199e-05,0.0001290284798509043,0.0002088808696400022,0.0,0.0,1.0,0.4,0.0,"{'neutral': 1, 'negative': 0, 'positive': 0}",0.0,0.0,1.0,0.0
USDT,2022-02-20,1.0006,1.0006,1.0004,1.0005,1.0005571428571427,1.0006249999999999,1.0003959999999998,1.0005686862196181,1.000542727549843,2.5958669775061338e-05,5.087306725314684e-05,-2.49143974780855e-05,51.999999999999645,1.0006249999999999,0.000188832981163268,1.0010026659623263,1.0002473340376734,0.0,0.00012143198815531712,0.0002081924871699035,0.0,0.0,1.0,0.4,0.0,"{'neutral': 1, 'negative': 0, 'positive': 0}",0.0,0.0,1.0,0.0
USDT,2022-02-21,1.0005,1.0005,1.0004,1.0005,1.000557142857143,1.00062,1.000402,1.0005581191089077,1.000539562546151,1.8556562756621986e-05,4.440976635384187e-05,-2.5853203597219885e-05,45.45454545454637,1.00062,0.0001908430052942785,1.0010016860105886,1.0002383139894115,0.0,0.00011540658091991917,0.0002081924871699035,0.0,0.0,1.0,0.4,0.0,"{'neutral': 1, 'negative': 0, 'positive': 0}",0.0,0.0,1.0,0.0
USDT,2022-02-22,1.0005,1.0006,1.0003,1.0005,1.0005428571428572,1.0006,1.00041,1.0005491777075373,1.000536631987177,1.2545720360357393e-05,3.803695715514498e-05,-2.5491236794787585e-05,40.00000000000222,1.0006,0.00018064212959764908,1.0009612842591953,1.0002387157408046,0.0,0.00010684573230319193,0.00020722430872716652,0.0,0.0,1.0,0.4,0.0,"{'neutral': 1, 'negative': 0, 'positive': 0}",0.0,0.0,1.0,0.0
USDT,2022-02-23,1.0005,1.0006,1.0005,1.0006,1.0005571428571427,1.000605,1.000424,1.0005569965217622,1.0005413259140528,1.5670607709461493e-05,3.356368726600828e-05,-1.789307955654679e-05,36.842105263153584,1.000605,0.00017910596697658972,1.000963211933953,1.0002467880660468,9.995002498741634e-05,0.00010684573239210617,0.00020722386001112956,0.0,0.0,1.0,0.4,0.0,"{'neutral': 1, 'negative': 0, 'positive': 0}",0.0,0.0,1.0,0.0
USDT,2022-02-24,1.0006,1.0006,1.0003,1.0004,1.0005142857142857,1.0005849999999998,1.0004339999999998,1.000532843210722,1.0005308573278267,1.985882895239044e-06,2.7248126391854435e-05,-2.526224349661539e-05,41.1764705882353,1.0005849999999998,0.00017851728513189167,1.0009420345702635,1.0002279654297361,-0.000199880071956815,9.753295095015158e-05,0.00020744480404207903,0.0,0.0,1.0,0.4,0.0,"{'neutral': 1, 'negative': 0, 'positive': 0}",0.0,0.0,1.0,0.0
USDT,2022-02-25,1.0003,1.0005,1.0003,1.0005,1.0005,1.0005799999999998,1.000446,1.0005277904090724,1.0005285715998395,-7.811907671850804e-07,2.1642262960046533e-05,-2.2423453727231614e-05,57.14285714285714,1.0005799999999998,0.00017947291259136269,1.0009389458251825,1.000221054174817,9.996001599366089e-05,0.00010684573239227745,0.00020744497554256257,0.17,0.0,1.0,0.25,0.0,"{'positive': 1, 'negative': 0, 'neutral': 0}",0.0,0.0,1.0,0.0
USDT,2022-02-26,1.0005,1.0005,1.0004,1.0004,1.0004857142857142,1.00058,1.000456,1.000508130346138,1.0005190477776291,-1.0917431491064278e-05,1.5130324069824372e-05,-2.604775556088865e-05,46.15384615384615,1.00058,0.00017947291259136269,1.0009389458251827,1.0002210541748173,-9.995002498752736e-05,0.00010684706728814065,0.00020744513599711513,0.17,0.0,1.0,0.25,0.0,"{'positive': 1, 'negative': 0, 'neutral': 0}",0.0,0.0,1.0,0.0
USDT,2022-02-27,1.0004,1.0005,1.0004,1.0005,1.0004857142857142,1.00057,1.000466,1.0005068795236554,1.0005176368311381,-1.0757307482789358e-05,9.952797759301626e-06,-2.0710105242090985e-05,46.15384615384615,1.00057,0.00017800059147252598,1.000926001182945,1.0002139988170549,9.996001599366089e-05,0.00011540946489495435,0.00020046259265461662,0.075,0.10606601717798213,2.0,0.21,0.29698484809834996,"{'neutral': 1, 'positive': 1, 'negative': 0}",0.0,0.0,1.0,0.0
USDT,2022-02-28,1.0004,1.0007,1.0004,1.0005,1.0004857142857142,1.00055,1.000476,1.0005058211354008,1.000516330399202,-1.050926380119499e-05,5.860385447202303e-06,-1.636964924839729e-05,50.0,1.00055,0.00016059101382859644,1.0008711820276572,1.0002288179723429,0.0,0.00011540946489495435,0.00019974517160859163,0.0,0.10606601717798213,1.0,0.42,0.29698484809834996,"{'neutral': 1, 'negative': 0, 'positive': 0}",0.0,0.0,1.0,0.0
USDT,2022-03-01,1.0004,1.0005,1.0002,1.0003,1.0004571428571427,1.0005099999999998,1.0004819999999999,1.0004741563453392,1.000500305925187,-2.614957984770072e-05,-5.416076117783022e-07,-2.560797223592242e-05,38.46153846153846,1.0005099999999998,0.00010711528485173812,1.0007242305697033,1.0002957694302963,-0.0001999000499749437,0.0001379431066791451,0.0002024013380501897,0.0,0.10606601717798213,1.0,0.42,0.29698484809834996,"{'neutral': 1, 'negative': 0, 'positive': 0}",0.0,0.0,1.0,0.0
USDT,2022-03-02,1.0003,1.0003,1.0002,1.0002,1.0004,1.0004849999999998,1.000484,1.0004319784460562,1.0004780610418398,-4.608259578353646e-05,-9.649805246129935e-06,-3.6432790537406525e-05,38.46153846153846,1.0004849999999998,0.00011821033901018032,1.0007214206780202,1.0002485793219795,-9.997000899730768e-05,0.0001271797100341601,0.00020217505769442624,0.0,0.10606601717798213,1.0,0.42,0.29698484809834996,"{'neutral': 1, 'negative': 0, 'positive': 0}",0.0,0.0,1.0,0.0
USDT,2022-03-03,1.0003,1.0003,1.0002,1.0002,1.0003714285714287,1.00048,1.00048,1.0003962894543552,1.0004574639276294,-6.117447327413927e-05,-1.9954738851731803e-05,-4.121973442240747e-05,27.272727272727266,1.00048,0.0001281446552531908,1.0007362893105065,1.0002237106894936,0.0,0.00011122010755337338,0.00020112189778155183,0.0,0.10606601717798213,1.0,0.42,0.29698484809834996,"{'neutral': 1, 'negative': 0, 'positive': 0}",0.0,0.0,1.0,0.0
USDT,2022-03-04,1.0002,1.0003,1.0002,1.0003,1.0003428571428572,1.00047,1.000478,1.0003814756921467,1.00044579993299,-6.432424084334976e-05,-2.8828639250055395e-05,-3.549560159329436e-05,36.36363636363636,1.00047,0.0001341640787930565,1.0007383281575861,1.0002016718424138,9.998000399913387e-05,0.00011122395716990371,0.00019356048046439641,0.0,0.10606601717798213,1.0,0.42,0.29698484809834996,"{'neutral': 1, 'negative': 0, 'positive': 0}",0.0,0.0,1.0,0.0
USDT,2022-03-05,1.0003,1.0003,1.0002,1.0003,1.0003285714285712,1.000455,1.000478,1.000368940970278,1.0004349999379538,-6.605896767575281e-05,-3.627470493519488e-05,-2.9784262740557933e-05,39.99999999999999,1.000455,0.00013562719815918931,1.0007262543963185,1.0001837456036817,0.0,0.00010686086392776559,0.0001797919666840804,0.0,0.10606601717798213,1.0,0.42,0.29698484809834996,"{'neutral': 1, 'negative': 0, 'positive': 0}",0.0,0.0,1.0,0.0
USDT,2022-03-06,1.0002,1.0003,1.0002,1.0003,1.0003,1.0004449999999998,1.0004739999999999,1.0003583346671583,1.0004249999425499,-6.66652753915642e-05,-4.235281902646874e-05,-2.4312456365095454e-05,39.99999999999999,1.0004449999999998,0.000139453821960787,1.0007239076439214,1.0001660923560782,0.0,9.508069293342813e-05,0.000170246808511146,0.0,0.10606601717798213,1.0,0.42,0.29698484809834996,"{'neutral': 1, 'negative': 0, 'positive': 0}",0.0,0.0,1.0,0.0
USDT,2022-03-07,1.0003,1.0003,1.0002,1.0003,1.0002714285714285,1.00043,1.0004719999999998,1.00034936010298,1.0004157406875462,-6.638058456620577e-05,-4.715837213441615e-05,-1.922221243178962e-05,39.99999999999999,1.00043,0.00013803127043311936,1.0007060625408661,1.0001539374591337,0.0,9.508069293342813e-05,0.00016670436771928918,0.02,0.10606601717798213,1.0,0.17,0.29698484809834996,"{'positive': 1, 'negative': 0, 'neutral': 0}",0.0,0.0,1.0,0.0
USDT,2022-03-08,1.0003,1.0003,1.0001,1.0002,1.0002571428571427,1.000415,1.000468,1.0003263816255985,1.000399759895876,-7.33782702775354e-05,-5.2402351763040006e-05,-2.09759185144954e-05,36.36363636363636,1.000415,0.00014608937436243254,1.000707178748725,1.0001228212512752,-9.997000899730768e-05,6.898861910923459e-05,0.0001637516911350059,0.02,0.10606601717798213,1.0,0.17,0.29698484809834996,"{'positive': 1, 'negative': 0, 'neutral': 0}",0.0,0.0,1.0,0.0
USDT,2022-03-09,1.0002,1.0002,1.0001,1.0002,1.000257142857143,1.00039,1.0004659999999999,1.0003069382985834,1.000384962866552,-7.802456796857093e-05,-5.752679500414619e-05,-2.0497772964424743e-05,30.0,1.00039,0.00013726654837082145,1.0006645330967416,1.0001154669032581,0.0,5.7720596968081646e-05,0.00015320808646593787,0.02,0.10606601717798213,1.0,0.17,0.29698484809834996,"{'positive': 1, 'negative': 0, 'neutral': 0}",0.0,0.0,1.0,0.0
USDT,2022-03-10,1.0001,1.0004,1.0001,1.0004,1.0002857142857142,1.00038,1.0004680000000001,1.0003212554834167,1.0003860767282888,-6.482124487217078e-05,-5.898568497775111e-05,-5.835559894419667e-06,50.0,1.00038,0.0001281446552536378,1.0006362893105074,1.0001237106894927,0.00019996000799826774,9.509770148860455e-05,0.00015321295606303067,0.02,0.10606601717798213,1.0,0.17,0.29698484809834996,"{'positive': 1, 'negative': 0, 'neutral': 0}",0.0,0.0,1.0,0.0
USDT,2022-03-11,1.0004,1.0004,1.0001,1.0002,1.0002714285714285,1.000365,1.0004680000000001,1.0003026007936602,1.000372293266934,-6.969247327393013e-05,-6.112704263698692e-05,-8.565430636943216e-06,36.36363636363636,1.000365,0.00013088765788220116,1.0006267753157643,1.0001032246842356,-0.00019992003198721076,0.00012146292549496682,0.00015110612467302491,0.43,0.10606601717798213,1.0,0.73,0.29698484809834996,"{'positive': 1, 'negative': 0, 'neutral': 0}",0.0,0.0,1.0,0.0
USDT,2022-03-12,1.0002,1.0002,0.9999,1.0001,1.000242857142857,1.0003449999999998,1.000464,1.0002714314407894,1.0003521233953094,-8.069195451998468e-05,-6.504002501358647e-05,-1.5651929506398205e-05,36.36363636363636,1.0003449999999998,0.00013945382196128655,1.0006239076439223,1.0000660923560774,-9.998000399913387e-05,0.00012532150770586993,0.00013486530240239896,0.43,0.10606601717798213,1.0,0.73,0.29698484809834996,"{'positive': 1, 'negative': 0, 'neutral': 0}",0.0,0.0,1.0,0.0
USDT,2022-03-13,1.0002,1.0003,1.0,1.0002,1.0002285714285715,1.00033,1.000462,1.0002604419883603,1.000340854995657,-8.041300729666467e-05,-6.811462147020211e-05,-1.2298385826462559e-05,36.36363636363636,1.00033,0.00013803127043367358,1.0006060625408673,1.0000539374591326,9.999000099991662e-05,0.00013448279972600968,0.00011586858834804413,0.43,0.10606601717798213,1.0,0.73,0.29698484809834996,"{'positive': 1, 'negative': 0, 'neutral': 0}",0.0,0.0,1.0,0.0
USDT,2022-03-14,1.0002,1.0002,1.0001,1.0002,1.0002142857142857,1.000315,1.0004619999999997,1.0002511432209202,1.000330421292275,-7.927807135477138e-05,-7.034731144711598e-05,-8.930759907655407e-06,36.36363636363636,1.000315,0.00013484884339484915,1.0005846976867898,1.0000453023132103,0.0,0.00013448279972600968,0.00010933999732789574,0.43,0.10606601717798213,1.0,0.73,0.29698484809834996,"{'positive': 1, 'negative': 0, 'neutral': 0}",0.0,0.0,1.0,0.0
USDT,2022-03-15,1.0001,1.0003,1.0001,1.0003,1.0002285714285715,1.0003,1.000462,1.000258659648471,1.0003281678632177,-6.950821474660529e-05,-7.017949210701384e-05,6.712773604085467e-07,50.0,1.0003,0.00011697953053827392,1.0005339590610764,1.0000660409389235,9.998000399913387e-05,0.00013448209214523033,0.0001093410368983192,0.43,0.10606601717798213,1.0,0.73,0.29698484809834996,"{'positive': 1, 'negative': 0, 'neutral': 0}",0.0,0.0,1.0,0.0
USDT,2022-03-16,1.0002,1.0003,1.0002,1.0003,1.000242857142857,1.000295,1.0004579999999998,1.0002650197025524,1.0003260813548311,-6.106165227870441e-05,-6.835592414135195e-05,7.294271862647535e-06,55.55555555555556,1.000295,0.00011459310182562223,1.0005241862036511,1.0000658137963487,0.0,0.00013448209214523033,0.00010802046427275743,0.43,0.10606601717798213,1.0,0.73,0.29698484809834996,"{'positive': 1, 'negative': 0, 'neutral': 0}",0.0,0.0,1.0,0.0
USDT,2022-03-17,1.0003,1.0005,1.0002,1.0005,1.0002571428571427,1.000295,1.000456,1.0003011705175444,1.0003389642174363,-3.7793699891874866e-05,-6.224347929145653e-05,2.4449779399581667e-05,63.63636363636363,1.000295,0.00011459310182562223,1.0005241862036511,1.0000658137963487,0.00019994001799461536,0.00013447749247901206,0.00011285762644940855,0.24,0.10606601717798213,1.0,0.58,0.29698484809834996,"{'positive': 1, 'negative': 0, 'neutral': 0}",0.0,0.0,1.0,0.0
USDT,2022-03-18,1.0004,1.0008,1.0004,1.0005,1.0003,1.0002999999999997,1.000456,1.0003317596686914,1.0003508927939224,-1.913312523105226e-05,-5.3621408479375684e-05,3.448828324832342e-05,60.0,1.0002999999999997,0.0001213953958925232,1.0005427907917848,1.0000572092082147,0.0,9.756610435315654e-05,0.00011137265747620852,0.24,0.10606601717798213,1.0,0.58,0.29698484809834996,"{'positive': 1, 'negative': 0, 'neutral': 0}",0.0,0.0,1.0,0.0
USDT,2022-03-19,1.0008,1.0008,1.0004,1.0004,1.0003428571428572,1.000295,1.00046,1.0003422581812003,1.000354530364743,-1.227218354271642e-05,-4.535156349204383e-05,3.307937994932741e-05,54.54545454545455,1.000295,0.00011459310182562223,1.0005241862036511,1.0000658137963487,-9.995002498752736e-05,9.755879035117438e-05,0.00010614706238838347,0.24,0.10606601717798213,1.0,0.58,0.29698484809834996,"{'positive': 1, 'negative': 0, 'neutral': 0}",0.0,0.0,1.0,0.0
USDT,2022-03-20,1.0005,1.0006,1.0004,1.0004,1.0003714285714285,1.0002900000000001,1.000462,1.0003511415379387,1.0003578984858732,-6.75694793450532e-06,-3.763264038053613e-05,3.087569244603081e-05,54.54545454545455,1.0002900000000001,0.00010711528485321019,1.0005042305697065,1.0000757694302937,0.0,9.508719516497775e-05,0.00010478652994683108,0.24,0.10606601717798213,1.0,0.58,0.29698484809834996,"{'positive': 1, 'negative': 0, 'neutral': 0}",0.0,0.0,1.0,0.0
USDT,2022-03-21,1.0004,1.0006,1.0003,1.0004,1.0004000000000002,1.000295,1.000462,1.0003586582244097,1.0003610171165493,-2.358892139620039e-06,-3.0577890732352916e-05,2.8218998592732877e-05,54.54545454545455,1.000295,0.00010990426473558679,1.000514808529471,1.0000751914705288,0.0,9.508719516497775e-05,0.00010329671808675202,0.24,0.10606601717798213,1.0,0.58,0.29698484809834996,"{'positive': 1, 'negative': 0, 'neutral': 0}",0.0,0.0,1.0,0.0
USDT,2022-03-22,1.0004,1.0005,1.0,1.0005,1.0004285714285714,1.0003099999999998,1.000462,1.000380403112962,1.0003713121449531,9.090968008829137e-06,-2.2644118984116507e-05,3.1735086992945644e-05,63.63636363636363,1.0003099999999998,0.00011652874069105906,1.0005430574813818,1.0000769425186178,9.996001599366089e-05,9.508469351685514e-05,0.00010500577212821936,0.24,0.10606601717798213,1.0,0.58,0.29698484809834996,"{'positive': 1, 'negative': 0, 'neutral': 0}",0.0,0.0,1.0,0.0
USDT,2022-03-23,1.0004,1.0005,1.0002,1.0005,1.0004571428571427,1.000325,1.00046,1.0003988026340447,1.0003808445786604,1.7958055384292848e-05,-1.4523684110434637e-05,3.248173949472749e-05,63.63636363636363,1.000325,0.00012085223703554586,1.000566704474071,1.000083295525929,0.0,9.508469351685514e-05,0.00010500577212821936,0.0,0.10606601717798213,1.0,0.5,0.29698484809834996,"{'neutral': 1, 'negative': 0, 'positive': 0}",0.0,0.0,1.0,0.0
USDT,2022-03-24,1.0005,1.0006,1.0003,1.0004,1.0004428571428572,1.00033,1.00045,1.0003989868441916,1.0003822634987596,1.6723345432012593e-05,-8.274278201945192e-06,2.4997623633957787e-05,50.0,1.00033,0.00012182817942394026,1.0005736563588479,1.000086343641152,-9.995002498752736e-05,6.897482772940313e-05,0.00010657977841133034,-0.15,0.10606601717798213,1.0,0.2,0.29698484809834996,"{'negative': 1, 'neutral': 0, 'positive': 0}",0.0,0.0,1.0,0.0
USDT,2022-03-25,1.0005,1.0008,1.0003,1.0004,1.0004285714285712,1.000335,1.000448,1.000399142714316,1.0003835773136662,1.5565400649730776e-05,-3.5063424316099985e-06,1.9071743081340774e-05,62.5,1.000335,0.0001225818739784185,1.0005801637479568,1.0000898362520432,0.0,6.897482772940313e-05,0.00010478718711542992,-0.15,0.10606601717798213,1.0,0.2,0.29698484809834996,"{'negative': 1, 'neutral': 0, 'positive': 0}",0.0,0.0,1.0,0.0
USDT,2022-03-26,1.0005,1.0005,1.0004,1.0004,1.0004285714285712,1.00034,1.00044,1.0003992746044212,1.0003847938089503,1.448079547095027e-05,9.108514890205531e-08,1.4389710322048214e-05,71.42857142857143,1.00034,0.0001231174024068974,1.0005862348048138,1.0000937651951862,0.0,5.770905804116797e-05,9.822706106898634e-05,-0.15,0.10606601717798213,1.0,0.2,0.29698484809834996,"{'negative': 1, 'neutral': 0, 'positive': 0}",0.0,0.0,1.0,0.0
USDT,2022-03-27,1.0004,1.0005,1.0002,1.0004,1.0004285714285712,1.000345,1.0004359999999999,1.000399386203741,1.0003859201934724,1.3466010268636808e-05,2.766070172849006e-06,1.0699940095787802e-05,66.66666666666666,1.000345,0.00012343760425346438,1.000591875208507,1.000098124791493,0.0,5.770905804116797e-05,9.639787716899809e-05,-0.15,0.10606601717798213,1.0,0.2,0.29698484809834996,"{'negative': 1, 'neutral': 0, 'positive': 0}",0.0,0.0,1.0,0.0
USDT,2022-03-28,1.0003,1.0006,1.0002,1.0004,1.0004285714285712,1.0003549999999999,1.0004359999999999,1.0003994806339347,1.000386963142104,1.2517491830621452e-05,4.7163545044034956e-06,7.801137326217957e-06,66.66666666666666,1.0003549999999999,0.0001190974834531421,1.0005931949669062,1.0001168050330935,0.0,5.770905804116797e-05,9.465474432225977e-05,-0.15,0.10606601717798213,1.0,0.2,0.29698484809834996,"{'negative': 1, 'neutral': 0, 'positive': 0}",0.0,0.0,1.0,0.0
USDT,2022-03-29,1.0004,1.0005,1.0003,1.0005,1.0004285714285712,1.0003699999999998,1.000432,1.000414945151791,1.000395336242689,1.9608909102020178e-05,7.694865423926833e-06,1.1914043678093345e-05,66.66666666666666,1.0003699999999998,0.00011742858988654377,1.0006048571797728,1.0001351428202268,9.996001599366089e-05,5.770905804116797e-05,9.465474432225977e-05,-0.15,0.10606601717798213,1.0,0.2,0.29698484809834996,"{'negative': 1, 'neutral': 0, 'positive': 0}",0.0,0.0,1.0,0.0
USDT,2022-03-30,1.0004,1.0005,1.0002,1.0003,1.0004,1.000365,1.0004199999999999,1.0003972612822847,1.000388274298786,8.986983498715517e-06,7.953289038884571e-06,1.0336944598309464e-06,50.0,1.000365,0.00011821033901087015,1.0006014206780216,1.0001285793219783,-0.0001999000499749437,9.507368824397646e-05,0.0001014474313244638,-0.15,0.10606601717798213,1.0,0.2,0.29698484809834996,"{'negative': 1, 'neutral': 0, 'positive': 0}",0.0,0.0,1.0,0.0
USDT,2022-03-31,1.0003,1.0003,1.0001,1.0003,1.0003857142857142,1.00037,1.0004039999999998,1.000382298008087,1.000381735461839,5.625462480285393e-07,6.475140480713365e-06,-5.9125942326848255e-06,33.33333333333333,1.00037,0.00011285761890007631,1.0005957152378002,1.0001442847621997,0.0,8.993069197237254e-05,9.465474432225977e-05,-0.15,0.10606601717798213,1.0,0.2,0.29698484809834996,"{'negative': 1, 'neutral': 0, 'positive': 0}",0.0,0.0,1.0,0.0
USDT,2022-04-01,1.0003,1.0005,1.0002,1.0004,1.0003857142857142,1.000385,1.000398,1.0003850213914582,1.0003830883905915,1.9330008667051146e-06,5.566712557911715e-06,-3.6337116912066004e-06,42.857142857142854,1.000385,9.333020065501858e-05,1.0005716604013102,1.00019833959869,9.997000899719666e-05,9.9955021009263e-05,9.44113948249489e-05,-0.15,0.10606601717798213,1.0,0.2,0.29698484809834996,"{'negative': 1, 'neutral': 0, 'positive': 0}",0.0,0.0,1.0,0.0
USDT,2022-04-02,1.0002,1.0004,1.0002,1.0004,1.0003857142857142,1.000395,1.0004,1.0003873257927722,1.0003843411023996,2.9846903726316043e-06,5.050308120855693e-06,-2.065617748224089e-06,50.0,1.000395,8.255779498139226e-05,1.0005601155899626,1.0002298844100372,0.0,9.9955021009263e-05,9.44113948249489e-05,-0.15,0.10606601717798213,1.0,0.2,0.29698484809834996,"{'negative': 1, 'neutral': 0, 'positive': 0}",0.0,0.0,1.0,0.0
USDT,2022-04-03,1.0004,1.0004,1.0003,1.0004,1.0003857142857142,1.000405,1.000398,1.0003892756708073,1.0003855010207403,3.774650066956653e-06,4.795176510075886e-06,-1.0205264431192327e-06,50.0,1.000405,6.86332743957402e-05,1.0005422665487915,1.0002677334512085,0.0,9.9955021009263e-05,9.275406196236615e-05,-0.15,0.10606601717798213,1.0,0.2,0.29698484809834996,"{'negative': 1, 'neutral': 0, 'positive': 0}",0.0,0.0,1.0,0.0
USDT,2022-04-04,1.0004,1.0004,1.0002,1.0003,1.0003714285714285,1.000405,1.000392,1.0003755409522215,1.0003791676117966,-3.626659575095559e-06,3.110809293041597e-06,-6.737468868137156e-06,42.857142857142854,1.000405,6.86332743957402e-05,1.0005422665487915,1.0002677334512085,-9.996001599354987e-05,0.00010685774732248898,9.465401637404796e-05,-0.15,0.10606601717798213,1.0,0.2,0.29698484809834996,"{'negative': 1, 'neutral': 0, 'positive': 0}",0.0,0.0,1.0,0.0
USDT,2022-04-05,1.0002,1.0003,1.0001,1.0001,1.0003142857142857,1.000395,1.000384,1.0003331500364951,1.0003584885294412,-2.533849294605872e-05,-2.5790511547784665e-06,-2.2759441791280256e-05,25.0,1.000395,9.445132434265986e-05,1.0005839026486854,1.0002060973513145,-0.00019994001799461536,0.00011334631393479043,0.00010144937762368362,-0.15,0.10606601717798213,1.0,0.2,0.29698484809834996,"{'negative': 1, 'neutral': 0, 'positive': 0}",0.0,0.0,1.0,0.0
USDT,2022-04-06,1.0002,1.0002,1.0,1.0,1.0002714285714285,1.00037,1.0003719999999998,1.0002818961847266,1.0003319338235566,-5.003763882993617e-05,-1.2070768689810007e-05,-3.796687014012617e-05,22.222222222222214,1.00037,0.00012607433077610147,1.000622148661552,1.0001178513384479,-9.999000099991662e-05,9.756171528662555e-05,0.0001028557928940136,-0.15,0.10606601717798213,1.0,0.2,0.29698484809834996,"{'negative': 1, 'neutral': 0, 'positive': 0}",0.0,0.0,1.0,0.0
USDT,2022-04-07,1.0,1.0002,0.9998,1.0001,1.000242857142857,1.00035,1.000364,1.0002539121563072,1.00031475354033,-6.084138402284722e-05,-2.182489175641745e-05,-3.9016492266429775e-05,33.33333333333333,1.00035,0.0001357241786497419,1.0006214483572995,1.0000785516427007,9.999999999998899e-05,0.00011124320346967651,0.00010330235317843162,-0.15,0.10606601717798213,1.0,0.2,0.29698484809834996,"{'negative': 1, 'neutral': 0, 'positive': 0}",0.0,0.0,1.0,0.0
USDT,2022-04-08,1.0001,1.0004,1.0,1.0004,1.000242857142857,1.0003499999999999,1.0003579999999999,1.000276387209183,1.0003210680928982,-4.4680883715120245e-05,-2.639609014815801e-05,-1.8284793566962234e-05,50.0,1.0003499999999999,0.0001357241786497419,1.0006214483572993,1.0000785516427004,0.00029997000299974985,0.00016327278691451072,0.0001172161154540898,-0.15,0.10606601717798213,1.0,0.2,0.29698484809834996,"{'negative': 1, 'neutral': 0, 'positive': 0}",0.0,0.0,1.0,0.0
USDT,2022-04-09,1.0004,1.0004,1.0002,1.0003,1.0002285714285715,1.0003449999999998,1.0003520000000001,1.0002800199462318,1.0003195074934244,-3.9487547192518235e-05,-2.9014381557030058e-05,-1.0473165635488177e-05,46.15384615384615,1.0003449999999998,0.00013562719815981235,1.0006162543963195,1.0000737456036801,-9.996001599354987e-05,0.00016758822408332788,0.00011287164578378986,-0.15,0.10606601717798213,1.0,0.2,0.29698484809834996,"{'negative': 1, 'neutral': 0, 'positive': 0}",0.0,0.0,1.0,0.0
USDT,2022-04-10,1.0003,1.0003,1.0002,1.0002,1.0002,1.000335,1.000346,1.0002677091852732,1.000310655086504,-4.294590123077313e-05,-3.180068549177868e-05,-1.1145215738994455e-05,42.857142857142854,1.000335,0.0001386969435274481,1.0006123938870548,1.0000576061129451,-9.997000899730768e-05,0.0001704055482945441,0.00010824908948586728,-0.15,0.10606601717798213,1.0,0.2,0.29698484809834996,"{'negative': 1, 'neutral': 0, 'positive': 0}",0.0,0.0,1.0,0.0
USDT,2022-04-11,1.0001,1.0003,1.0001,1.0003,1.0002,1.0003250000000001,1.000342,1.0002726770029235,1.000309865820837,-3.7188817913369476e-05,-3.287831197609684e-05,-4.310505937272638e-06,46.666666666666664,1.0003250000000001,0.00013327849764065172,1.0005915569952815,1.0000584430047188,9.998000399913387e-05,0.00017317525869137054,0.00010803623765935822,-0.15,0.10606601717798213,1.0,0.2,0.29698484809834996,"{'negative': 1, 'neutral': 0, 'positive': 0}",0.0,0.0,1.0,0.0
USDT,2022-04-12,1.0003,1.0003,1.0002,1.0002,1.0002142857142857,1.00031,1.000336,1.0002614959255507,1.000301727611886,-4.023168633526808e-05,-3.434898684793109e-05,-5.882699487336992e-06,40.0,1.00031,0.00012937094783568824,1.0005687418956715,1.0000512581043286,-9.997000899730768e-05,0.00015733495530659183,0.00010824845276588625,0.0,0.10606601717798213,1.0,0.0,0.29698484809834996,"{'neutral': 1, 'negative': 0, 'positive': 0}",0.0,0.0,1.0,0.0
USDT,2022-04-13,1.0003,1.0004,1.0,1.0003,1.0002571428571427,1.000305,1.000332,1.0002674196293122,1.000301599640635,-3.418001132282633e-05,-3.4315191742910136e-05,1.3518042008380513e-07,50.0,1.000305,0.00012763022260758544,1.000560260445215,1.000049739554785,9.998000399913387e-05,0.00015115902379754455,0.0001097765390067219,0.0,0.10606601717798213,1.0,0.0,0.29698484809834996,"{'neutral': 1, 'negative': 0, 'positive': 0}",0.0,0.0,1.0,0.0
USDT,2022-04-14,1.0003,1.0003,1.0001,1.0001,1.0002571428571427,1.0002900000000001,1.000322,1.0002416627632642,1.0002866663339214,-4.5003570657176084e-05,-3.6452867525763326e-05,-8.550703131412758e-06,43.75000000000001,1.0002900000000001,0.000133377185916064,1.0005567543718323,1.000023245628168,-0.00019994001799461536,0.00017317141071573607,0.00011423808170393954,0.0,0.10606601717798213,1.0,0.0,0.29698484809834996,"{'neutral': 1, 'negative': 0, 'positive': 0}",0.0,0.0,1.0,0.0
USDT,2022-04-15,1.0002,1.0002,1.0001,1.0002,1.0002285714285715,1.00028,1.000318,1.0002352531073775,1.0002802466054828,-4.499349810527242e-05,-3.816099364166515e-05,-6.832504463607272e-06,43.75000000000001,1.00028,0.00013218806394383898,1.0005443761278878,1.0000156238721123,9.999000099991662e-05,0.00012532492403652967,0.0001158858298538643,0.0,0.10606601717798213,1.0,0.0,0.29698484809834996,"{'neutral': 1, 'negative': 0, 'positive': 0}",0.0,0.0,1.0,0.0
USDT,2022-04-16,1.0002,1.0002,1.0001,1.0002,1.0002142857142857,1.00027,1.000312,1.0002298295523964,1.000274302412484,-4.447286008768536e-05,-3.94233669308692e-05,-5.0494931568161635e-06,43.75000000000001,1.00027,0.0001301820589012274,1.0005303641178025,1.0000096358821975,0.0,0.0001214684087842171,0.00010935826825442774,0.0,0.10606601717798213,1.0,0.0,0.29698484809834996,"{'neutral': 1, 'negative': 0, 'positive': 0}",0.0,0.0,1.0,0.0
USDT,2022-04-17,1.0002,1.0002,1.0001,1.0002,1.0002142857142857,1.00026,1.000308,1.0002252403904892,1.0002687985300778,-4.355813958856203e-05,-4.025032146240777e-05,-3.3078181261542597e-06,43.75000000000001,1.00026,0.0001273205653243638,1.0005146411306487,1.0000053588693512,0.0,0.00011544119424143555,0.00010935826825442774,0.0,0.10606601717798213,1.0,0.0,0.29698484809834996,"{'neutral': 1, 'negative': 0, 'positive': 0}",0.0,0.0,1.0,0.0
USDT,2022-04-18,1.0001,1.0003,1.0001,1.0003,1.0002142857142857,1.0002499999999999,1.0003039999999999,1.0002367418688756,1.000271109750072,-3.436788119648426e-05,-3.9073833409223066e-05,4.7059522127388035e-06,50.0,1.0002499999999999,0.00011470786710416515,1.0004794157342083,1.0000205842657914,9.998000399913387e-05,0.00011544119424143555,0.00010977817095449774,0.0,0.10606601717798213,1.0,0.0,0.29698484809834996,"{'neutral': 1, 'negative': 0, 'positive': 0}",0.0,0.0,1.0,0.0
USDT,2022-04-19,1.0003,1.0003,1.0001,1.0002,1.0002142857142857,1.000245,1.000298,1.0002310892736639,1.0002658423611779,-3.475308751399453e-05,-3.820968423017736e-05,3.456596716182829e-06,53.33333333333333,1.000245,0.00011459310182608307,1.0004741862036521,1.000015813796348,-9.997000899730768e-05,0.00011544119424143555,0.00011118204381739266,0.0,0.10606601717798213,1.0,0.0,0.29698484809834996,"{'neutral': 1, 'negative': 0, 'positive': 0}",0.0,0.0,1.0,0.0
USDT,2022-04-20,1.0002,1.0002,1.0001,1.0002,1.0002,1.00024,1.0002959999999999,1.0002263063084849,1.0002609651492387,-3.465884075382064e-05,-3.749951553490602e-05,2.840674781085378e-06,57.14285714285714,1.00024,0.00011424811428514842,1.0004684962285704,1.0000115037714297,0.0,0.00010687777810104726,0.00011118204381739266,0.0,0.10606601717798213,1.0,0.0,0.29698484809834996,"{'neutral': 1, 'negative': 0, 'positive': 0}",0.0,0.0,1.0,0.0
USDT,2022-04-21,1.0002,1.0002,1.0001,1.0001,1.0002,1.000225,1.000294,1.000206874568718,1.0002490418048506,-4.216723613259532e-05,-3.8433059654443883e-05,-3.734176478151437e-06,50.0,1.000225,0.000111803399048494,1.0004486067980969,1.000001393201903,-9.998000399913387e-05,8.163333198201441e-05,0.00011056138136418924,0.0,0.10606601717798213,1.0,0.0,0.29698484809834996,"{'neutral': 1, 'negative': 0, 'positive': 0}",0.0,0.0,1.0,0.0
USDT,2022-04-22,1.0001,1.0002,1.0001,1.0002,1.0002,1.000215,1.000294,1.0002058169427614,1.0002454090785653,-3.959213580384535e-05,-3.866487488432418e-05,-9.272609195211707e-07,41.66666666666667,1.000215,0.00010399898803596426,1.000422997976072,1.0000070020239282,9.999000099991662e-05,8.163333198201441e-05,0.00011246760256400767,0.0,0.10606601717798213,1.0,0.0,0.29698484809834996,"{'neutral': 1, 'negative': 0, 'positive': 0}",0.0,0.0,1.0,0.0
USDT,2022-04-23,1.0002,1.0002,1.0001,1.0002,1.0002,1.000205,1.000292,1.0002049220284905,1.000242045443116,-3.712341462547286e-05,-3.835658283255392e-05,1.2331682070810558e-06,45.45454545454545,1.000205,9.445132434447208e-05,1.000393902648689,1.000016097351311,0.0,8.163333198201441e-05,0.0001111839030215362,0.0,0.10606601717798213,1.0,0.0,0.29698484809834996,"{'neutral': 1, 'negative': 0, 'positive': 0}",0.0,0.0,1.0,0.0
USDT,2022-04-24,1.0001,1.0002,1.0001,1.0002,1.0002,1.0002,1.00029,1.0002041647933382,1.0002389309658481,-3.476617250997016e-05,-3.7638500768037166e-05,2.8723282580670048e-06,50.0,1.0002,9.176629375994404e-05,1.0003835325875199,1.00001646741248,0.0,8.163333198201441e-05,0.0001111839030215362,0.0,0.10606601717798213,1.0,0.0,0.29698484809834996,"{'neutral': 1, 'negative': 0, 'positive': 0}",0.0,0.0,1.0,0.0
USDT,2022-04-25,1.0002,1.0002,1.0,1.0002,1.0001857142857142,1.0002049999999998,1.0002879999999998,1.0002035240559015,1.0002360471906002,-3.252313469870316e-05,-3.6615427554170366e-05,4.092292855467206e-06,44.444444444444436,1.0002049999999998,8.870412105126337e-05,1.0003824082421022,1.0000275917578973,0.0,6.899344782625616e-05,0.0001111839030215362,0.0,0.10606601717798213,1.0,0.0,0.29698484809834996,"{'neutral': 1, 'negative': 0, 'positive': 0}",0.0,0.0,1.0,0.0
USDT,2022-04-26,1.0002,1.0002,1.0,1.0001,1.0001714285714285,1.0002099999999998,1.000284,1.0001875972780705,1.0002259696209261,-3.8372342855641506e-05,-3.6966810614464595e-05,-1.4055322411769103e-06,44.444444444444436,1.0002099999999998,7.880689281162918e-05,1.000367613785623,1.0000523862143766,-9.998000399913387e-05,6.899551686753903e-05,0.00011246842956905725,0.0,0.10606601717798213,1.0,0.0,0.29698484809834996,"{'neutral': 1, 'negative': 0, 'positive': 0}",0.0,0.0,1.0,0.0
USDT,2022-04-27,1.0001,1.0001,0.9998,1.0001,1.0001571428571427,1.0002099999999998,1.000282,1.000174120773752,1.0002166385378946,-4.251776414254671e-05,-3.807700132008102e-05,-4.440762822465688e-06,37.5,1.0002099999999998,7.880689281162918e-05,1.000367613785623,1.0000523862143766,0.0,6.899551686753903e-05,0.00011246842956905725,0.0,0.10606601717798213,1.0,0.0,0.29698484809834996,"{'neutral': 1, 'negative': 0, 'positive': 0}",0.0,0.0,1.0,0.0
USDT,2022-04-28,1.0001,1.0001,1.0,1.0,1.000142857142857,1.00019,1.000278,1.0001473329624055,1.0002005912387912,-5.325827638569258e-05,-4.111325633320334e-05,-1.2145020052489244e-05,42.857142857142854,1.00019,7.880689281196136e-05,1.0003476137856238,1.000032386214376,-9.999000099991662e-05,6.899758646745953e-05,0.00011164955554310868,0.0,0.10606601717798213,1.0,0.0,0.29698484809834996,"{'neutral': 1, 'negative': 0, 'positive': 0}",0.0,0.0,1.0,0.0
USDT,2022-04-29,1.0001,1.0001,1.0,1.0001,1.0001285714285715,1.0001799999999998,1.0002719999999998,1.0001400509681893,1.0001931400359179,-5.3089067728606665e-05,-4.350841861228401e-05,-9.580649116322657e-06,42.857142857142854,1.0001799999999998,7.67771898483999e-05,1.0003335543796967,1.000026445620303,9.999999999998899e-05,6.900034655027656e-05,0.0001080446133907539,0.0,0.10606601717798213,1.0,0.0,0.29698484809834996,"{'neutral': 1, 'negative': 0, 'positive': 0}",0.0,0.0,1.0,0.0
USDT,2022-04-30,1.0001,1.0001,1.0,1.0,1.0001,1.00017,1.000268,1.0001185046653909,1.0001788333665906,-6.03287011997633e-05,-4.687247512977987e-05,-1.3456226069983434e-05,37.5,1.00017,8.64504728122732e-05,1.0003429009456246,0.9999970990543755,-9.999000099991662e-05,7.558659628762036e-05,0.00010936626992840314,0.0,0.10606601717798213,1.0,0.0,0.29698484809834996,"{'neutral': 1, 'negative': 0, 'positive': 0}",0.0,0.0,1.0,0.0
USDT,2022-05-01,1.0,1.0001,1.0,1.0,1.0000714285714287,1.000155,1.000266,1.0001002731784077,1.000165586450547,-6.531327213932236e-05,-5.056063453168837e-05,-1.4752637607633992e-05,37.5,1.000155,8.87041210520428e-05,1.000332408242104,0.9999775917578958,0.0,7.558659628762036e-05,0.00010740567286359861,0.0,0.10606601717798213,1.0,0.0,0.29698484809834996,"{'neutral': 1, 'negative': 0, 'positive': 0}",0.0,0.0,1.0,0.0
USDT,2022-05-02,1.0001,1.0001,1.0,1.0001,1.0000571428571428,1.00015,1.000264,1.0001002311509604,1.000160728194951,-6.0497043990581645e-05,-5.254791642346703e-05,-7.949127567114615e-06,37.5,1.00015,8.88523318833237e-05,1.0003277046637666,0.9999722953362334,9.999999999998899e-05,8.996719108472522e-05,0.00010936730987270589,0.0,0.10606601717798213,1.0,0.0,0.29698484809834996,"{'neutral': 1, 'negative': 0, 'positive': 0}",0.0,0.0,1.0,0.0
USDT,2022-05-03,1.0,1.0001,0.9998,0.9999,1.0000285714285715,1.00013,1.000258,1.0000694263585048,1.000141414995325,-7.198863682011947e-05,-5.643606050279752e-05,-1.5552576317321946e-05,33.33333333333333,1.00013,9.787209718546644e-05,1.000325744194371,0.999934255805629,-0.00019998000199983323,0.00011126245349359982,0.00011470166878833988,0.0,0.10606601717798213,1.0,0.0,0.29698484809834996,"{'neutral': 1, 'negative': 0, 'positive': 0}",0.0,0.0,1.0,0.0
USDT,2022-05-04,0.9998,1.0,0.9998,1.0,1.0000142857142857,1.000125,1.000252,1.0000587453802734,1.000130939810486,-7.219443021266869e-05,-5.958773444477176e-05,-1.2606695767896931e-05,39.99999999999999,1.000125,0.00010195458244326661,1.0003289091648864,0.9999210908351134,0.00010001000100001711,0.00012149270129082243,0.00011550143196012417,0.0,0.10606601717798213,1.0,0.0,0.29698484809834996,"{'neutral': 1, 'negative': 0, 'positive': 0}",0.0,0.0,1.0,0.0
USDT,2022-05-05,0.9997,0.9999,0.9997,0.9998,0.9999857142857141,1.000105,1.000242,1.0000189383986928,1.0001064257504502,-8.748735175734268e-05,-6.516765790728595e-05,-2.231969385005673e-05,36.36363636363636,1.000105,0.00012343760425574373,1.0003518752085114,0.9998581247914885,-0.00019999999999997797,0.0001380096623784028,0.00011550483392840463,0.0,0.10606601717798213,1.0,0.0,0.29698484809834996,"{'neutral': 1, 'negative': 0, 'positive': 0}",0.0,0.0,1.0,0.0
USDT,2022-05-06,0.9999,0.9999,0.9997,0.9999,0.9999571428571429,1.00009,1.00023,1.0000006401835093,1.0000911349541206,-9.049477061129352e-05,-7.023308044808747e-05,-2.0261690163206046e-05,36.36363636363636,1.00009,0.00012937094783774974,1.0003487418956754,0.9998312581043244,0.00010002000400088917,0.0001380127684063681,0.00011590274877793048,0.0,0.10606601717798213,1.0,0.0,0.29698484809834996,"{'neutral': 1, 'negative': 0, 'positive': 0}",0.0,0.0,1.0,0.0
USDT,2022-05-07,0.9999,0.9999,0.9998,0.9998,0.9999285714285714,1.00007,1.000216,0.9999697724629695,1.0000695694019635,-9.979693899397901e-05,-7.614585215726578e-05,-2.365108683671323e-05,33.33333333333333,1.00007,0.00014179302943769144,1.0003535860588755,0.9997864139411247,-0.00010001000100012813,0.0001380144937363415,0.00011550602827146563,0.0,0.10606601717798213,1.0,0.0,0.29698484809834996,"{'neutral': 1, 'negative': 0, 'positive': 0}",0.0,0.0,1.0,0.0
USDT,2022-05-08,0.9998,0.9999,0.9995,0.9997,0.9998857142857143,1.00004,1.000202,0.9999282690071281,1.000042193890707,-0.00011392488357886421,-8.370165844158547e-05,-3.0223225137278746e-05,30.769230769230774,1.00004,0.00015355437931792915,1.000347108758636,0.9997328912413642,-0.00010002000400077815,0.00013973103652039864,0.00010061904331349163,0.0,0.10606601717798213,1.0,0.0,0.29698484809834996,"{'neutral': 1, 'negative': 0, 'positive': 0}",0.0,0.0,1.0,0.0
USDT,2022-05-09,0.9997,0.9999,0.9995,0.9998,0.9998428571428571,1.00002,1.00019,0.9999085353137237,1.0000242536025064,-0.00011571828878265134,-9.010498450979864e-05,-2.5613304272852696e-05,35.71428571428572,1.00002,0.00015761378525529538,1.0003352275705104,0.9997047724294893,0.00010003000900260517,0.0001397361501804777,0.00010198253694694596,0.0,0.10606601717798213,1.0,0.0,0.29698484809834996,"{'neutral': 1, 'negative': 0, 'positive': 0}",0.0,0.0,1.0,0.0
USDT,2022-05-10,0.9998,1.0,0.9994,0.9996,0.9997999999999999,0.99999,1.000174,0.9998610683423816,0.9999928274097281,-0.0001317590673464153,-9.843580107712197e-05,-3.332326626929332e-05,33.33333333333333,0.99999,0.00017740824177570977,1.0003448164835516,0.9996351835164486,-0.0002000400080015563,0.00013974739745719735,0.00010634466303865733,0.0,0.10606601717798213,1.0,0.0,0.29698484809834996,"{'neutral': 1, 'negative': 0, 'positive': 0}",0.0,0.0,1.0,0.0
USDT,2022-05-11,0.9996,0.9997,0.9957,0.9963,0.9992714285714285,0.9997999999999999,1.00009,0.999313211674323,0.9997192846386371,-0.0004060729643141636,-0.00015996323372453032,-0.0002461097305896333,10.416666666665705,0.9997999999999999,0.0008423026084789648,1.001484605216958,0.998115394783042,-0.0033013205282114155,0.001228930264358787,0.0006072842997006892,0.0,0.10606601717798213,1.0,0.0,0.29698484809834996,"{'neutral': 1, 'negative': 0, 'positive': 0}",0.0,0.0,1.0,0.0
USDT,2022-05-12,0.9963,0.9982,0.9462,0.9973,0.9989142857142858,0.999655,1.000026,0.9990034868013502,0.9995400783691084,-0.0005365915677582045,-0.00023528890053126517,-0.0003013026672269393,26.315789473683594,0.999655,0.001003926501838132,1.0016628530036762,0.9976471469963237,0.0010037137408411834,0.0013598423755579905,0.0006418260321248162,0.066,0.14758048651498615,5.0,0.248,0.31791508300173493,"{'neutral': 4, 'positive': 1, 'negative': 0}",0.0,0.0,1.0,0.0
USDT,2022-05-13,0.9973,0.9992,0.9963,0.9983,0.9986857142857143,0.99956,0.9999839999999999,0.998895258062681,0.9994482207121375,-0.0005529626494564788,-0.0002988236503163079,-0.0002541389991401709,36.36363636363607,0.99956,0.0010389265715598894,1.0016378531431198,0.9974821468568802,0.0010027073097362837,0.0014501841203361187,0.0006718199242026334,0.25,0.14758048651498615,1.0,0.12,0.31791508300173493,"{'positive': 1, 'negative': 0, 'neutral': 0}",0.0,0.0,1.0,0.0
USDT,2022-05-14,0.9983,0.9986,0.9973,0.9985,0.9984999999999999,0.999475,0.9999459999999999,0.9988344491299608,0.999377982140868,-0.00054353301090726,-0.0003477655224344983,-0.0001957674884727617,38.8059701492542,0.999475,0.0010532531060024955,1.001581506212005,0.997368493787995,0.000200340578984326,0.0014590133590364487,0.0006730519593584634,0.25,0.14758048651498615,1.0,0.12,0.31791508300173493,"{'positive': 1, 'negative': 0, 'neutral': 0}",0.0,0.0,1.0,0.0
USDT,2022-05-15,0.9986,0.9989,0.9984,0.9987,0.9983571428571428,0.9994,0.9999119999999999,0.9988137646484283,0.9993277612415444,-0.0005139965931161283,-0.00038101173657082435,-0.00013298485654530398,40.579710144927795,0.9994,0.0010523157421104884,1.0015046314842209,0.9972953685157789,0.00020030045067609414,0.0014663239085629537,0.0006740873553707541,0.25,0.14758048651498615,1.0,0.12,0.31791508300173493,"{'positive': 1, 'negative': 0, 'neutral': 0}",0.0,0.0,1.0,0.0
USDT,2022-05-16,0.9988,0.999,0.9984,0.9987,0.9982,0.9993300000000002,0.9998779999999999,0.998796262394824,0.9992812604088375,-0.0004849980140134713,-0.0004018089920593538,-8.318902195411751e-05,39.705882352941536,0.9993300000000002,0.0010498621463586827,1.0014297242927175,0.9972302757072828,0.0,0.0014640573305321623,0.0006740873553707541,0.25,0.14758048651498615,1.0,0.12,0.31791508300173493,"{'positive': 1, 'negative': 0, 'neutral': 0}",0.0,0.0,1.0,0.0
USDT,2022-05-17,0.9986,0.9989,0.9985,0.9987,0.9980714285714286,0.9992600000000001,0.999844,0.9987814527956203,0.9992382040822569,-0.00045675128663669184,-0.0004127974509748214,-4.3953835661870435e-05,40.909090909091134,0.9992600000000001,0.0010424667103301121,1.0013449334206603,0.99717506657934,0.0,0.001465013906344992,0.0006740873553707541,0.25,0.14758048651498615,1.0,0.12,0.31791508300173493,"{'positive': 1, 'negative': 0, 'neutral': 0}",0.0,0.0,1.0,0.0
USDT,2022-05-18,0.9987,0.9988,0.9986,0.9987,0.9984142857142856,0.999195,0.9998079999999999,0.998768921596294,0.9991983371132008,-0.0004294155169067837,-0.00041612106416121387,-1.3294452745569833e-05,40.00000000000035,0.999195,0.00103439532300368,1.0012637906460073,0.9971262093539927,0.0,0.0004592408597908048,0.0006735682299526505,0.09,0.14758048651498615,1.0,0.34,0.31791508300173493,"{'positive': 1, 'negative': 0, 'neutral': 0}",0.0,0.0,1.0,0.0
USDT,2022-05-19,0.9987,0.9992,0.9986,0.999,0.9986571428571429,0.99914,0.9997820000000001,0.9988044721199412,0.9991836454751859,-0.00037917335524473295,-0.00040873152237791774,2.955816713318479e-05,43.93939393939382,0.99914,0.0010127606877085046,1.0011655213754171,0.997114478624583,0.00030039050765995334,0.00035619233403222454,0.0006765678503748996,0.09,0.14758048651498615,1.0,0.34,0.31791508300173493,"{'positive': 1, 'negative': 0, 'neutral': 0}",0.0,0.0,1.0,0.0
USDT,2022-05-20,0.999,0.9993,0.9987,0.9988,0.9987285714285715,0.99908,0.999752,0.9988037841014886,0.9991552272918388,-0.0003514431903501869,-0.0003972738559723716,4.5830665622184717e-05,41.79104477611953,0.99908,0.0009945112526364795,1.001069022505273,0.997090977494727,-0.00020020020020017348,0.00017065464564989185,0.0006771489005536918,0.09,0.14758048651498615,1.0,0.34,0.31791508300173493,"{'positive': 1, 'negative': 0, 'neutral': 0}",0.0,0.0,1.0,0.0
USDT,2022-05-21,0.9988,0.9988,0.9985,0.9987,0.9987571428571428,0.9990150000000002,0.999718,0.9987878173166442,0.9991215067517026,-0.0003336894350584041,-0.0003845569717895781,5.0867536731174004e-05,41.79104477611953,0.9990150000000002,0.0009734772184178934,1.000961954436836,0.9970680455631644,-0.00010012014417304371,0.00017064749621531722,0.0006771492829287429,0.09,0.14758048651498615,1.0,0.34,0.31791508300173493,"{'positive': 1, 'negative': 0, 'neutral': 0}",0.0,0.0,1.0,0.0
USDT,2022-05-22,0.9987,0.9988,0.9986,0.9988,0.9987714285714285,0.9989500000000001,0.999686,0.998789691575622,0.9990976914367617,-0.00030799986113971833,-0.00036924554965960617,6.124568851988783e-05,43.28358208955219,0.9989500000000001,0.0009400447917882844,1.0008300895835767,0.9970699104164236,0.00010013016922005846,0.0001575491300958062,0.0006771503288318454,0.09,0.14758048651498615,1.0,0.34,0.31791508300173493,"{'positive': 1, 'negative': 0, 'neutral': 0}",0.0,0.0,1.0,0.0
USDT,2022-05-23,0.9988,0.999,0.9987,0.9987,0.9987714285714286,0.9988900000000001,0.9996520000000001,0.9987758928716802,0.9990682328118164,-0.00029233994013622144,-0.00035386442775492925,6.152448761870781e-05,41.79104477611953,0.9988900000000001,0.0009141576508285841,1.0007183153016572,0.9970616846983429,-0.00010012014417304371,0.00016349756046196866,0.0006771601405571545,0.09,0.14758048651498615,1.0,0.34,0.31791508300173493,"{'positive': 1, 'negative': 0, 'neutral': 0}",0.0,0.0,1.0,0.0
USDT,2022-05-24,0.9988,0.9989,0.9986,0.9987,0.9987714285714286,0.9988250000000001,0.9996200000000001,0.9987642170452679,0.9990409563072374,-0.000276739261969583,-0.00033843939459786003,6.170013262827705e-05,43.07692307692306,0.9988250000000001,0.0008765212340419956,1.0005780424680841,0.9970719575319161,0.0,0.00016349756046196866,0.0006771601405571545,0.09,0.14758048651498615,1.0,0.34,0.31791508300173493,"{'positive': 1, 'negative': 0, 'neutral': 0}",0.0,0.0,1.0,0.0
USDT,2022-05-25,0.9987,0.9989,0.9986,0.9988,0.9987857142857143,0.998775,0.999594,0.9987697221152266,0.9990231076918865,-0.0002533855766598814,-0.00032142863101026434,6.804305435038297e-05,87.8787878787891,0.998775,0.0008459656581559736,1.000466931316312,0.997083068683688,0.00010013016922005846,0.0001678194354074521,0.0006776606691531459,0.09,0.14758048651498615,1.0,0.34,0.31791508300173493,"{'positive': 1, 'negative': 0, 'neutral': 0}",0.0,0.0,1.0,0.0
USDT,2022-05-26,0.9989,0.999,0.9988,0.9989,0.9987714285714286,0.9987250000000001,0.999572,0.9987897648667302,0.9990139886035986,-0.0002242237368683675,-0.000301987652181885,7.776391531351748e-05,83.33333333333488,0.9987250000000001,0.0008045103120208125,1.0003340206240416,0.9971159793759584,0.00010012014417304371,0.00012163748404416142,0.0006781004099810662,0.09,0.14758048651498615,1.0,0.34,0.31791508300173493,"{'positive': 1, 'negative': 0, 'neutral': 0}",0.0,0.0,1.0,0.0
USDT,2022-05-27,0.999,0.999,0.9989,0.999,0.9988,0.998685,0.9995499999999999,0.9988221087333871,0.9990129524107394,-0.00019084367735233698,-0.0002797588572159754,8.891517986363843e-05,73.3333333333353,0.998685,0.0007672747398151842,1.0002195494796304,0.9971504505203697,0.00010011012113331219,9.523450822077646e-05,0.0006785491842389183,0.0,0.14758048651498615,1.0,0.0,0.31791508300173493,"{'neutral': 1, 'negative': 0, 'positive': 0}",0.0,0.0,1.0,0.0
USDT,2022-05-28,0.99885,0.99907,0.99863,0.99883,0.9988185714285714,0.9986415000000001,0.9995185999999999,0.9988233227744044,0.9989994003803142,-0.0001760776059097635,-0.00025902260695473303,8.294500104496952e-05,61.22448979591744,0.9986415000000001,0.0007304812761321357,1.0001024625522643,0.9971805374477358,-0.00017017017017018077,0.0001130327242583531,0.0006788966479118171,0.0,0.14758048651498615,1.0,0.0,0.31791508300173493,"{'neutral': 1, 'negative': 0, 'positive': 0}",0.0,0.0,1.0,0.0
USDT,2022-05-29,0.99881,0.99904,0.9987,0.9989,0.9988328571428572,0.9985965,0.9994905999999999,0.9988351192706499,0.9989920373891799,-0.000156918118529914,-0.00023860170926976923,8.168359073985524e-05,57.462686567163935,0.9985965,0.000681432508177308,0.9999593650163546,0.9972336349836454,7.008199593516728e-05,0.00010994894704863712,0.0006787076760022844,0.0,0.14758048651498615,1.0,0.0,0.31791508300173493,"{'neutral': 1, 'negative': 0, 'positive': 0}",0.0,0.0,1.0,0.0
USDT,2022-05-30,0.99889,0.9993,0.99878,0.9992,0.9989042857142857,0.9985764999999999,0.9994706,0.998891254767473,0.9990074420270184,-0.00011618725954543052,-0.0002141188193249015,9.793155977947098e-05,65.24390243902397,0.9985764999999999,0.0006558182916188944,0.9998881365832376,0.9972648634167621,0.00030033036339971453,0.00014043943170743362,0.0006814133405612487,0.0,0.14758048651498615,1.0,0.0,0.31791508300173493,"{'neutral': 1, 'negative': 0, 'positive': 0}",0.0,0.0,1.0,0.0
USDT,2022-05-31,0.9993,0.9994,0.9991,0.9992,0.9989757142857142,0.9987215,0.9994486,0.9989387540340156,0.9990217055805726,-8.295154655701964e-05,-0.00018788536477132515,0.0001049338182143055,65.24390243902397,0.9987215,0.0003945453746707949,0.9995105907493417,0.9979324092506584,0.0,0.00014043943170743362,0.0006814133405612487,0.0,0.14758048651498615,1.0,0.0,0.31791508300173493,"{'neutral': 1, 'negative': 0, 'positive': 0}",0.0,0.0,1.0,0.0
USDT,2022-06-01,0.9992,0.99933,0.99872,0.9991,0.9990185714285715,0.9988115000000001,0.9994266,0.9989635611057055,0.9990275051671968,-6.394406149135001e-05,-0.00016309710411533014,9.915304262398013e-05,61.49425287356293,0.9988115000000001,0.00021983905605826086,0.9992511781121166,0.9983718218878835,-0.00010008006405126668,0.00015342696453427763,0.0006811120872718135,0.0,0.14758048651498615,1.0,0.0,0.31791508300173493,"{'neutral': 1, 'negative': 0, 'positive': 0}",0.0,0.0,1.0,0.0
USDT,2022-06-02,0.999,0.9991,0.9989,0.9991,0.9990471428571428,0.9988515000000001,0.9994025999999999,0.9989845517048277,0.9990328751548119,-4.832344998417781e-05,-0.0001401423732890997,9.181892330492188e-05,53.472222222222115,0.9988515000000001,0.0001930169069225236,0.9992375338138452,0.9984654661861551,0.0,0.00015186392071767795,0.0006804009670804644,0.0,0.14758048651498615,1.0,0.0,0.31791508300173493,"{'neutral': 1, 'negative': 0, 'positive': 0}",0.0,0.0,1.0,0.0
USDT,2022-06-03,0.99923,0.9993,0.99885,0.99913,0.9990657142857142,0.998883,0.9993831999999999,0.9990069283656234,0.9990400695877888,-3.314122216535598e-05,-0.00011874214306435096,8.560092089899498e-05,62.99212598425086,0.998883,0.00018382199639282881,0.9992506439927856,0.9985153560072143,3.002702432186588e-05,0.00014864052003963512,0.0006800723161233882,0.0,0.14758048651498615,1.0,0.0,0.31791508300173493,"{'neutral': 1, 'negative': 0, 'positive': 0}",0.0,0.0,1.0,0.0
USDT,2022-06-04,0.99913,0.99926,0.9989,0.99924,0.9991242857142858,0.9989100000000001,0.9993639999999999,0.9990427855401429,0.9990548792479526,-1.2093707809635035e-05,-9.741245601340778e-05,8.531874820377274e-05,71.09375000000027,0.9989100000000001,0.0001948548718780457,0.9992997097437561,0.998520290256244,0.00011009578333154302,0.00012522041160313956,0.0006797368233643265,0.0,0.14758048651498615,1.0,0.0,0.31791508300173493,"{'neutral': 1, 'negative': 0, 'positive': 0}",0.0,0.0,1.0,0.0
USDT,2022-06-05,0.99925,0.99931,0.999,0.99906,0.9991471428571429,0.9989279999999999,0.9993411999999999,0.9990454339185825,0.999055258562919,-9.824644336520194e-06,-7.989489367803026e-05,7.007024934151007e-05,59.55882352940889,0.9989279999999999,0.00019102493648138032,0.9993100498729627,0.9985459501270372,-0.00018013690404716787,0.00015384971326051067,0.0006799774992270328,0.0,0.14758048651498615,1.0,0.0,0.31791508300173493,"{'neutral': 1, 'negative': 0, 'positive': 0}",0.0,0.0,1.0,0.0
USDT,2022-06-06,0.99907,0.99928,0.99869,0.99915,0.9991399999999999,0.9989505,0.9993202,0.9990615210080314,0.9990622764471472,-7.554391158182128e-07,-6.406700276558786e-05,6.331156364976964e-05,66.66666666666393,0.9989505,0.000189249904511599,0.9993289998090231,0.9985720001909768,9.008467959881195e-05,0.0001026693708843962,0.0006801669898159376,0.0,0.14758048651498615,1.0,0.0,0.31791508300173493,"{'neutral': 1, 'negative': 0, 'positive': 0}",0.0,0.0,1.0,0.0
USDT,2022-06-07,0.99916,0.99941,0.99901,0.99919,0.9991385714285714,0.998975,0.999298,0.9990812870067958,0.9990717374510621,9.549555733623372e-06,-4.9343691065745615e-05,5.889324679936899e-05,67.62589928057375,0.998975,0.0001868154170345334,0.999348630834069,0.9986013691659309,4.003402892460706e-05,0.00010423673730692712,0.0006800897801896859,0.0,0.14758048651498615,1.0,0.0,0.31791508300173493,"{'neutral': 1, 'negative': 0, 'positive': 0}",0.0,0.0,1.0,0.0
USDT,2022-06-08,0.99919,1.00019,0.99916,0.99935,0.9991742857142858,0.9989925,0.999281,0.9991226274672887,0.9990923494917242,3.0277975564541038e-05,-3.341935773968829e-05,6.369733330422933e-05,68.9655172413764,0.9989925,0.00020480735502737346,0.9994021147100547,0.9985828852899452,0.00016012970506107393,0.00010945789685043957,0.000680534117725882,0.0,0.14758048651498615,1.0,0.0,0.31791508300173493,"{'neutral': 1, 'negative': 0, 'positive': 0}",0.0,0.0,1.0,0.0
USDT,2022-06-09,0.99935,0.99936,0.9991,0.99916,0.9991828571428572,0.9990105000000001,0.9992602,0.9991283770877059,0.9990973606404854,3.1016447220477694e-05,-2.0532196747655093e-05,5.154864396813279e-05,58.441558441559756,0.9990105000000001,0.00020280856942236572,0.9994161171388448,0.9986048828611555,-0.0001901235803271062,0.0001393211477701047,0.0006804434340069132,0.32,0.2545584412271571,2.0,0.445,0.07778174593052022,"{'positive': 2, 'negative': 0, 'neutral': 0}",0.0,0.0,1.0,0.0
USDT,2022-06-10,0.99915,0.99932,0.99867,0.99872,0.9991242857142858,0.9990114999999999,0.9992326,0.9990655498434434,0.9990694080004494,-3.858157005987017e-06,-1.7197388799321478e-05,1.333923179333446e-05,42.55319148936309,0.9990114999999999,0.00020124023360306657,0.9994139804672061,0.9986090195327938,-0.00044036991072504694,0.00021830967748515847,0.00029549249375117684,0.32,0.2545584412271571,2.0,0.445,0.07778174593052022,"{'positive': 2, 'negative': 0, 'neutral': 0}",0.0,0.0,1.0,0.0
USDT,2022-06-11,0.99873,0.99897,0.99867,0.99887,0.9990714285714286,0.999015,0.999206,0.9990354652521445,0.9990546370374531,-1.9171785308635947e-05,-1.7592268101184374e-05,-1.5795172074515729e-06,51.07526881720539,0.999015,0.0001979500203788156,0.9994109000407576,0.9986190999592424,0.00015019224607493165,0.00022392779294442956,0.00023933201591112542,0.32,0.2545584412271571,2.0,0.445,0.07778174593052022,"{'positive': 2, 'negative': 0, 'neutral': 0}",0.0,0.0,1.0,0.0
USDT,2022-06-12,0.99887,0.99889,0.99846,0.99877,0.9990300000000001,0.9990185,0.9991774,0.9989946244441222,0.9990335528124565,-3.892836833430113e-05,-2.1859488147807727e-05,-1.7068880186493406e-05,46.56084656084743,0.9990185,0.00019263477862624615,0.9994037695572525,0.9986332304427475,-0.0001001131278344225,0.0002183210319968404,0.00015983709033777057,0.32,0.2545584412271571,2.0,0.445,0.07778174593052022,"{'positive': 2, 'negative': 0, 'neutral': 0}",0.0,0.0,1.0,0.0
USDT,2022-06-13,0.99877,0.9989,0.99603,0.99861,0.9989528571428572,0.9990140000000001,0.9991456000000001,0.9989354514527188,0.9990021785300524,-6.672707733357264e-05,-3.083300598496071e-05,-3.589407134861193e-05,33.14285714285802,0.9990140000000001,0.00020132194703372736,0.9994166438940675,0.9986113561059327,-0.00016019704236214238,0.00021363289353945546,0.00015902778039149332,0.0,0.2545584412271571,1.0,0.0,0.07778174593052022,"{'neutral': 1, 'negative': 0, 'positive': 0}",0.0,0.0,1.0,0.0
USDT,2022-06-14,0.99862,0.999,0.998,0.9988,0.9988971428571428,0.9990140000000001,0.9991176,0.9989146127676851,0.998987202342641,-7.2589574955928e-05,-3.918431977915417e-05,-3.3405255176773825e-05,39.69072164948595,0.9990140000000001,0.00020132194703372736,0.9994166438940675,0.9986113561059327,0.0001902644676099463,0.00023395347845354354,0.00015860992077559004,0.0,0.2545584412271571,1.0,0.0,0.07778174593052022,"{'neutral': 1, 'negative': 0, 'positive': 0}",0.0,0.0,1.0,0.0
USDT,2022-06-15,0.99879,0.99899,0.99796,0.9985,0.9987757142857143,0.9989939999999999,0.9990855999999999,0.9988508261880412,0.9989511132802232,-0.00010028709218201648,-5.1404874259726636e-05,-4.8882217922289843e-05,35.9813084112167,0.9989939999999999,0.00023093403031496998,0.9994558680606299,0.99853213193937,-0.0003003604325190201,0.00022779628441203835,0.0001680288866318465,0.05,0.2545584412271571,1.0,0.2,0.07778174593052022,"{'positive': 1, 'negative': 0, 'neutral': 0}",0.0,0.0,1.0,0.0
USDT,2022-06-16,0.9985,0.9989,0.9984,0.9987,0.9987100000000001,0.998979,0.9990576,0.9988276221591118,0.998932512296503,-0.00010489013739123365,-6.210192688602805e-05,-4.2788210505205604e-05,41.45299145299242,0.998979,0.00024008551116915663,0.9994591710223383,0.9984988289776616,0.00020030045067609414,0.0002544407279824022,0.0001722297347743396,0.05,0.2545584412271571,1.0,0.2,0.07778174593052022,"{'positive': 1, 'negative': 0, 'neutral': 0}",0.0,0.0,1.0,0.0
USDT,2022-06-17,0.99866,0.99882,0.99848,0.9988,0.9987214285714285,0.9989775000000002,0.9990336000000001,0.9988233725961715,0.9989226965708361,-9.932397466461129e-05,-6.95463364417447e-05,-2.9777638222866588e-05,43.15352697095563,0.9989775000000002,0.0002411567519045434,0.9994598135038093,0.9984951864961911,0.00010013016922005846,0.0001974366875917542,0.00017319695211774646,0.02,0.2545584412271571,1.0,0.28,0.07778174593052022,"{'positive': 1, 'negative': 0, 'neutral': 0}",0.0,0.0,1.0,0.0
USDT,2022-06-18,0.9988,0.99884,0.99821,0.99838,0.9986514285714286,0.9989514999999999,0.9989992,0.9987551614275297,0.9988824968248482,-0.0001273353973184621,-8.110414861708819e-05,-4.623124870137392e-05,34.19117647058843,0.9989514999999999,0.0002755334539623011,0.9995025669079245,0.9984004330920753,-0.00042050460552656155,0.0002431412081385082,0.00018042267538464756,0.02,0.2545584412271571,1.0,0.28,0.07778174593052022,"{'positive': 1, 'negative': 0, 'neutral': 0}",0.0,0.0,1.0,0.0
USDT,2022-06-19,0.99837,0.9988,0.99831,0.9987,0.9986414285714286,0.9989265000000002,0.9989731999999999,0.9987466750540637,0.9988689785415261,-0.00012230348746244957,-8.934401638616047e-05,-3.2959471076289096e-05,43.70629370629487,0.9989265000000002,0.00027448084975834,0.9994754616995168,0.9983775383004835,0.0003205192411706026,0.00028316253273047095,0.00018746648229718682,0.32,0.2545584412271571,1.0,0.47,0.07778174593052022,"{'positive': 1, 'negative': 0, 'neutral': 0}",0.0,0.0,1.0,0.0
USDT,2022-06-20,0.9987,0.9994,0.9986,0.9989,0.9986828571428571,0.9989115,0.9989511999999999,0.9987702635072847,0.998871276427339,-0.00010101292005426643,-9.167779711978166e-05,-9.335122934484767e-06,45.791245791245984,0.9989115,0.0002668387055485917,0.9994451774110972,0.9983778225889027,0.00020026033843989488,0.0002840655258447254,0.00019012102834026781,0.32,0.2545584412271571,1.0,0.47,0.07778174593052022,"{'positive': 1, 'negative': 0, 'neutral': 0}",0.0,0.0,1.0,0.0
USDT,2022-06-21,0.9988,0.9992,0.9988,0.9989,0.9986971428571428,0.9989015,0.9989272000000001,0.9987902229677025,0.998873404099388,-8.318113168548358e-05,-8.997846403292206e-05,6.797332347438479e-06,45.051194539248534,0.9989015,0.0002631244453224563,0.9994277488906449,0.9983752511093551,0.0,0.00027646132066152406,0.00018930126335726992,0.32,0.2545584412271571,1.0,0.47,0.07778174593052022,"{'positive': 1, 'negative': 0, 'neutral': 0}",0.0,0.0,1.0,0.0
USDT,2022-06-22,0.9989,0.999,0.9989,0.999,0.9987685714285714,0.9988964999999999,0.9989091999999999,0.9988224963572867,0.9988827815735074,-6.0285216220701265e-05,-8.40398144704779e-05,2.375459824977664e-05,43.902439024390524,0.9988964999999999,0.0002600865241454392,0.9994166730482907,0.998376326951709,0.00010011012113331219,0.0002394432279842948,0.00018905685375439886,-0.019999999999999997,0.09899494936611665,2.0,0.375,0.007071067811865481,"{'negative': 1, 'positive': 1, 'neutral': 0}",0.0,0.0,1.0,0.0
USDT,2022-06-23,0.999,0.999,0.9989,0.999,0.9988114285714286,0.9988900000000001,0.9988892,0.9988498046100118,0.9988914644199143,-4.165980990245011e-05,-7.556381355687235e-05,3.3904003654422243e-05,47.01492537313331,0.9988900000000001,0.0002555283484942221,0.9994010566969885,0.9983789433030116,0.0,0.00023338367952661636,0.00018905685375439886,-0.019999999999999997,0.09899494936611665,2.0,0.375,0.007071067811865481,"{'negative': 1, 'positive': 1, 'neutral': 0}",0.0,0.0,1.0,0.0
USDT,2022-06-24,0.999,0.99948,0.9989,0.99922,0.9988714285714285,0.9988889999999999,0.9988776,0.998906757746933,0.9989158003888096,-9.042641876511048e-06,-6.22595792208001e-05,5.321693734428905e-05,60.16260162601552,0.9988889999999999,0.0002541218109075343,0.999397243621815,0.9983807563781848,0.00022022022022016863,0.00024252395137192286,0.0001922743882214653,-0.019999999999999997,0.09899494936611665,2.0,0.375,0.007071067811865481,"{'negative': 1, 'positive': 1, 'neutral': 0}",0.0,0.0,1.0,0.0
USDT,2022-06-25,0.99936,0.99951,0.99911,0.9993,0.9990028571428571,0.998901,0.9988656,0.9989672565550972,0.9989442596192681,2.2996935829078247e-05,-4.520827621082443e-05,6.820521203990267e-05,58.99581589958054,0.998901,0.0002679139689879645,0.999436827937976,0.9983651720620241,8.006244871006096e-05,0.00012009934550733709,0.00019199938986037528,-0.019999999999999997,0.09899494936611665,2.0,0.375,0.007071067811865481,"{'negative': 1, 'positive': 1, 'neutral': 0}",0.0,0.0,1.0,0.0
USDT,2022-06-26,0.99929,0.99966,0.99928,0.99939,0.9991014285714286,0.9989129999999999,0.9988574,0.9990322940081592,0.9989772774252482,5.5016582910960565e-05,-2.516330438646743e-05,8.017988729742799e-05,63.02521008403299,0.9989129999999999,0.0002845143600850986,0.9994820287201701,0.9983439712798298,9.006304413095023e-05,8.659194074031392e-05,0.00019185156614330353,-0.019999999999999997,0.09899494936611665,2.0,0.375,0.007071067811865481,"{'negative': 1, 'positive': 1, 'neutral': 0}",0.0,0.0,1.0,0.0
USDT,2022-06-27,0.99939,0.99965,0.99904,0.99911,0.9991314285714286,0.998909,0.9988455999999999,0.9990442487761347,0.9989871087270817,5.714004905299497e-05,-8.70263369857495e-06,6.584268275156992e-05,60.000000000001776,0.998909,0.0002809551379058582,0.9994709102758118,0.9983470897241883,-0.00028017090425158653,0.00015557364684463178,0.00019646921717572375,0.21,0.09899494936611665,1.0,0.3,0.007071067811865481,"{'positive': 1, 'negative': 0, 'neutral': 0}",0.0,0.0,1.0,0.0
USDT,2022-06-28,0.99911,1.00205,0.99875,0.99876,0.9991114285714285,0.9988795000000001,0.9988248,0.9990005181951909,0.998970285858409,3.0232336781899072e-05,-9.156396024801458e-07,3.1147976384379216e-05,49.2481203007511,0.9988795000000001,0.00026258782999821143,0.9994046756599966,0.9983543243400037,-0.00035031177748201525,0.00021270219101980425,0.00020671414845869118,0.0,0.0,2.0,0.0,0.0,"{'neutral': 2, 'negative': 0, 'positive': 0}",0.0,0.0,1.0,0.0
USDT,2022-06-29,0.99876,0.99899,0.99842,0.99879,0.9990814285714286,0.998861,0.9988086000000002,0.9989681307805461,0.9989569313503787,1.1199430167474489e-05,1.5073743515107814e-06,9.692055815963708e-06,56.06694560669278,0.998861,0.0002547010632508745,0.9993704021265017,0.9983515978734983,3.0037246185221633e-05,0.0002076971438687699,0.00019869796407194712,0.0,0.0,2.0,0.0,0.0,"{'neutral': 2, 'negative': 0, 'positive': 0}",0.0,0.0,1.0,0.0
USDT,2022-06-30,0.9988,0.99899,0.9986,0.9988,0.9990528571428572,0.998865,0.9988585999999999,0.9989422645066159,0.9989453068059062,-3.0422992902678914e-06,5.974396231550469e-07,-3.639738913422938e-06,52.272727272727046,0.998865,0.00025299261491209613,0.9993709852298241,0.9983590147701759,1.0012114658897175e-05,0.00020797257658360669,0.00019873010667283795,0.0,0.0,2.0,0.0,0.0,"{'neutral': 2, 'negative': 0, 'positive': 0}",0.0,0.0,1.0,0.0
USDT,2022-07-01,0.9988,0.999,0.9986,0.9989,0.9990071428571429,0.9988664999999999,0.9988906,0.9989357622748289,0.9989419507462095,-6.188471380563776e-06,-7.597425775887178e-07,-5.428728802975058e-06,52.272727272727046,0.9988664999999999,0.0002531127272061585,0.9993727254544122,0.9983602745455875,0.00010012014417304371,0.00018802314147614482,0.00019907755899757984,0.0,0.0,2.0,0.0,0.0,"{'neutral': 2, 'negative': 0, 'positive': 0}",0.0,0.0,1.0,0.0
USDT,2022-07-02,0.9989,0.9989,0.9987,0.9988,0.9989357142857143,0.9988680000000001,0.9989006,0.9989148757710091,0.9989314358761199,-1.6560105110752232e-05,-3.9198150842214206e-06,-1.2640290026530811e-05,61.170212765956855,0.9988680000000001,0.0002525991208053367,0.9993731982416107,0.9983628017583894,-0.00010011012113320117,0.0001800963714704491,0.00019979990259808147,0.0,0.0,2.0,0.0,0.0,"{'neutral': 2, 'negative': 0, 'positive': 0}",0.0,0.0,1.0,0.0
USDT,2022-07-03,0.9987,0.9988,0.9986,0.9987,0.9988371428571429,0.9988725,0.9989046,0.9988818179600847,0.9989142924778888,-3.247451780408195e-05,-9.630755628193526e-06,-2.284376217588842e-05,50.0,0.9988725,0.0002485298881529094,0.9993695597763058,0.9983754402236943,-0.00010012014417304371,0.000165411212289477,0.00020031330626294134,0.0,0.0,2.0,0.0,0.0,"{'neutral': 2, 'negative': 0, 'positive': 0}",0.0,0.0,1.0,0.0
USDT,2022-07-04,0.9986,0.9988,0.9986,0.9988,0.9987928571428571,0.9988725,0.9989066000000001,0.9988692305816101,0.9989058263684155,-3.659578680537123e-05,-1.5023761863629069e-05,-2.1572024941742163e-05,46.79487179487216,0.9988725,0.0002485298881529094,0.9993695597763058,0.9983754402236943,0.00010013016922005846,0.00015814916322540762,0.00020010801010495052,0.18333333333333335,0.16072751268321592,3.0,0.25,0.22912878474779202,"{'positive': 2, 'neutral': 1, 'negative': 0}",0.0,0.0,1.0,0.0
USDT,2022-07-05,0.9989,0.9989,0.9988,0.9989,0.9988128571428572,0.9988925,0.9989106000000001,0.9988739643382856,0.9989053947855699,-3.143044728437516e-05,-1.830509894777829e-05,-1.3125348336596872e-05,50.0,0.9988925,0.00023255729354056145,0.9993576145870811,0.9984273854129189,0.00010012014417304371,8.973582366413773e-05,0.00019865304089011077,0.0,0.16072751268321592,1.0,0.0,0.22912878474779202,"{'neutral': 1, 'negative': 0, 'positive': 0}",0.0,0.0,1.0,0.0
USDT,2022-07-06,0.9989,0.9989,0.9988,0.9989,0.9988285714285714,0.9989025000000001,0.9989146000000001,0.9988779698247032,0.9989049951718241,-2.7025347120845922e-05,-2.0049148582391817e-05,-6.976198538454105e-06,46.79487179487216,0.9989025000000001,0.00022810143182349274,0.9993587028636471,0.9984462971363531,0.0,8.989540019693858e-05,0.00019784038204265737,0.0,0.16072751268321592,1.0,0.0,0.22912878474779202,"{'neutral': 1, 'negative': 0, 'positive': 0}",0.0,0.0,1.0,0.0
USDT,2022-07-07,0.9989,0.9994,0.9988,0.9994,0.9989142857142859,0.9989324999999999,0.9989285999999999,0.9989582821593642,0.9989416621961335,1.661996323076842e-05,-1.271532621975977e-05,2.9335289450528192e-05,59.70873786407683,0.9989324999999999,0.0002521043018063788,0.9994367086036127,0.9984282913963871,0.0005005506056661169,0.000203766231943076,0.000218508107380703,0.0,0.16072751268321592,1.0,0.0,0.22912878474779202,"{'neutral': 1, 'negative': 0, 'positive': 0}",0.0,0.0,1.0,0.0
USDT,2022-07-08,0.9994,0.9994,0.999,0.9994,0.9989857142857143,0.9989835000000001,0.9989366,0.9990262387502312,0.9989756131445681,5.06256056631571e-05,-4.713984317639626e-08,5.06727455063335e-05,54.89130434782508,0.9989835000000001,0.00023718247481107222,0.9994578649496223,0.998509135050378,0.0,0.00020609513511745515,0.00021658657209556328,0.0,0.16072751268321592,1.0,0.0,0.22912878474779202,"{'neutral': 1, 'negative': 0, 'positive': 0}",0.0,0.0,1.0,0.0
USDT,2022-07-09,0.9994,0.9994,0.9993,0.9994,0.9990714285714285,0.9990184999999998,0.9989486,0.9990837404809648,0.9990070492079334,7.66912730314484e-05,1.5300542731748567e-05,6.139073029969984e-05,52.84090909090881,0.9990184999999998,0.00024467540267293024,0.9995078508053457,0.998529149194654,0.0,0.00019539690557872504,0.00021354058924355582,0.0,0.16072751268321592,1.0,0.0,0.22912878474779202,"{'neutral': 1, 'negative': 0, 'positive': 0}",0.0,0.0,1.0,0.0
USDT,2022-07-10,0.9993,0.9994,0.9993,0.9994,0.9991714285714286,0.9990435,0.9989626,0.9991323957915856,0.9990361566740124,9.62391175732824e-05,3.148825770005533e-05,6.475085987322707e-05,50.29940119760344,0.9990435,0.0002571560043393945,0.9995578120086788,0.9985291879913212,0.0,0.00018277523876843865,0.00019607595571759023,0.0,0.16072751268321592,1.0,0.0,0.22912878474779202,"{'neutral': 1, 'negative': 0, 'positive': 0}",0.0,0.0,1.0,0.0
USDT,2022-07-11,0.9994,0.9994,0.999,0.9991,0.9992142857142856,0.9990534999999999,0.9989686,0.9991274118236494,0.9990408858092706,8.652601437875163e-05,4.2495809035794594e-05,4.403020534295703e-05,49.704142011832374,0.9990534999999999,0.0002551630026790467,0.999563826005358,0.9985431739946419,-0.0003001801080647626,0.00023727052672888773,0.00020309416056478992,-0.05,0.16072751268321592,1.0,0.45,0.22912878474779202,"{'negative': 1, 'neutral': 0, 'positive': 0}",0.0,0.0,1.0,0.0
USDT,2022-07-12,0.9991,0.9991,0.9989,0.999,0.9992285714285715,0.9990535000000001,0.9989745999999999,0.9991078100046265,0.9990378572308062,6.995277382026988e-05,4.798720199268965e-05,2.1965571827580225e-05,58.33333333333462,0.9990535000000001,0.0002551630026790467,0.9995638260053582,0.9985431739946421,-0.00010009008107292328,0.00024126072890779838,0.00020309373875250486,-0.05,0.16072751268321592,1.0,0.45,0.22912878474779202,"{'negative': 1, 'neutral': 0, 'positive': 0}",0.0,0.0,1.0,0.0
USDT,2022-07-13,0.99903,0.9992,0.99888,0.9991,0.9992571428571428,0.9990585,0.9989825999999999,0.9991066084654532,0.9990424603988947,6.414806655852257e-05,5.1219374905856236e-05,1.2928691652666329e-05,60.26490066225341,0.9990585,0.00025503921275253356,0.9995685784255051,0.9985484215744949,0.00010010010010019776,0.00024322863396236718,0.0002012253252141082,-0.05,0.16072751268321592,1.0,0.45,0.22912878474779202,"{'negative': 1, 'neutral': 0, 'positive': 0}",0.0,0.0,1.0,0.0
USDT,2022-07-14,0.9991,0.9994,0.999,0.9994,0.9992571428571428,0.9990675000000001,0.9989946000000001,0.9991517456246142,0.9990689448137914,8.280081082279178e-05,5.7535662089243345e-05,2.5265148733548436e-05,66.66666666666666,0.9990675000000001,0.00026405491860860395,0.9995956098372173,0.9985393901627829,0.00030027024321888085,0.0001827148822521785,0.00020546109730499256,-0.05,0.16072751268321592,1.0,0.45,0.22912878474779202,"{'negative': 1, 'neutral': 0, 'positive': 0}",0.0,0.0,1.0,0.0
USDT,2022-07-15,0.9994,0.9997,0.9993,0.9997,0.9993,0.9990874999999999,0.9990106,0.9992360924515966,0.9991156896423994,0.00012040280919722868,7.010909151084041e-05,5.0293717686388266e-05,70.00000000000166,0.9990874999999999,0.00029582845320478304,0.9996791569064095,0.9984958430935903,0.0003001801080648736,0.00021507180635506944,0.0002024007360546756,-0.05,0.16072751268321592,1.0,0.45,0.22912878474779202,"{'negative': 1, 'neutral': 0, 'positive': 0}",0.0,0.0,1.0,0.0
USDT,2022-07-16,0.9997,1.0002,0.9996,0.9997,0.9993428571428572,0.9991030000000001,0.9990246,0.9993074628436587,0.9991589718911106,0.00014849095254809708,8.578546371829174e-05,6.270548882980533e-05,73.68421052631733,0.9991030000000001,0.0003196725298755825,0.9997423450597512,0.9984636549402489,0.0,0.00021507180635506944,0.0002002244252445612,-0.05,0.16072751268321592,1.0,0.45,0.22912878474779202,"{'negative': 1, 'neutral': 0, 'positive': 0}",0.0,0.0,1.0,0.0
USDT,2022-07-17,0.99973,1.0002,0.9996,0.99974,0.9993914285714285,0.9991345,0.9990428,0.9993740070215573,0.9992020110102876,0.00017199601126971498,0.0001030275732285764,6.896843804113858e-05,78.26086956521792,0.9991345,0.0003499996241187233,0.9998344992482375,0.9984345007517625,4.001200360104207e-05,0.0002142719218131673,0.00019983378555093472,-0.05,0.16072751268321592,1.0,0.45,0.22912878474779202,"{'negative': 1, 'neutral': 0, 'positive': 0}",0.0,0.0,1.0,0.0
USDT,2022-07-18,0.99973,1.0,0.99912,0.99977,0.9994871428571429,0.999185,0.9990602000000002,0.9994349290182408,0.9992440842687849,0.00019084474945596508,0.00012059100847405414,7.025374098191094e-05,77.40112994350453,0.999185,0.0003656357117749357,0.9999162714235499,0.9984537285764501,3.0007802028553243e-05,0.0001519809612336447,0.00018071821334113335,-0.05,0.16072751268321592,1.0,0.45,0.22912878474779202,"{'negative': 1, 'neutral': 0, 'positive': 0}",0.0,0.0,1.0,0.0
USDT,2022-07-19,0.99976,1.00022,0.9997,1.00016,0.9996528571428571,0.9992535,0.9990794,0.99954647840005,0.9993119298785045,0.00023454852154547456,0.00014338251108833824,9.116601045713632e-05,80.58252427184529,0.9992535,0.00041300280365895925,1.000079505607318,0.9984274943926821,0.00039008972063570013,0.0001594335786152585,0.0001847583694398554,-0.05,0.16072751268321592,1.0,0.45,0.22912878474779202,"{'negative': 1, 'neutral': 0, 'positive': 0}",0.0,0.0,1.0,0.0
USDT,2022-07-20,1.0,1.00035,0.9999,1.00005,0.9997885714285715,0.999316,0.9990964,0.9996239432615808,0.999366601739356,0.00025734152222478546,0.0001661743133156277,9.116720890915776e-05,76.49769585254076,0.999316,0.00043477035685331227,1.0001855407137066,0.9984464592862934,-0.0001099824028153451,0.00019059227936514666,0.00018466584276382447,-0.05,0.16072751268321592,1.0,0.45,0.22912878474779202,"{'negative': 1, 'neutral': 0, 'positive': 0}",0.0,0.0,1.0,0.0
USDT,2022-07-21,1.00005,1.00031,0.9998,1.00025,0.99991,0.9993835000000001,0.9991194,0.999720259682876,0.9994320386475518,0.00028822103532422094,0.00019058365771734635,9.763737760687459e-05,72.72727272727974,0.9993835000000001,0.00047014303538862423,1.0003237860707774,0.9984432139292229,0.00019999000049986115,0.00017962236405667952,0.00018683000042753949,-0.05,0.16072751268321592,1.0,0.45,0.22912878474779202,"{'negative': 1, 'neutral': 0, 'positive': 0}",0.0,0.0,1.0,0.0
USDT,2022-07-22,1.00024,1.0003,0.9988,1.00022,0.9999842857142858,0.9994544999999999,0.9991418,0.9997971428085874,0.9994904061551406,0.0003067366534468263,0.00021381425686324234,9.292239658358398e-05,71.57894736842874,0.9994544999999999,0.0004843930005556789,1.0004232860011113,0.9984857139988885,-2.9992501874520627e-05,0.0001678372273130756,0.0001870174418547001,-0.05,0.16072751268321592,1.0,0.45,0.22912878474779202,"{'negative': 1, 'neutral': 0, 'positive': 0}",0.0,0.0,1.0,0.0
USDT,2022-07-23,1.00023,1.0003,0.99951,1.00019,1.0000542857142858,0.9995289999999999,0.999163,0.999857582376497,0.9995422279214264,0.00031535445507058224,0.00023412229650471034,8.12321585658719e-05,70.46632124352352,0.9995289999999999,0.000476764313435889,1.0004825286268717,0.9985754713731281,-2.9993401451822166e-05,0.00017041338412977327,0.0001873224473843825,-0.05,0.16072751268321592,1.0,0.45,0.22912878474779202,"{'negative': 1, 'neutral': 0, 'positive': 0}",0.0,0.0,1.0,0.0
USDT,2022-07-24,1.00019,1.00024,0.9999,1.0002,1.0001200000000001,0.9995989999999999,0.9991822,0.9999102620108821,0.9995909517790985,0.0003193102317835539,0.00025115988356047905,6.815034822307484e-05,70.61855670103213,0.9995989999999999,0.00046676828471776195,1.0005325365694355,0.9986654634305644,9.998100360952833e-06,0.00017166717392398282,0.00018424337603572595,-0.05,0.16072751268321592,1.0,0.45,0.22912878474779202,"{'negative': 1, 'neutral': 0, 'positive': 0}",0.0,0.0,1.0,0.0
USDT,2022-07-25,1.0002,1.00025,0.9999,1.00008,1.0001642857142858,0.9996579999999999,0.9992025999999999,0.9999363755476695,0.9996271775732394,0.00030919797443007546,0.00026276750173439835,4.6430472695677117e-05,77.84090909091371,0.9996579999999999,0.00044796146455181084,1.0005539229291036,0.9987620770708963,-0.00011997600479896064,0.00018565877222223923,0.00018608055125312478,-0.05,0.16072751268321592,1.0,0.45,0.22912878474779202,"{'negative': 1, 'neutral': 0, 'positive': 0}",0.0,0.0,1.0,0.0
USDT,2022-07-26,1.00008,1.00026,0.99994,1.00014,1.0001614285714286,0.9997199999999999,0.9992224000000001,0.9999677023864896,0.9996651644196661,0.00030253796682344625,0.00027072159475220796,3.181637207123829e-05,83.13953488372502,0.9997199999999999,0.0004226233859534366,1.0005652467719068,0.998874753228093,5.999520038391104e-05,0.00010948971874486504,0.0001858045089538783,-0.05,0.16072751268321592,1.0,0.45,0.22912878474779202,"{'negative': 1, 'neutral': 0, 'positive': 0}",0.0,0.0,1.0,0.0
USDT,2022-07-27,1.00014,1.00053,0.9999,1.00024,1.0001885714285714,0.9997619999999999,0.9992434,1.0000095943270297,0.9997077448330242,0.00030184949400557937,0.00027694717460288227,2.4902319402697094e-05,83.13953488372502,0.9997619999999999,0.00043080829786864856,1.0006236165957372,0.9989003834042627,9.998600195970653e-05,0.00010386564934592091,0.00017702864263964514,-0.05,0.16072751268321592,1.0,0.45,0.22912878474779202,"{'negative': 1, 'neutral': 0, 'positive': 0}",0.0,0.0,1.0,0.0
USDT,2022-07-28,1.00024,1.00045,0.99988,1.0002,1.0001814285714286,0.9998020000000001,0.9992604,1.0000388875074866,0.9997442081787261,0.0002946793287604832,0.00028049360543440247,1.4185723326080727e-05,77.39726027397515,0.9998020000000001,0.0004325639594164177,1.0006671279188328,0.9989368720811672,-3.9990402303513584e-05,7.20329295248437e-05,0.00016200372435303854,-0.05,0.16072751268321592,1.0,0.45,0.22912878474779202,"{'negative': 1, 'neutral': 0, 'positive': 0}",0.0,0.0,1.0,0.0
USDT,2022-07-29,1.00021,1.00059,0.9996,1.00041,1.0002085714285713,0.9998525,0.9992854,1.000095981737104,0.999793526091413,0.00030245564569097994,0.00028488601348571795,1.7569632205261985e-05,75.9124087591261,0.9998525,0.00044201542011268474,1.0007365308402254,0.9989684691597747,0.00020995800839829215,0.0001076383671184259,0.0001646234693047552,0.07,0.16072751268321592,1.0,0.48,0.22912878474779202,"{'positive': 1, 'negative': 0, 'neutral': 0}",0.0,0.0,1.0,0.0
USDT,2022-07-30,1.00041,1.00041,1.00008,1.00034,1.00023,0.9998995,0.9993178,1.0001335230083188,0.9998340056401972,0.00029951736812161567,0.0002878122844128975,1.1705083708718163e-05,72.22222222222308,0.9998995,0.00044134334412868065,1.0007821866882574,0.9990168133117427,-6.997131176222915e-05,0.00011214138560691215,0.00016600292965111946,0.07,0.16072751268321592,1.0,0.48,0.22912878474779202,"{'positive': 1, 'negative': 0, 'neutral': 0}",0.0,0.0,1.0,0.0
USDT,2022-07-31,1.00036,1.00039,1.00009,1.00023,1.0002342857142856,0.9999560000000001,0.999345,1.0001483656224237,0.9998633385557382,0.00028502706668553923,0.00028725524086742587,-2.2281741818866397e-06,66.22516556291347,0.9999560000000001,0.000404389077935885,1.000764778155872,0.9991472218441283,-0.00010996261271167818,0.00012283547243018532,0.00016829087193324425,0.07,0.16072751268321592,1.0,0.48,0.22912878474779202,"{'positive': 1, 'negative': 0, 'neutral': 0}",0.0,0.0,1.0,0.0
USDT,2022-08-01,1.00024,1.0005,1.0,1.0003,1.0002657142857143,1.0000209999999998,0.9993756,1.0001716939882046,0.9998956838479057,0.0002760101402988768,0.00028500622075371606,-8.996080454839236e-06,67.09677419354645,1.0000209999999998,0.00034235869161159456,1.000705717383223,0.9993362826167766,6.998390370216434e-05,0.00011124261784988168,0.00016610661245256394,-0.2,0.16072751268321592,1.0,0.85,0.22912878474779202,"{'negative': 1, 'neutral': 0, 'positive': 0}",0.0,0.0,1.0,0.0
USDT,2022-08-02,1.00028,1.00044,1.00005,1.00017,1.00027,1.0000745,0.9994068,1.0001714333746348,0.9999160035628757,0.0002554298117590781,0.0002790909389547885,-2.3661127195710415e-05,50.38759689922734,1.0000745,0.0002659338066347959,1.0006063676132695,0.9995426323867304,-0.00012996101169648888,0.00012538290256796348,0.00016712304307280268,-0.35,0.49497474683058323,2.0,0.5,0.7071067811865476,"{'negative': 1, 'neutral': 1, 'positive': 0}",0.0,0.0,1.0,0.0
USDT,2022-08-03,1.0002,1.00035,1.00006,1.00025,1.0002714285714285,1.000117,0.9994358,1.0001835205477678,0.9999407440396997,0.00024277650806814322,0.00027182805277745943,-2.9051544709316217e-05,57.93650793650542,1.000117,0.000215628823470136,1.0005482576469402,0.9996857423530596,7.998640231177134e-05,0.00012304496831083952,0.00016695108513681262,-0.35,0.49497474683058323,2.0,0.5,0.7071067811865476,"{'negative': 1, 'neutral': 1, 'positive': 0}",0.0,0.0,1.0,0.0
USDT,2022-08-04,1.00023,1.00034,1.0,1.00003,1.000247142857143,1.0001335,0.9994664,1.0001599020019574,0.9999473555923145,0.00021254640964285532,0.00025997172415053864,-4.7425314507683325e-05,41.40624999999837,1.0001335,0.00019353430278160798,1.0005205686055632,0.9997464313944368,-0.00021994501374666964,0.00014916830001018687,0.00017362345641979253,-0.35,0.49497474683058323,2.0,0.5,0.7071067811865476,"{'negative': 1, 'neutral': 1, 'positive': 0}",0.0,0.0,1.0,0.0
USDT,2022-08-05,1.00003,1.0002,0.9998,1.00019,1.0002157142857142,1.000158,0.9994962000000001,1.0001645324631947,0.9999653292521431,0.00019920321105160177,0.00024781802153075127,-4.86148104791495e-05,48.93617021275926,1.000158,0.00016462397355450584,1.0004872479471092,0.9998287520528911,0.0001599952001438698,0.00013677297116058973,0.00017487817455151392,0.03,0.49497474683058323,1.0,0.51,0.7071067811865476,"{'positive': 1, 'negative': 0, 'neutral': 0}",0.0,0.0,1.0,0.0
USDT,2022-08-06,1.0002,1.00025,1.0,1.00022,1.0001985714285715,1.000182,0.9995246,1.0001730659303956,0.9999841937519843,0.00018887217841123682,0.0002360288529068484,-4.7156674495611565e-05,51.06382978724075,1.000182,0.00013229154420747423,1.0004465830884148,0.999917416911585,2.9994301083080543e-05,0.00013729355719332284,0.0001520387797799676,0.03,0.49497474683058323,1.0,0.51,0.7071067811865476,"{'positive': 1, 'negative': 0, 'neutral': 0}",0.0,0.0,1.0,0.0
USDT,2022-08-07,1.00022,1.00026,1.00003,1.00019,1.000192857142857,1.000203,0.9995608,1.0001756711718732,0.9999994386592448,0.0001762325126284381,0.00022406958485116636,-4.783707222272827e-05,49.65034965034748,1.000203,9.003508108861086e-05,1.0003830701621772,1.0000229298378227,-2.9993401451822166e-05,0.0001314857973167018,0.00015232318036577334,0.03,0.49497474683058323,1.0,0.51,0.7071067811865476,"{'positive': 1, 'negative': 0, 'neutral': 0}",0.0,0.0,1.0,0.0
USDT,2022-08-08,1.00019,1.00045,1.00004,1.00012,1.0001671428571428,1.0002010000000001,0.9995892000000001,1.0001671063762003,1.0000083691289303,0.00015873724727000216,0.00021100311733493352,-5.226587006493136e-05,51.44927536231161,1.0002010000000001,9.147332101885532e-05,1.000383946642038,1.0000180533579623,-6.998670252655881e-05,0.0001286697370481168,0.00015327363346521054,-0.15,0.49497474683058323,1.0,0.4,0.7071067811865476,"{'negative': 1, 'neutral': 0, 'positive': 0}",0.0,0.0,1.0,0.0
USDT,2022-08-09,1.00012,1.0003,1.00003,1.0002,1.0001714285714285,1.0002085,0.9996152,1.000172166933708,1.0000225640082687,0.0001496029254393072,0.00019872307895580827,-4.912015351650107e-05,52.1428571428542,1.0002085,8.430989225400268e-05,1.0003771197845082,1.000039880215492,7.999040115191924e-05,0.00012472572444549926,0.0001535369497500713,-0.15,0.49497474683058323,1.0,0.4,0.7071067811865476,"{'negative': 1, 'neutral': 0, 'positive': 0}",0.0,0.0,1.0,0.0
USDT,2022-08-10,1.0002,1.00086,1.00005,1.00029,1.0001771428571427,1.0002105000000001,0.999643,1.000190295097753,1.0000423740817304,0.0001479210160226785,0.00018856266636918233,-4.064165034650384e-05,51.79856115107408,1.0002105000000001,8.58073118911171e-05,1.0003821146237823,1.0000388853762179,8.998200359910946e-05,0.00012578944516572992,0.00014089941674857493,-0.15,0.49497474683058323,1.0,0.4,0.7071067811865476,"{'negative': 1, 'neutral': 0, 'positive': 0}",0.0,0.0,1.0,0.0
USDT,2022-08-11,1.00029,1.00068,1.0002,1.00047,1.00024,1.000223,0.9996724,1.0002333266211756,1.0000740500756762,0.0001592765454994094,0.00018270544219522775,-2.3428896695818353e-05,58.82352941176043,1.000223,0.00010362381373960308,1.0004302476274793,1.0000157523725208,0.0001799478151336409,9.266787542620665e-05,0.00014059564662342012,-0.15,0.49497474683058323,1.0,0.4,0.7071067811865476,"{'negative': 1, 'neutral': 0, 'positive': 0}",0.0,0.0,1.0,0.0
USDT,2022-08-12,1.0005,1.00101,1.00031,1.00046,1.0002785714285714,1.0002365000000002,0.9997016,1.000268199448687,1.0001026389589593,0.00016556048972771187,0.00017927645170172458,-1.3715961974012709e-05,51.8796992481149,1.0002365000000002,0.00011595257667278273,1.0004684051533457,1.0000045948466547,-9.99530220802125e-06,8.491580031818107e-05,0.00014065332310648126,-0.15,0.49497474683058323,1.0,0.4,0.7071067811865476,"{'negative': 1, 'neutral': 0, 'positive': 0}",0.0,0.0,1.0,0.0
USDT,2022-08-13,1.00046,1.00064,1.0003,1.00039,1.0003028571428572,1.0002460000000002,0.999725,1.000286937995043,1.0001239249619993,0.00016301303304366854,0.00017602376797011337,-1.3010734926444827e-05,51.8796992481149,1.0002460000000002,0.00012049896280478849,1.0004869979256097,1.0000050020743907,-6.996781480517189e-05,9.446527664510577e-05,0.00013358000494315586,-0.15,0.49497474683058323,1.0,0.4,0.7071067811865476,"{'negative': 1, 'neutral': 0, 'positive': 0}",0.0,0.0,1.0,0.0
USDT,2022-08-14,1.00039,1.0004,1.00012,1.0003,1.0003185714285714,1.000257,0.9997450000000001,1.0002889475342671,1.0001369675574068,0.00015197997686033915,0.00017121500974815853,-1.923503288781938e-05,52.67175572519019,1.000257,0.00011443683633640493,1.0004858736726727,1.0000281263273272,-8.996491368362669e-05,0.00010257917507142334,0.0001254146450310377,-0.15,0.49497474683058323,1.0,0.4,0.7071067811865476,"{'negative': 1, 'neutral': 0, 'positive': 0}",0.0,0.0,1.0,0.0
USDT,2022-08-15,1.00031,1.00032,1.0001,1.00025,1.0003371428571428,1.0002625,0.9997621999999999,1.0002829556059183,1.0001453403309322,0.0001376152749861248,0.0001644950627957518,-2.6879787809626994e-05,48.06201550388118,1.0002625,0.00011111279255137436,1.0004847255851028,1.0000402744148973,-4.9985004498487307e-05,0.00010004122182332505,0.00012602018994620692,-0.15,0.49497474683058323,1.0,0.4,0.7071067811865476,"{'negative': 1, 'neutral': 0, 'positive': 0}",0.0,0.0,1.0,0.0
USDT,2022-08-16,1.00025,1.0003,0.99993,1.00009,1.0003214285714286,1.0002550000000001,0.9997817999999999,1.0002532701280846,1.0001412410471593,0.00011202908092533548,0.00015400186642166853,-4.1972785496333055e-05,46.96969696969545,1.0002550000000001,0.0001175853554932786,1.0004901707109868,1.0000198292890135,-0.00015996000999762838,0.00011541662352046702,0.00013005840487008186,0.0,0.49497474683058323,1.0,0.0,0.7071067811865476,"{'neutral': 1, 'negative': 0, 'positive': 0}",0.0,0.0,1.0,0.0
USDT,2022-08-17,1.00009,1.0099,0.99977,1.00007,1.00029,1.0002484999999999,0.999808,1.000225074723764,1.0001359639325549,8.911079120910159e-05,0.00014102365137915514,-5.191286017005355e-05,42.857142857142854,1.0002484999999999,0.0001241931858253287,1.0004968863716506,1.0000001136283492,-1.999820016185261e-05,0.00010570908422857159,0.00013013577902010916,0.0,0.49497474683058323,1.0,0.0,0.7071067811865476,"{'neutral': 1, 'negative': 0, 'positive': 0}",0.0,0.0,1.0,0.0
USDT,2022-08-18,1.00008,1.00065,0.99972,1.00001,1.0002242857142858,1.0002285,0.9998324,1.0001919863047233,1.0001266332708842,6.53530338390329e-05,0.0001258895278711307,-6.053649403209779e-05,49.09090909091349,1.0002285,0.0001289338877312563,1.0004863677754625,0.9999706322245374,-5.99958002939216e-05,4.993848958658775e-05,0.00010904144923069252,-0.03,0.49497474683058323,1.0,0.43,0.7071067811865476,"{'negative': 1, 'neutral': 0, 'positive': 0}",0.0,0.0,1.0,0.0
USDT,2022-08-19,1.0001,1.0001,1.0,1.0001,1.000172857142857,1.0002165,0.9998583999999999,1.000177834565535,1.000124660436004,5.3174129531097236e-05,0.000111346448203124,-5.8172318672026767e-05,45.63106796117007,1.0002165,0.00012917857910762123,1.0004748571582154,0.9999581428417849,8.999910000895284e-05,7.601859404564665e-05,0.00010851331648697048,-0.03,0.49497474683058323,1.0,0.43,0.7071067811865476,"{'negative': 1, 'neutral': 0, 'positive': 0}",0.0,0.0,1.0,0.0
USDT,2022-08-20,1.00005,1.00057,0.99973,0.99998,1.0001142857142857,1.0002039999999999,0.99988,1.0001473984785296,1.0001139448481517,3.345363037787763e-05,9.576788463807473e-05,-6.23142542601971e-05,39.28571428570968,1.0002039999999999,0.00013948778492183582,1.0004829755698434,0.9999250244301562,-0.00011998800119994435,8.028495140364907e-05,0.00010397902113490503,-0.03,0.49497474683058323,1.0,0.43,0.7071067811865476,"{'negative': 1, 'neutral': 0, 'positive': 0}",0.0,0.0,1.0,0.0
USDT,2022-08-21,0.99998,1.00015,0.9996,0.99998,1.0000685714285713,1.000188,0.9999036,1.000121644866448,1.000104023007548,1.7621858900085385e-05,8.013867949047686e-05,-6.251682059039148e-05,40.366972477066646,1.000188,0.0001460929770109255,1.000480185954022,0.9998958140459783,0.0,8.160893162430676e-05,0.00010391432481464187,-0.03,0.49497474683058323,1.0,0.43,0.7071067811865476,"{'negative': 1, 'neutral': 0, 'positive': 0}",0.0,0.0,1.0,0.0
USDT,2022-08-22,0.99998,1.0002,0.99969,0.99982,1.0000071428571429,1.0001704999999999,0.999926,1.0000752379639175,1.0000829842662482,-7.74630233069118e-06,6.256168312624326e-05,-7.030798545693444e-05,37.2881355932248,1.0001704999999999,0.00016772392741255644,1.000505947854825,0.9998350521451748,-0.00016000320006392954,9.244543053458938e-05,0.00010751212255346798,-0.03,0.49497474683058323,1.0,0.43,0.7071067811865476,"{'negative': 1, 'neutral': 0, 'positive': 0}",0.0,0.0,1.0,0.0
USDT,2022-08-23,0.99985,1.00011,0.99973,1.00002,0.9999971428571427,1.0001589999999998,0.9999503999999999,1.0000667398156224,1.0000783187650446,-1.1578949422164087e-05,4.7733556616561794e-05,-5.931250603872588e-05,43.07692307691848,1.0001589999999998,0.00016985752554601698,1.0004987150510918,0.9998192849489078,0.00020003600648110798,0.00012343203808711016,0.00011425966988954786,-0.03,0.49497474683058323,1.0,0.43,0.7071067811865476,"{'negative': 1, 'neutral': 0, 'positive': 0}",0.0,0.0,1.0,0.0
USDT,2022-08-24,1.0,1.00021,0.99982,1.00009,1.0,1.000162,0.9999741999999999,1.0000703183055266,1.000079184041708,-8.865736181418171e-06,3.6413698056965806e-05,-4.527943423838398e-05,42.18749999999919,1.000162,0.0001679786955018526,1.0004979573910038,0.9998260426089963,6.999860002809832e-05,0.00012685574245333974,0.00011298191548122064,-0.03,0.49497474683058323,1.0,0.43,0.7071067811865476,"{'negative': 1, 'neutral': 0, 'positive': 0}",0.0,0.0,1.0,0.0
USDT,2022-08-25,1.00008,1.00045,0.99953,1.00003,1.000002857142857,1.000154,0.9999968,1.0000641154892917,1.0000755407793593,-1.142529006759041e-05,2.6845900432054566e-05,-3.8271190499644976e-05,31.03448275861443,1.000154,0.00017036802280697731,1.000494736045614,0.9998132639543861,-5.999460048589089e-05,0.00012685564336587462,0.00011292108323985323,-0.03,0.49497474683058323,1.0,0.43,0.7071067811865476,"{'negative': 1, 'neutral': 0, 'positive': 0}",0.0,0.0,1.0,0.0
USDT,2022-08-26,1.00001,1.00025,0.99983,1.0001,1.0000028571428572,1.000148,1.0000107999999999,1.0000696361832468,1.000077352573481,-7.716390234113746e-06,1.9933442298820904e-05,-2.764983253293465e-05,35.24590163934232,1.000148,0.00017003405242670735,1.0004880681048534,0.9998079318951466,6.999790006312345e-05,0.00012477406925341788,0.0001121017034165663,-0.03,0.49497474683058323,1.0,0.43,0.7071067811865476,"{'negative': 1, 'neutral': 0, 'positive': 0}",0.0,0.0,1.0,0.0
USDT,2022-08-27,1.00009,1.00019,0.99991,1.00003,1.00001,1.00014,1.0000234000000001,1.0000635383089012,1.0000738449754454,-1.0306666544224186e-05,1.3885420530211887e-05,-2.4192087074436072e-05,35.24590163934232,1.00014,0.00017170966939464684,1.0004834193387893,0.9997965806612107,-6.999300069998604e-05,0.00011800817152429813,0.00011256065590767428,-0.03,0.49497474683058323,1.0,0.43,0.7071067811865476,"{'negative': 1, 'neutral': 0, 'positive': 0}",0.0,0.0,1.0,0.0
USDT,2022-08-28,1.00003,1.00009,0.99987,1.0,1.0000128571428573,1.0001339999999999,1.0000354,1.0000537631844548,1.0000683749772643,-1.4611792809482438e-05,8.185977862273023e-06,-2.2797770671755462e-05,37.06896551723841,1.0001339999999999,0.00017451888763851203,1.000483037775277,0.9997849622247228,-2.9999100026989467e-05,0.00011885275876908185,0.00010498097508630077,-0.03,0.49497474683058323,1.0,0.43,0.7071067811865476,"{'negative': 1, 'neutral': 0, 'positive': 0}",0.0,0.0,1.0,0.0
USDT,2022-08-29,0.99999,1.00057,0.99979,1.00007,1.0000485714285714,1.0001275,1.0000488,1.0000562611560773,1.0000684953493189,-1.2234193241589253e-05,4.1019436415005675e-06,-1.633613688308982e-05,42.372881355927575,1.0001275,0.00017435218452278067,1.0004762043690456,0.9997787956309545,7.00000000000145e-05,9.589959037714409e-05,0.00010550105078671007,-0.03,0.49497474683058323,1.0,0.43,0.7071067811865476,"{'negative': 1, 'neutral': 0, 'positive': 0}",0.0,0.0,1.0,0.0
USDT,2022-08-30,1.0001,1.00106,0.99979,1.00009,1.0000585714285715,1.0001175,1.0000686,1.00006145174745,1.0000700882864064,-8.636538956441342e-06,1.5542471219121857e-06,-1.0190786078353528e-05,50.0,1.0001175,0.00017022817515416528,1.0004579563503084,0.9997770436496917,1.999860009793686e-05,6.297830879766815e-05,0.00010386766513054884,0.5,0.49497474683058323,1.0,0.62,0.7071067811865476,"{'positive': 1, 'negative': 0, 'neutral': 0}",0.0,0.0,1.0,0.0
USDT,2022-08-31,1.00008,1.00019,0.9999,0.99999,1.0000442857142857,1.0000935,1.0000883999999999,1.0000504591709192,1.0000641558207466,-1.3696649827421581e-05,-1.4959322679545678e-06,-1.2200717559467013e-05,46.428571428571075,1.0000935,0.00015062239309145608,1.000394744786183,0.9997922552138171,-9.999100080981815e-05,6.851780074229388e-05,0.00010429058643553816,0.0,0.49497474683058323,1.0,0.0,0.7071067811865476,"{'neutral': 1, 'negative': 0, 'positive': 0}",0.0,0.0,1.0,0.0
USDT,2022-09-01,0.99999,1.00012,0.99978,0.99994,1.0000314285714287,1.0000674999999999,1.0001052,1.0000334654523162,1.000054959093284,-2.1493640967706895e-05,-5.495474007905034e-06,-1.599816695980186e-05,46.84684684684477,1.0000674999999999,0.0001270671187565544,1.000321634237513,0.9998133657624868,-5.000050000503187e-05,6.750315450889452e-05,0.00010212699282624883,0.0,0.49497474683058323,1.0,0.0,0.7071067811865476,"{'neutral': 1, 'negative': 0, 'positive': 0}",0.0,0.0,1.0,0.0
USDT,2022-09-02,0.99995,1.00022,0.9999,1.00015,1.0000385714285716,1.0000555,1.0001202,1.0000513938442677,1.000061999160448,-1.0605316180356539e-05,-6.517442442395335e-06,-4.087873737961204e-06,52.032520325208175,1.0000555,0.0001043009311946717,1.0002641018623892,0.9998468981376106,0.00021001260075603767,0.00010594410132648342,0.00010853316219187052,0.0,0.49497474683058323,1.0,0.0,0.7071067811865476,"{'neutral': 1, 'negative': 0, 'positive': 0}",0.0,0.0,1.0,0.0
USDT,2022-09-03,1.00016,1.00018,1.0,1.0001,1.0000485714285714,1.0000455000000001,1.0001282,1.0000588717143803,1.000064814037452,-5.942323071606026e-06,-6.402418568237474e-06,4.600954966314476e-07,55.1724137931051,1.0000455000000001,8.792790130016832e-05,1.0002213558026005,0.9998696441973998,-4.999250112491804e-05,0.00010376425268230598,0.00010101134633516435,0.0,0.49497474683058323,1.0,0.0,0.7071067811865476,"{'neutral': 1, 'negative': 0, 'positive': 0}",0.0,0.0,1.0,0.0
USDT,2022-09-04,1.0,1.0001,1.0,1.0,1.0000485714285714,1.000033,1.0001342,1.0000498145275527,1.0000600129976407,-1.0198470087985356e-05,-7.16162887218705e-06,-3.036841215798306e-06,50.793650793651786,1.000033,7.399146491126026e-05,1.0001809829298225,0.9998850170701774,-9.999000099991662e-05,0.00011135583879221583,9.813039899321112e-05,0.0,0.49497474683058323,1.0,0.0,0.7071067811865476,"{'neutral': 1, 'negative': 0, 'positive': 0}",0.0,0.0,1.0,0.0
USDT,2022-09-05,1.0,1.0001,1.0,1.0001,1.000052857142857,1.0000335,1.0001414,1.0000575353694676,1.0000629749978154,-5.439628347758685e-06,-6.817228767301377e-06,1.3776004195426924e-06,61.66666666666682,1.0000335,7.442940870189607e-05,1.000182358817404,0.9998846411825962,9.999999999998899e-05,0.00011501582987489616,9.984136782527181e-05,0.0,0.49497474683058323,1.0,0.0,0.7071067811865476,"{'neutral': 1, 'negative': 0, 'positive': 0}",0.0,0.0,1.0,0.0
USDT,2022-09-06,1.0001,1.0001,0.9999,1.0,1.00004,1.0000300000000002,1.000146,1.000048683774165,1.0000583101831624,-9.626408997487346e-06,-7.379064813338571e-06,-2.2473441841487744e-06,49.09090909091313,1.0000300000000002,7.42683614421495e-05,1.0001785367228846,0.9998814632771159,-9.999000099991662e-05,0.00012106671709458479,0.00010127744995669334,0.0,0.49497474683058323,1.0,0.0,0.7071067811865476,"{'neutral': 1, 'negative': 0, 'positive': 0}",0.0,0.0,1.0,0.0
USDT,2022-09-07,1.00006,1.01,0.9999,1.00007,1.0000514285714286,1.0000330000000002,1.0001442,1.000051963193524,1.0000591760955206,-7.2129019965672114e-06,-7.345832249984299e-06,1.329302534170879e-07,49.09090909091313,1.0000330000000002,7.462890674410339e-05,1.0001822578134885,0.999883742186512,7.00000000000145e-05,0.00011767568583514367,0.0001014679819320891,0.0,0.49497474683058323,1.0,0.0,0.7071067811865476,"{'neutral': 1, 'negative': 0, 'positive': 0}",0.0,0.0,1.0,0.0
USDT,2022-09-08,1.00007,1.00027,0.9998,1.00014,1.00008,1.000035,1.000146,1.0000655073175972,1.000065163051408,3.4426618933380837e-07,-5.807812562120678e-06,6.152078751454486e-06,54.95495495495765,1.000035,7.701674483495509e-05,1.00018903348967,0.9998809665103301,6.999510034289003e-05,0.00011596232154934717,0.00010120670107929297,0.0,0.49497474683058323,1.0,0.0,0.7071067811865476,"{'neutral': 1, 'negative': 0, 'positive': 0}",0.0,0.0,1.0,0.0
USDT,2022-09-09,1.00015,1.00044,1.0001,1.00035,1.0001085714285716,1.0000535000000002,1.000148,1.0001092754225822,1.000086262084637,2.301333794529903e-05,-4.358246063673682e-08,2.3056920405935764e-05,60.00000000000355,1.0000535000000002,0.00010312358470185843,1.000259747169404,0.9998472528305964,0.00020997060411542812,0.00011595137070440717,0.0001071625840353443,0.0,0.49497474683058323,1.0,0.0,0.7071067811865476,"{'neutral': 1, 'negative': 0, 'positive': 0}",0.0,0.0,1.0,0.0
USDT,2022-09-10,1.00037,1.00115,1.00015,1.0002,1.000122857142857,1.0000645000000001,1.0001476,1.0001232330498773,1.0000946871154046,2.8545934472656853e-05,5.674320926021982e-06,2.287161354663487e-05,56.3909774436089,1.0000645000000001,0.00010654749391032145,1.0002775949878209,0.9998514050121795,-0.00014994751836872044,0.00013224822930157386,0.000105181113101199,0.0,0.49497474683058323,1.0,0.0,0.7071067811865476,"{'neutral': 1, 'negative': 0, 'positive': 0}",0.0,0.0,1.0,0.0
USDT,2022-09-11,1.00019,1.00051,1.00018,1.00024,1.000157142857143,1.0000855,1.0001486,1.00014119719605,1.000105451032782,3.57461632680689e-05,1.1688689394431367e-05,2.405747387363753e-05,58.95522388059689,1.0000855,9.676205234643808e-05,1.0002790241046928,0.9998919758953071,3.999200159965355e-05,0.00012229651923796578,0.0001055599232817682,0.0,0.49497474683058323,1.0,0.0,0.7071067811865476,"{'neutral': 1, 'negative': 0, 'positive': 0}",0.0,0.0,1.0,0.0
USDT,2022-09-12,1.00025,1.00032,1.0,1.00018,1.0001685714285713,1.0000935,1.0001482,1.0001471668581963,1.0001109731785018,3.619367969442955e-05,1.6589687454431004e-05,1.9603992239998544e-05,54.135338345866536,1.0000935,9.767157662048928e-05,1.0002888431532408,0.999898156846759,-5.998560345510384e-05,0.0001229171697296289,0.00010537122017757353,0.21,0.12727922061357855,2.0,0.55,0.14142135623730953,"{'positive': 2, 'negative': 0, 'neutral': 0}",0.0,0.0,1.0,0.0
USDT,2022-09-13,1.0002,1.00036,0.99973,1.00002,1.0001714285714285,1.0000900000000001,1.0001470000000001,1.000127602726166,1.0001042344245388,2.33683016273023e-05,1.7945410289005263e-05,5.422891338297038e-06,47.61904761904762,1.0000900000000001,9.90481012096042e-05,1.0002880962024194,0.999891903797581,-0.00015997120518318475,0.00013360526308594267,0.00010801411326225403,0.21,0.12727922061357855,2.0,0.55,0.14142135623730953,"{'positive': 2, 'negative': 0, 'neutral': 0}",0.0,0.0,1.0,0.0
USDT,2022-09-14,1.00001,1.0003,0.99989,1.00025,1.0001971428571428,1.000101,1.0001492,1.0001464330759866,1.0001150318745728,3.1401201413761015e-05,2.0636568513956415e-05,1.07646328998046e-05,58.12499999999814,1.000101,0.00010412037585883807,1.0003092407517176,0.9998927592482822,0.00022999540009216446,0.0001583911034361559,0.0001161677013037152,0.21,0.12727922061357855,2.0,0.55,0.14142135623730953,"{'positive': 2, 'negative': 0, 'neutral': 0}",0.0,0.0,1.0,0.0
USDT,2022-09-15,1.00026,1.00039,0.9997,0.99991,1.0001642857142856,1.0000915,1.0001426,1.000110058756604,1.0000998443283082,1.0214428295851619e-05,1.8552140470335455e-05,-8.337712174483836e-06,49.20634920634725,1.0000915,0.00011254355898502732,1.00031658711797,0.9998664128820298,-0.00033991502124475215,0.000207465822113267,0.000128684459592269,0.0,0.12727922061357855,1.0,0.5,0.14142135623730953,"{'neutral': 1, 'negative': 0, 'positive': 0}",0.0,0.0,1.0,0.0
USDT,2022-09-16,0.99993,1.00002,0.9996,0.9999,1.0001,1.000085,1.0001366,1.0000777420248188,1.00008504104473,-7.299019911144455e-06,1.3381908394039473e-05,-2.0680928305183928e-05,42.6035502958583,1.000085,0.0001198024691582086,1.0003246049383163,0.9998453950616835,-1.0000900080964215e-05,0.00017930686779385447,0.00012865988037705087,0.0,0.12727922061357855,1.0,0.5,0.14142135623730953,"{'neutral': 1, 'negative': 0, 'positive': 0}",0.0,0.0,1.0,0.0
USDT,2022-09-17,1.0,1.0001,0.9999,1.0,1.0000714285714287,1.000085,1.0001284,1.0000657817133083,1.0000787417080832,-1.2959994774908168e-05,8.113527760249944e-06,-2.1073522535158114e-05,47.12643678161037,1.000085,0.0001198024691582086,1.0003246049383163,0.9998453950616835,0.00010001000100001711,0.0001842206012540059,0.0001296424192947814,0.0,0.12727922061357855,1.0,0.5,0.14142135623730953,"{'neutral': 1, 'negative': 0, 'positive': 0}",0.0,0.0,1.0,0.0
USDT,2022-09-18,1.0,1.0001,0.9997,1.0,1.0000371428571428,1.0000814999999998,1.0001216,1.0000556614497225,1.000072908988966,-1.7247539243481214e-05,3.0413143595037132e-06,-2.0288853602984926e-05,50.0,1.0000814999999998,0.00012127719460889246,1.0003240543892176,0.999838945610782,0.0,0.00018235117523200377,0.0001285166271383346,0.0,0.12727922061357855,1.0,0.5,0.14142135623730953,"{'neutral': 1, 'negative': 0, 'positive': 0}",0.0,0.0,1.0,0.0
USDT,2022-09-19,1.0,1.0003,0.99988,1.0001,1.0000257142857143,1.000082,1.000119,1.0000624827651499,1.000074915730524,-1.2432965374120641e-05,-5.354158722115773e-08,-1.2379423786899483e-05,50.0,1.000082,0.00012133468300788003,1.0003246693660157,0.9998393306339841,9.999999999998899e-05,0.00018851230120327676,0.0001279051238921264,0.0,0.12727922061357855,1.0,0.5,0.14142135623730953,"{'neutral': 1, 'negative': 0, 'positive': 0}",0.0,0.0,1.0,0.0
USDT,2022-09-20,1.0001,1.0003,1.0,1.0001,1.0000371428571428,1.0000874999999998,1.000115,1.0000682546474344,1.0000767738245593,-8.519177124854949e-06,-1.746668694747916e-06,-6.772508430107032e-06,53.246753246751744,1.0000874999999998,0.0001194229548399793,1.0003263459096798,0.9998486540903199,0.0,0.00017683598423667545,0.0001279051238921264,0.0,0.12727922061357855,1.0,0.5,0.14142135623730953,"{'neutral': 1, 'negative': 0, 'positive': 0}",0.0,0.0,1.0,0.0
USDT,2022-09-21,1.0,1.0003,1.0,1.0,1.0000014285714285,1.0000905,1.0001115999999999,1.0000577539324444,1.000071086874592,-1.3332942147448179e-05,-4.063923385287969e-06,-9.26901876216021e-06,47.770700636942955,1.0000905,0.00011623365775598586,1.000322967315512,0.999858032684488,-9.999000099991662e-05,0.00015095313924471442,0.0001257018623629353,0.049999999999999996,0.08660254037844387,3.0,0.18333333333333335,0.31754264805429416,"{'neutral': 2, 'positive': 1, 'negative': 0}",0.0,0.0,1.0,0.0
USDT,2022-09-22,1.0,1.0001,0.9999,1.0,1.0000142857142857,1.0000829999999998,1.0001066,1.0000488687120683,1.0000658211801776,-1.6952468109288077e-05,-6.641632330087991e-06,-1.0310835779200086e-05,45.333333333333925,1.0000829999999998,0.00011702901140805199,1.000317058022816,0.9998489419771838,0.0,6.945308314990925e-05,0.00012024160753485558,0.049999999999999996,0.08660254037844387,3.0,0.18333333333333335,0.31754264805429416,"{'neutral': 2, 'positive': 1, 'negative': 0}",0.0,0.0,1.0,0.0
USDT,2022-09-23,0.9999,1.0001,0.9998,0.9999,1.0000142857142857,1.000073,1.000104,1.0000259658332886,1.0000535381297941,-2.7572296505518068e-05,-1.0827765165174007e-05,-1.674453134034406e-05,33.81294964029075,1.000073,0.00012384625458339548,1.0003206925091668,0.9998253074908332,-9.999999999998899e-05,8.164965864863528e-05,0.00012080132925489933,0.049999999999999996,0.08660254037844387,3.0,0.18333333333333335,0.31754264805429416,"{'neutral': 2, 'positive': 1, 'negative': 0}",0.0,0.0,1.0,0.0
USDT,2022-09-24,0.99993,1.00017,0.9998,1.00008,1.0000257142857143,1.0000769999999999,1.0001018,1.0000342787820136,1.0000554982683278,-2.1219486314283387e-05,-1.2906109394995885e-05,-8.313376919287502e-06,45.77464788732879,1.0000769999999999,0.00012265055210726453,1.0003223011042144,0.9998316988957854,0.00018001800180034166,0.00010123368628191431,0.00012499925240876846,0.049999999999999996,0.08660254037844387,3.0,0.18333333333333335,0.31754264805429416,"{'neutral': 2, 'positive': 1, 'negative': 0}",0.0,0.0,1.0,0.0
USDT,2022-09-25,1.0001,1.00013,0.99996,1.0,1.0000257142857143,1.0000719999999998,1.0000974,1.0000290051232423,1.0000513872854888,-2.2382162246481485e-05,-1.4801319965293006e-05,-7.580842281188479e-06,41.780821917810194,1.0000719999999998,0.00012369742385788245,1.0003193948477156,0.9998246051522841,-7.999360051202942e-05,0.00010708521313091669,0.00012517176408242413,0.6,0.08660254037844387,1.0,0.9,0.31754264805429416,"{'positive': 1, 'negative': 0, 'neutral': 0}",0.0,0.0,1.0,0.0
USDT,2022-09-26,1.00001,1.0002,0.9999,1.0,1.0000114285714286,1.0000719999999998,1.0000936,1.0000245427965897,1.000047580819897,-2.303802330727578e-05,-1.644866063368956e-05,-6.589362673586218e-06,43.57142857142846,1.0000719999999998,0.00012369742385788245,1.0003193948477156,0.9998246051522841,0.0,9.778877633670329e-05,0.00012453698524887924,0.0,0.08660254037844387,1.0,0.0,0.31754264805429416,"{'neutral': 1, 'negative': 0, 'positive': 0}",0.0,0.0,1.0,0.0
USDT,2022-09-27,1.0,1.0002,0.99976,0.9999,0.9999828571428572,1.0000635,1.0000892000000001,1.000005382366345,1.000036648907312,-3.126654096696768e-05,-1.9412236700345186e-05,-1.1854304266622496e-05,45.522388059706444,1.0000635,0.00012954474957631027,1.0003225894991525,0.9998044105008473,-9.999999999998899e-05,0.00010254359824342004,0.00012574908328872935,0.0,0.08660254037844387,1.0,0.0,0.31754264805429416,"{'neutral': 1, 'negative': 0, 'positive': 0}",0.0,0.0,1.0,0.0
USDT,2022-09-28,0.9999,1.0001,0.9996,1.0,0.9999828571428572,1.0000565,1.0000852,1.0000045543099843,1.000033934173437,-2.9379863452749788e-05,-2.1405762050826107e-05,-7.974101401923681e-06,39.669421487601184,1.0000565,0.00012897470186729748,1.0003144494037346,0.9997985505962653,0.00010001000100001711,0.00010708832587153119,0.00012646980345562745,0.0,0.08660254037844387,1.0,0.0,0.31754264805429416,"{'neutral': 1, 'negative': 0, 'positive': 0}",0.0,0.0,1.0,0.0
USDT,2022-09-29,1.0,1.0001,0.9999,1.0001,0.9999971428571429,1.000044,1.0000814,1.0000192382622943,1.0000388279383676,-1.958967607329498e-05,-2.104254485531988e-05,1.4528687820249e-06,59.79381443299064,1.000044,0.00010970774590368421,1.0002634154918073,0.9998245845081926,9.999999999998899e-05,0.00011356195289848338,0.00012779327716904294,0.0,0.08660254037844387,1.0,0.0,0.31754264805429416,"{'neutral': 1, 'negative': 0, 'positive': 0}",0.0,0.0,1.0,0.0
USDT,2022-09-30,1.0001,1.0003,0.9998,1.0,1.0000114285714286,1.0000339999999999,1.000072,1.0000162785296336,1.0000359517947848,-1.9673265151176622e-05,-2.076868891449123e-05,1.0954237633146088e-06,54.716981132074686,1.0000339999999999,0.00010368982102877046,1.0002413796420575,0.9998266203579423,-9.999000099991662e-05,0.00011356027575579121,0.00012779325010144602,0.0,0.08660254037844387,1.0,0.0,0.31754264805429416,"{'neutral': 1, 'negative': 0, 'positive': 0}",0.0,0.0,1.0,0.0
USDT,2022-10-01,1.0,1.0001,0.9998,1.0,1.0,1.000022,1.0000628,1.000013774140459,1.0000332886988748,-1.951455841564531e-05,-2.0517862814722047e-05,1.0033043990767359e-06,50.0,1.000022,9.180069966341131e-05,1.0002056013993268,0.9998383986006731,0.0,8.706826280537684e-05,0.00012743961655670055,0.0,0.08660254037844387,1.0,0.0,0.31754264805429416,"{'neutral': 1, 'negative': 0, 'positive': 0}",0.0,0.0,1.0,0.0
USDT,2022-10-02,1.0,1.0002,0.9999,1.0,1.0,1.000013,1.000055,1.000011655041927,1.0000308228693284,-1.9167827401522786e-05,-2.0247855732082197e-05,1.0800283305594118e-06,50.0,1.000013,8.398621463183161e-05,1.0001809724292636,0.9998450275707363,0.0,8.164965864863527e-05,0.00012123683360863557,0.0,0.08660254037844387,1.0,0.0,0.31754264805429416,"{'neutral': 1, 'negative': 0, 'positive': 0}",0.0,0.0,1.0,0.0
USDT,2022-10-03,1.0001,1.0003,0.9999,1.0001,1.0000142857142857,1.000017,1.000051,1.000025246573938,1.0000359471012301,-1.070052729201798e-05,-1.8338390044069355e-05,7.637862752051375e-06,50.0,1.000017,8.621271145600656e-05,1.000189425422912,0.999844574577088,9.999999999998899e-05,8.997301233099715e-05,0.0001224042521322968,0.0,0.08660254037844387,1.0,0.0,0.31754264805429416,"{'neutral': 1, 'negative': 0, 'positive': 0}",0.0,0.0,1.0,0.0
USDT,2022-10-04,1.0001,1.0004,1.0,1.0003,1.0000714285714287,1.0000195,1.000052,1.0000675163317938,1.000055506575213,1.200975658077752e-05,-1.226876071909998e-05,2.42785172998775e-05,58.6206896551711,1.0000195,9.372271552864478e-05,1.0002069454310574,0.9998320545689428,0.00019998000199983323,9.758317709857996e-05,0.00012614871947963396,0.0,0.08660254037844387,1.0,0.0,0.31754264805429416,"{'neutral': 1, 'negative': 0, 'positive': 0}",0.0,0.0,1.0,0.0
USDT,2022-10-05,1.0002,1.0004,1.0,1.0002,1.0001,1.000034,1.0000542000000001,1.0000878984345947,1.000066209791864,2.1688642730666174e-05,-5.47728002914675e-06,2.7165922759812925e-05,58.6206896551711,1.000034,9.82156597854401e-05,1.000230431319571,0.9998375686804292,-9.997000899730768e-05,0.00011125689194307041,0.00012651215686259966,-0.12,0.08660254037844387,1.0,0.38,0.31754264805429416,"{'negative': 1, 'neutral': 0, 'positive': 0}",0.0,0.0,1.0,0.0
USDT,2022-10-06,1.00017,1.00028,0.99999,1.00017,1.00011,1.0000475,1.0000562000000002,1.000100529444657,1.0000738979554296,2.6631489227435523e-05,9.444738221697048e-07,2.5687015405265818e-05,57.14285714285714,1.0000475,9.738015595817019e-05,1.0002422603119163,0.9998527396880836,-2.999400119974016e-05,0.00010815353623124335,0.00012517919852387136,-0.12,0.08660254037844387,1.0,0.38,0.31754264805429416,"{'negative': 1, 'neutral': 0, 'positive': 0}",0.0,0.0,1.0,0.0
USDT,2022-10-07,1.00017,1.00077,0.9999,1.00014,1.00013,1.0000545,1.0000588,1.0001066018377867,1.0000787944031755,2.780743461117119e-05,6.317065979970002e-06,2.1490368631201186e-05,60.71428571428642,1.0000545,9.88073619444788e-05,1.000252114723889,0.9998568852761112,-2.9994900866858742e-05,9.9150133959871e-05,0.00012473782331985786,-0.12,0.08660254037844387,1.0,0.38,0.31754264805429416,"{'negative': 1, 'neutral': 0, 'positive': 0}",0.0,0.0,1.0,0.0
USDT,2022-10-08,1.00013,1.00027,1.0,1.00026,1.0001671428571428,1.0000675,1.000062,1.0001302015550502,1.0000922170399773,3.7984515072864156e-05,1.2650555798548833e-05,2.5333959274315323e-05,58.49056603772992,1.0000675,0.0001079412610035505,1.0002833825220072,0.999851617477993,0.0001199832023515146,0.00010529628447336003,0.00012600021456707065,-0.12,0.08660254037844387,1.0,0.38,0.31754264805429416,"{'negative': 1, 'neutral': 0, 'positive': 0}",0.0,0.0,1.0,0.0
USDT,2022-10-09,1.00026,1.00026,1.0,1.0002,1.0001957142857143,1.0000725000000001,1.0000664000000001,1.0001409397773502,1.000100200962942,4.073881440813665e-05,1.8268207520466396e-05,2.2470606887670252e-05,59.615384615386255,1.0000725000000001,0.00011177397322358015,1.0002960479464473,0.999848952053553,-5.9984404054858054e-05,0.00011110356532271487,0.00012029420938899704,-0.12,0.08660254037844387,1.0,0.38,0.31754264805429416,"{'negative': 1, 'neutral': 0, 'positive': 0}",0.0,0.0,1.0,0.0
USDT,2022-10-10,1.0001,1.0002,0.9998,0.9999,1.0001671428571428,1.0000625,1.0000647999999999,1.0001038721192963,1.0000853712619835,1.8500857312808705e-05,1.831473747893486e-05,1.8611983387384668e-07,46.26865671641741,1.0000625,0.00011795962750780359,1.0002984192550157,0.9998265807449844,-0.00029994001199751263,0.00016022573880186867,0.00012930618895152287,-0.12,0.08660254037844387,1.0,0.38,0.31754264805429416,"{'negative': 1, 'neutral': 0, 'positive': 0}",0.0,0.0,1.0,0.0
USDT,2022-10-11,1.0,1.0001,0.99942,0.99991,1.0001114285714288,1.0000580000000001,1.0000666,1.0000740456394046,1.0000723807981329,1.6648412717312766e-06,1.4984758237494143e-05,-1.3319916965762866e-05,50.39999999999829,1.0000580000000001,0.00012211297631679413,1.0003022259526337,0.9998137740473665,1.0001000100068325e-05,0.00012788936154306576,0.0001290220510496057,0.05,0.08660254037844387,1.0,0.88,0.31754264805429416,"{'positive': 1, 'negative': 0, 'neutral': 0}",0.0,0.0,1.0,0.0
USDT,2022-10-12,0.99991,1.00007,0.9995,1.00003,1.000087142857143,1.0000595,1.0000668,1.0000672693871886,1.0000692414797527,-1.9720925641397713e-06,1.1593388077167362e-05,-1.3565480641307133e-05,51.18110236220404,1.0000595,0.00012154596287086856,1.0003025919257418,0.9998164080742583,0.00012001080097201466,0.00014150114846665156,0.00013083749706456526,0.05,0.08660254037844387,1.0,0.88,0.31754264805429416,"{'positive': 1, 'negative': 0, 'neutral': 0}",0.0,0.0,1.0,0.0
USDT,2022-10-13,1.00003,1.00015,0.99974,1.00008,1.0000742857142857,1.0000685,1.0000666,1.0000692279430057,1.0000700384071786,-8.104641728845507e-07,9.11261762715698e-06,-9.92308180004153e-06,49.18032786885605,1.0000685,0.00011563440589649252,1.000299768811793,0.999837231188207,4.999850004505646e-05,0.00014416716502245328,0.00012784291988303322,0.05,0.08660254037844387,1.0,0.88,0.31754264805429416,"{'positive': 1, 'negative': 0, 'neutral': 0}",0.0,0.0,1.0,0.0
USDT,2022-10-14,1.00009,1.00013,0.99992,1.00004,1.00006,1.0000665,1.0000668,1.0000647313363895,1.00006781333998,-3.0820035905598786e-06,6.673693383613609e-06,-9.755696974173488e-06,51.724137931036466,1.0000665,0.00011577087187373995,1.0002980417437475,0.9998349582562525,-3.999680025601471e-05,0.0001444148006830779,0.00012053426109763832,0.05,0.08660254037844387,1.0,0.88,0.31754264805429416,"{'positive': 1, 'negative': 0, 'neutral': 0}",0.0,0.0,1.0,0.0
USDT,2022-10-15,1.00003,1.00013,0.99999,1.00006,1.0000314285714287,1.0000695,1.0000660000000001,1.0000640034384833,1.0000672345740556,-3.231135572212551e-06,4.692727592448377e-06,-7.923863164660927e-06,52.542372881354346,1.0000695,0.00011472965952360315,1.0002989593190472,0.9998400406809528,1.999920003181721e-05,0.0001334510346789552,0.00010287245794705444,0.05,0.08660254037844387,1.0,0.88,0.31754264805429416,"{'positive': 1, 'negative': 0, 'neutral': 0}",0.0,0.0,1.0,0.0
USDT,2022-10-16,1.00005,1.00009,0.99994,1.00005,1.00001,1.000072,1.0000664000000001,1.0000618490633322,1.0000659579389404,-4.108875608199725e-06,2.9324069523187566e-06,-7.041282560518482e-06,52.100840336139626,1.000072,0.00011367543842323352,1.0002993508768465,0.9998446491231536,-9.999400035876072e-06,0.00013282509028906522,0.000102872450402143,0.05,0.08660254037844387,1.0,0.88,0.31754264805429416,"{'positive': 1, 'negative': 0, 'neutral': 0}",0.0,0.0,1.0,0.0
USDT,2022-10-17,1.00005,1.00016,0.99993,1.00002,1.000027142857143,1.000078,1.0000668,1.0000554107458965,1.000062553647167,-7.142901270462687e-06,9.173453077624679e-07,-8.060246578225155e-06,46.42857142856718,1.000078,0.00010709562886391802,1.0002921912577278,0.9998638087422722,-2.9998500075234524e-05,5.468763123131048e-05,0.00010146095630637783,0.05,0.08660254037844387,1.0,0.88,0.31754264805429416,"{'positive': 1, 'negative': 0, 'neutral': 0}",0.0,0.0,1.0,0.0
USDT,2022-10-18,1.00002,1.00026,0.9999,1.00004,1.0000457142857144,1.00008,1.0000662,1.0000530398619125,1.0000608830066362,-7.843144723684858e-06,-8.347526985269973e-07,-7.008392025157861e-06,36.17021276596046,1.00008,0.00010592947025791828,1.0002918589405159,0.9998681410594843,1.9999600008091534e-05,5.460044706715435e-05,0.00010152207680472018,0.05,0.08660254037844387,1.0,0.88,0.31754264805429416,"{'positive': 1, 'negative': 0, 'neutral': 0}",0.0,0.0,1.0,0.0
USDT,2022-10-19,1.00005,1.0001,0.99991,1.0,1.0000414285714285,1.000075,1.0000644,1.0000448798831567,1.0000563731542929,-1.1493271136142624e-05,-2.966456386050123e-06,-8.5268147500925e-06,38.63636363636478,1.000075,0.00010728712109726247,1.0002895742421947,0.9998604257578055,-3.999840006407851e-05,3.504944275147373e-05,0.00010003732072647286,0.05,0.08660254037844387,1.0,0.88,0.31754264805429416,"{'positive': 1, 'negative': 0, 'neutral': 0}",0.0,0.0,1.0,0.0
USDT,2022-10-20,0.99999,1.00012,0.99989,0.9999,1.0000157142857142,1.00007,1.0000626000000001,1.0000225906703635,1.0000447899576785,-2.2199287315061156e-05,-6.81302257185233e-06,-1.5386264743208826e-05,35.78947368421102,1.00007,0.00011313708515581244,1.0002962741703116,0.9998437258296884,-9.999999999998899e-05,4.1575609315956795e-05,0.00010157679317856678,0.05,0.08660254037844387,1.0,0.88,0.31754264805429416,"{'positive': 1, 'negative': 0, 'neutral': 0}",0.0,0.0,1.0,0.0
USDT,2022-10-21,0.99993,1.00009,0.99984,1.00008,1.0000214285714286,1.0000740000000001,1.0000654,1.000031422874923,1.0000473981089617,-1.5975234038734243e-05,-8.645464865228713e-06,-7.32976917350553e-06,47.27272727272984,1.0000740000000001,0.00011193983363101272,1.0002978796672621,0.9998501203327381,0.00018001800180034166,8.715637019990806e-05,0.0001054944246239029,0.45,0.08660254037844387,1.0,0.45,0.31754264805429416,"{'positive': 1, 'negative': 0, 'neutral': 0}",0.0,0.0,1.0,0.0
USDT,2022-10-22,1.00007,1.0001,0.99997,1.00009,1.0000257142857143,1.0000785,1.0000642,1.0000404347403193,1.000050553804594,-1.0119064274727307e-05,-8.940184747128432e-06,-1.178879527598875e-06,41.41414141414164,1.0000785,0.0001106095552913685,1.000299719110583,0.9998572808894174,9.999200063948166e-06,8.696500423969141e-05,0.00010550148745441198,-0.28,0.08660254037844387,1.0,0.78,0.31754264805429416,"{'negative': 1, 'neutral': 0, 'positive': 0}",0.0,0.0,1.0,0.0
USDT,2022-10-23,1.00008,1.00017,0.99989,1.00013,1.0000371428571428,1.00008,1.0000647999999999,1.0000542140110393,1.0000564387079576,-2.224696918240454e-06,-7.597087181350837e-06,5.372390263110383e-06,46.39175257731935,1.00008,0.00011111871335915799,1.0003022374267183,0.9998577625732817,3.999640032392726e-05,8.764633920763998e-05,0.00010387182351870303,-0.28,0.08660254037844387,1.0,0.78,0.31754264805429416,"{'negative': 1, 'neutral': 0, 'positive': 0}",0.0,0.0,1.0,0.0
USDT,2022-10-24,1.00012,1.00025,0.99994,1.00004,1.00004,1.000067,1.0000655999999999,1.00005202724011,1.0000552210258866,-3.1937857765118594e-06,-6.716426900383042e-06,3.522641123871183e-06,59.21052631579024,1.000067,9.852063655412342e-05,1.0002640412731083,0.9998699587268918,-8.998830152073811e-05,9.499704648390464e-05,0.00010005093228307747,0.14,0.08660254037844387,1.0,0.34,0.31754264805429416,"{'positive': 1, 'negative': 0, 'neutral': 0}",0.0,0.0,1.0,0.0
USDT,2022-10-25,1.00004,1.00041,0.99981,1.00034,1.000082857142857,1.000074,1.0000704,1.0000963307416315,1.00007631576471,2.0014976921611805e-05,-1.370146135984073e-06,2.1385123057595878e-05,70.47619047619037,1.000074,0.00011245583945274251,1.0002989116789054,0.9998490883210944,0.0002999880004799227,0.0001477262805215564,0.00011296718860650013,0.14,0.08660254037844387,1.0,0.34,0.31754264805429416,"{'positive': 1, 'negative': 0, 'neutral': 0}",0.0,0.0,1.0,0.0
USDT,2022-10-26,1.00033,1.00051,1.00008,1.00028,1.000122857142857,1.0000795,1.0000760000000002,1.0001245875506113,1.0000914034858426,3.318406476870983e-05,5.540696044954708e-06,2.764336872375512e-05,62.626262626266254,1.0000795,0.0001198452951699932,1.00031919059034,0.99983980940966,-5.997960693360227e-05,0.00014977301125698635,0.00011370313349825296,0.14,0.08660254037844387,1.0,0.34,0.31754264805429416,"{'positive': 1, 'negative': 0, 'neutral': 0}",0.0,0.0,1.0,0.0
USDT,2022-10-27,1.00029,1.00035,0.99991,1.00006,1.0001457142857144,1.0000755,1.0000758,1.0001146510043635,1.0000890773017062,2.5573702657322173e-05,9.547297367428203e-06,1.602640528989397e-05,49.13793103447715,1.0000755,0.00011905217801526114,1.0003136043560303,0.9998373956439693,-0.00021993841724332608,0.00017344827894413698,0.0001196340859030657,0.14,0.08660254037844387,1.0,0.34,0.31754264805429416,"{'positive': 1, 'negative': 0, 'neutral': 0}",0.0,0.0,1.0,0.0
USDT,2022-10-28,1.00007,1.00035,0.9997,1.0002,1.0001628571428571,1.0000725,1.000077,1.0001277816190768,1.000097293797876,3.0487821200742005e-05,1.3735402134090965e-05,1.675241906665104e-05,56.3492063492037,1.0000725,0.00011483970538227345,1.0003021794107645,0.9998428205892353,0.00013999160050404136,0.0001679776744777311,0.00012094063109007852,0.14,0.08660254037844387,1.0,0.34,0.31754264805429416,"{'positive': 1, 'negative': 0, 'neutral': 0}",0.0,0.0,1.0,0.0
USDT,2022-10-29,1.0002,1.00047,1.00018,1.00023,1.000182857142857,1.0000740000000001,1.0000746,1.0001435075238343,1.0001071238869224,3.63836369119408e-05,1.8265049089660934e-05,1.8118587822279864e-05,56.692913385826365,1.0000740000000001,0.00011677238334140678,1.000307544766683,0.9998404552333173,2.999400119962914e-05,0.0001680057579264296,0.00011974729755782729,0.14,0.08660254037844387,1.0,0.34,0.31754264805429416,"{'positive': 1, 'negative': 0, 'neutral': 0}",0.0,0.0,1.0,0.0
USDT,2022-10-30,1.00024,1.00033,1.00015,1.0002,1.000192857142857,1.000089,1.0000746,1.0001521986740136,1.0001140035990022,3.8195075011460133e-05,2.2251054274020775e-05,1.594402073743936e-05,55.81395348836608,1.000089,0.00011243243601875471,1.0003138648720376,0.9998641351279625,-2.999310158657842e-05,0.000168699212431566,0.00011831777762998266,0.14,0.08660254037844387,1.0,0.34,0.31754264805429416,"{'positive': 1, 'negative': 0, 'neutral': 0}",0.0,0.0,1.0,0.0
USDT,2022-10-31,1.00021,1.00027,0.99983,0.99994,1.0001785714285714,1.0000905,1.0000686,1.0001195527241653,1.0001011144435206,1.843828064473918e-05,2.1488499548164456e-05,-3.0502189034252763e-06,47.36842105263619,1.0000905,0.0001100944572229395,1.000310688914446,0.9998703110855541,-0.0002599480103978591,0.00019557939597974227,0.0001279498137909093,0.14,0.08660254037844387,1.0,0.34,0.31754264805429416,"{'positive': 1, 'negative': 0, 'neutral': 0}",0.0,0.0,1.0,0.0
USDT,2022-11-01,0.99994,0.99998,0.99928,0.9999,1.0001157142857144,1.000084,1.000063,1.000085775381986,1.000086217077334,-4.4169534785254427e-07,1.7102460568961058e-05,-1.7544155916813603e-05,45.454545454544146,1.000084,0.00011744651654289843,1.0003188930330857,0.9998491069669142,-4.000240014401246e-05,0.00013838289089552808,0.00012813664066291852,0.1,0.08660254037844387,1.0,0.3,0.31754264805429416,"{'positive': 1, 'negative': 0, 'neutral': 0}",0.0,0.0,1.0,0.0
USDT,2022-11-02,0.9999,1.00007,0.99975,0.99994,1.0000671428571428,1.0000769999999999,1.0000614,1.000063348400142,1.0000753861827165,-1.203778257452548e-05,1.1274411940263751e-05,-2.331219451478923e-05,48.05194805194955,1.0000769999999999,0.00012178929187940303,1.0003205785837588,0.9998334214162411,4.0004000400051254e-05,0.00014378191488335787,0.00012693091487310656,0.1,0.08660254037844387,1.0,0.3,0.31754264805429416,"{'positive': 1, 'negative': 0, 'neutral': 0}",0.0,0.0,1.0,0.0
USDT,2022-11-03,0.99994,1.00004,0.99983,1.0,1.0000585714285715,1.000075,1.0000564,1.0000536024924278,1.000069802021034,-1.6199528606097857e-05,5.77962383099143e-06,-2.1979152437089285e-05,53.33333333333333,1.000075,0.0001227534972624883,1.0003205069945251,0.9998294930054751,6.000360021585216e-05,0.00012600089446971696,0.00012158390141221637,0.1,0.08660254037844387,1.0,0.3,0.31754264805429416,"{'positive': 1, 'negative': 0, 'neutral': 0}",0.0,0.0,1.0,0.0
USDT,2022-11-04,0.99999,1.00019,0.99983,1.00008,1.0000414285714287,1.000076,1.0000597999999998,1.000057663647439,1.0000705574268833,-1.2893779444356213e-05,2.0449431759219015e-06,-1.4938722620278114e-05,50.0,1.000076,0.0001227063247872852,1.0003214126495745,0.9998305873504254,8.000000000008001e-05,0.00011584327542972817,0.00012143102698765152,0.1,0.08660254037844387,1.0,0.3,0.31754264805429416,"{'positive': 1, 'negative': 0, 'neutral': 0}",0.0,0.0,1.0,0.0
USDT,2022-11-05,1.00007,1.00019,0.99997,1.00005,1.0000157142857142,1.000076,1.0000628,1.0000564846247562,1.0000690346545216,-1.2550029765412418e-05,-8.740514123449624e-07,-1.1675978353067455e-05,48.591549295781036,1.000076,0.0001227063247872852,1.0003214126495745,0.9998305873504254,-2.999760019195552e-05,0.00011397967780397316,0.0001214310535633035,0.1,0.08660254037844387,1.0,0.3,0.31754264805429416,"{'positive': 1, 'negative': 0, 'neutral': 0}",0.0,0.0,1.0,0.0
USDT,2022-11-06,1.00006,1.00015,0.99963,1.00007,0.9999971428571428,1.0000785,1.0000642,1.0000585639132553,1.000069106161594,-1.0542248338740734e-05,-2.8076907976241165e-06,-7.734557541116618e-06,47.85714285714444,1.0000785,0.0001220127259784645,1.000322525451957,0.9998344745480432,1.999900005000832e-05,0.00011522558904806405,0.00012140494636081878,0.1,0.08660254037844387,1.0,0.3,0.31754264805429416,"{'positive': 1, 'negative': 0, 'neutral': 0}",0.0,0.0,1.0,0.0
USDT,2022-11-07,1.00008,1.00015,0.99991,1.00012,1.000022857142857,1.0000825,1.0000666,1.0000680156189083,1.00007287607555,-4.860456641608835e-06,-3.21824396642106e-06,-1.6422126751877746e-06,52.941176470583436,1.0000825,0.00012199547030270359,1.0003264909406053,0.9998385090593945,4.999650024495317e-05,4.540866157259859e-05,0.00011963313261794067,0.1,0.08660254037844387,1.0,0.3,0.31754264805429416,"{'positive': 1, 'negative': 0, 'neutral': 0}",0.0,0.0,1.0,0.0
USDT,2022-11-08,1.0003,1.0149,0.9986,1.003,1.0004657142857143,1.0002325,1.0001246,1.0005190901390764,1.0002897000699538,0.00022939006912259252,4.330341865138166e-05,0.00018608665047121088,83.75634517766494,1.0002325,0.0006624426489858266,1.0015573852979718,0.9989076147020284,0.0028796544414670944,0.0010751165793448877,0.0005395784927058454,0.1,0.08660254037844387,1.0,0.3,0.31754264805429416,"{'positive': 1, 'negative': 0, 'neutral': 0}",0.0,0.0,1.0,0.0
USDT,2022-11-09,1.0034,1.0234,1.0004,1.0142,1.0025028571428571,1.0009475,1.0004066,1.0026238455022953,1.0013200926573647,0.0013037528449306723,0.00029539330390723984,0.0010083595410234326,96.15384615384599,1.0009475,0.003187919425455294,1.0073233388509106,0.9945716611490895,0.01116650049850465,0.004165033224073221,0.002088730233073123,0.1,0.08660254037844387,1.0,0.3,0.31754264805429416,"{'positive': 1, 'negative': 0, 'neutral': 0}",0.0,0.0,1.0,0.0
USDT,2022-11-10,1.0143,1.164,0.9816,1.0044,1.0031314285714286,1.0011635,1.0004946000000001,1.0028971000404037,1.0015482339420043,0.0013488660983993483,0.0005060878628056616,0.0008427782355936868,58.79967558799681,1.0011635,0.0032713095317729968,1.0077061190635461,0.9946208809364541,-0.009662788404653955,0.006102808613552964,0.0027914358772715745,0.0225,0.02872281323269014,4.0,0.3225,0.3907578107558014,"{'neutral': 2, 'positive': 2, 'negative': 0}",0.0,0.0,1.0,0.0
USDT,2022-11-11,1.0043,1.201,0.9962,1.0019,1.0033914285714285,1.0012539999999999,1.0005326,1.0027437000341877,1.001574290687041,0.0011694093471465994,0.0006387521596738491,0.0005306571874727502,53.14581791265737,1.0012539999999999,0.003265079027017393,1.0077841580540348,0.9947238419459651,-0.0024890481879729087,0.006218484164858434,0.002832839141960199,0.0,0.02872281323269014,1.0,0.0,0.3907578107558014,"{'neutral': 1, 'negative': 0, 'positive': 0}",0.0,0.0,1.0,0.0
USDT,2022-11-12,1.0019,1.011,0.9963,0.9982,1.0031271428571429,1.0011575000000001,1.0004986,1.0020446692596972,1.0013243432287418,0.0007203260309553983,0.0006550669339301591,6.525909702523921e-05,46.69273378950801,1.0011575000000001,0.003327962669014346,1.0078134253380289,0.9945015746619714,-0.003692983331669897,0.006400027467100545,0.0029148145225592627,0.0,0.02872281323269014,1.0,0.0,0.3907578107558014,"{'neutral': 1, 'negative': 0, 'positive': 0}",0.0,0.0,1.0,0.0
USDT,2022-11-13,0.9981,1.0001,0.9981,0.9986,1.0029171428571428,1.0010854999999999,1.000469,1.0015147201428207,1.0011225400266128,0.0003921801162078964,0.0006024895703857065,-0.00021030945417781016,47.424339987121805,1.0010854999999999,0.003368739378467456,1.0078229787569348,0.994348021243065,0.00040072129833701453,0.006404290500287343,0.0029160219599773524,0.0,0.02872281323269014,1.0,0.0,0.3907578107558014,"{'neutral': 1, 'negative': 0, 'positive': 0}",0.0,0.0,1.0,0.0
USDT,2022-11-14,0.9988,0.9989,0.997,0.9985,1.0026857142857142,1.0009935,1.000439,1.0010509170439252,1.0009282778024193,0.00012263924150590633,0.0005065195046097465,-0.0003838802631038402,47.66990291262137,1.0009935,0.003414978269181904,1.007823456538364,0.9941635434616363,-0.00010014019627480053,0.006403594138239382,0.002916013636995447,0.0,0.02872281323269014,1.0,0.0,0.3907578107558014,"{'neutral': 1, 'negative': 0, 'positive': 0}",0.0,0.0,1.0,0.0
USDT,2022-11-15,0.9985,0.9992,0.9973,0.999,1.0021142857142857,1.0009295,1.000419,1.0007353913448598,1.0007854424096476,-5.005106478783716e-05,0.00039520539073022984,-0.000445256455518067,48.56505102040814,1.0009295,0.0034409491882076296,1.0078113983764152,0.9940476016235847,0.0005007511266899023,0.006273858026952495,0.002917733227382876,0.0,0.02872281323269014,1.0,0.0,0.3907578107558014,"{'neutral': 1, 'negative': 0, 'positive': 0}",0.0,0.0,1.0,0.0
USDT,2022-11-16,0.99879,0.99999,0.99855,0.99908,0.9999542857142857,1.0008805,1.0004026,1.0004807157533429,1.0006591133422662,-0.00017839758892335134,0.0002804847947995136,-0.0004588823837228649,48.6305732484075,1.0008805,0.0034609026431410114,1.0078023052862821,0.993958694713718,8.008008007998058e-05,0.003688823496439963,0.0029178036238216945,0.15,0.21213203435596426,2.0,0.05,0.07071067811865477,"{'neutral': 1, 'positive': 1, 'negative': 0}",0.0,0.0,1.0,0.0
USDT,2022-11-17,0.99907,0.99943,0.99881,0.99922,0.9992142857142856,1.0008314999999999,1.000387,1.0002867594835978,1.0005525123539503,-0.00026575287035246475,0.00017123726176911794,-0.0004369901321215827,48.76111817026683,1.0008314999999999,0.0034779399150458123,1.0077873798300916,0.9938756201699083,0.00014012891860515353,0.0016571317088994167,0.0029179531125047087,0.25,0.3535533905932738,2.0,0.25,0.3535533905932738,"{'neutral': 1, 'positive': 1, 'negative': 0}",0.0,0.0,1.0,0.0
USDT,2022-11-18,0.99921,0.99938,0.9987,0.99885,0.9987785714285714,1.0007625,1.000362,1.0000657195630442,1.0004264003277317,-0.0003606807646874266,6.485365647780904e-05,-0.00042553442116523564,48.06421152030206,1.0007625,0.003504092156628097,1.0077706843132561,0.9937543156867438,-0.00037028882528367113,0.0014663397462470183,0.00291864157790143,0.2,0.3535533905932738,1.0,0.65,0.3535533905932738,"{'positive': 1, 'negative': 0, 'neutral': 0}",0.0,0.0,1.0,0.0
USDT,2022-11-19,0.99885,0.99898,0.99866,0.99896,0.9988871428571429,1.0007005,1.0003412,0.9998956088610375,1.0003177780812331,-0.00042216922019566727,-3.255091885688623e-05,-0.00038961830133878107,48.288854003139484,1.0007005,0.0035254734284595217,1.007751446856919,0.9936495531430809,0.0001101266456424721,0.00029264139779619383,0.002918730461508501,0.2,0.3535533905932738,1.0,0.65,0.3535533905932738,"{'positive': 1, 'negative': 0, 'neutral': 0}",0.0,0.0,1.0,0.0
USDT,2022-11-20,0.99896,0.999,0.99846,0.99849,0.9988714285714285,1.000628,1.000311,0.9996793613439547,1.0001823871122528,-0.0005030257682980821,-0.0001266458887451254,-0.0003763798795529567,47.55417956656341,1.000628,0.003556706933465785,1.0077414138669316,0.9935145861330685,-0.00047048930888116125,0.0003305821338172311,0.00291955386834721,0.2,0.3535533905932738,1.0,0.65,0.3535533905932738,"{'positive': 1, 'negative': 0, 'neutral': 0}",0.0,0.0,1.0,0.0
USDT,2022-11-21,0.99847,0.99897,0.99827,0.9988,0.9989142857142858,1.000573,1.000287,0.9995440749833463,1.0000799880669007,-0.0005359130835543846,-0.00020849932770697723,-0.00032741375584740737,47.97297297297316,1.000573,0.0035770041861040197,1.007727008372208,0.9934189916277919,0.0003104688078998663,0.00034901516664136156,0.0029202782659571514,0.2,0.3535533905932738,1.0,0.65,0.3535533905932738,"{'positive': 1, 'negative': 0, 'neutral': 0}",0.0,0.0,1.0,0.0
USDT,2022-11-22,0.9988,0.99901,0.99849,0.99878,0.9988828571428571,1.000515,1.0002606,0.9994265249859084,0.9999836926545377,-0.0005571676686292326,-0.00027823299589142835,-0.00027893467273780426,42.8956228956231,1.000515,0.003597156040399778,1.0077093120807996,0.9933206879192005,-2.0024028834608742e-05,0.0002847596985844989,0.00292024290571667,0.2,0.3535533905932738,1.0,0.65,0.3535533905932738,"{'positive': 1, 'negative': 0, 'neutral': 0}",0.0,0.0,1.0,0.0
USDT,2022-11-23,0.99878,0.99898,0.99862,0.99891,0.9988585714285715,1.0004605,1.0002328,0.999347059603461,0.9999041598653127,-0.0005571002618516285,-0.0003340064490834684,-0.00022309381276816012,8.96403650026815,1.0004605,0.0036135890818781297,1.0076876781637563,0.9932333218362437,0.00013015879372835215,0.0002886308229864502,0.0029203919147377717,0.0,0.3535533905932738,1.0,0.0,0.3535533905932738,"{'neutral': 1, 'negative': 0, 'positive': 0}",0.0,0.0,1.0,0.0
USDT,2022-11-24,0.99891,0.9993,0.99881,0.99915,0.9988485714285714,1.000414,1.0002118,0.9993167427413902,0.9998482961715858,-0.0005315534301956193,-0.0003735158453058986,-0.00015803758488972067,21.058434399117814,1.000414,0.003624709643549017,1.007663419287098,0.9931645807129019,0.0002402618854551175,0.00030037895022637677,0.0029201770339100305,0.0,0.3535533905932738,1.0,0.0,0.3535533905932738,"{'neutral': 1, 'negative': 0, 'positive': 0}",0.0,0.0,1.0,0.0
USDT,2022-11-25,0.99915,0.99944,0.99913,0.99943,0.9989314285714286,1.0003829999999998,1.000197,0.9993341669350224,0.9998173112699869,-0.000483144334964436,-0.0003954415432376061,-8.770279172682987e-05,31.97080291970829,1.0003829999999998,0.003630632973671522,1.0076442659473428,0.9931217340526568,0.0002802382024722494,0.00026935120518577183,0.002920739495631057,0.0,0.3535533905932738,1.0,0.0,0.3535533905932738,"{'neutral': 1, 'negative': 0, 'positive': 0}",0.0,0.0,1.0,0.0
USDT,2022-11-26,0.99943,0.99952,0.99921,0.99941,0.9989957142857142,1.00035,1.0001824,0.9993458335604036,0.9997871400648026,-0.0004413065043989972,-0.00040461453546988433,-3.669196892911288e-05,69.08517350157794,1.00035,0.003636622203730929,1.007623244407462,0.9930767555925382,-2.001140650176314e-05,0.0002716452585568079,0.0029205056009541405,0.0,0.3535533905932738,1.0,0.0,0.3535533905932738,"{'neutral': 1, 'negative': 0, 'positive': 0}",0.0,0.0,1.0,0.0
USDT,2022-11-27,0.99941,0.99948,0.99927,0.99936,0.9991200000000001,1.0003119999999999,1.0001644,0.9993480130126492,0.9997555000600025,-0.0004074870473532721,-0.0004051890378465619,-2.298009506710222e-06,63.47517730496455,1.0003119999999999,0.0036431169419425427,1.007598233883885,0.9930257661161148,-5.0029517415284275e-05,0.00015518960873080447,0.002920358186805305,0.0,0.3535533905932738,1.0,0.0,0.3535533905932738,"{'neutral': 1, 'negative': 0, 'positive': 0}",0.0,0.0,1.0,0.0
USDT,2022-11-28,0.99937,0.99975,0.99936,0.99962,0.9992371428571429,1.000143,1.0001528,0.9993898571645493,0.9997454630185209,-0.0003556058539715412,-0.0003952724010715578,3.96665471000166e-05,68.79194630872394,1.000143,0.0035898689317864553,1.007322737863573,0.992963262136427,0.0002601665065640191,0.0001460343181998655,0.002920806951586822,0.0,0.3535533905932738,1.0,0.0,0.3535533905932738,"{'neutral': 1, 'negative': 0, 'positive': 0}",0.0,0.0,1.0,0.0
USDT,2022-11-29,0.99961,0.99971,0.99935,0.99963,0.9993585714285714,0.9994145,1.0001474000000001,0.9994268022161571,0.9997369102023341,-0.00031010798617703283,-0.0003782395180926528,6.813153191561998e-05,62.650602409638985,0.9994145,0.001393701905013138,1.0022019038100263,0.9966270961899737,1.0003801444558036e-05,0.00014170675180949708,0.002920809574591793,0.0,0.3535533905932738,1.0,0.0,0.3535533905932738,"{'neutral': 1, 'negative': 0, 'positive': 0}",0.0,0.0,1.0,0.0
USDT,2022-11-30,0.99962,1.00026,0.99945,1.00004,0.9995199999999999,0.9991965,1.00015,0.9995211403367483,0.9997593612984575,-0.00023822096170922347,-0.00035023580681596697,0.0001120148451067435,67.02127659574569,0.9991965,0.0007776907449456766,1.0007518814898915,0.9976411185101087,0.0004101517561498902,0.00017912155322993148,0.0029214330347858766,0.0,0.3535533905932738,1.0,0.0,0.3535533905932738,"{'neutral': 1, 'negative': 0, 'positive': 0}",0.0,0.0,1.0,0.0
USDT,2022-12-01,1.00003,1.00022,0.99986,1.00006,0.9996499999999999,0.9991045,1.0001506,0.9996040418234025,0.9997816308319052,-0.00017758900850273207,-0.00031570644715332003,0.00013811743865058796,65.55555555555509,0.9991045,0.0005004574223810501,1.0001054148447621,0.9981035851552379,1.999920003181721e-05,0.00018230611521068984,0.0029214199642646206,0.0,0.3535533905932738,1.0,0.0,0.3535533905932738,"{'neutral': 1, 'negative': 0, 'positive': 0}",0.0,0.0,1.0,0.0
USDT,2022-12-02,1.00006,1.00041,0.9999,1.00006,0.99974,0.9991975,1.0001502,0.9996741892351867,0.9998022507702826,-0.00012806153509592466,-0.000278177464741841,0.00015011592964591633,75.96566523605071,0.9991975,0.0004963326028671409,1.0001901652057343,0.9982048347942657,0.0,0.00017443435001177445,0.00292141466874966,0.0,0.3535533905932738,1.0,0.0,0.3535533905932738,"{'neutral': 1, 'negative': 0, 'positive': 0}",0.0,0.0,1.0,0.0
USDT,2022-12-03,1.00006,1.0003,1.0,1.0001,0.9998385714285715,0.9992725,1.0001514,0.9997396985836196,0.9998243062687802,-8.460768516060924e-05,-0.00023946350882559465,0.0001548558236649854,75.2212389380533,0.9992725,0.0005142994724921288,1.0003010989449843,0.9982439010550157,3.9997600143948375e-05,0.0001695300064565124,0.0029214047004028996,0.0,0.3535533905932738,1.0,0.0,0.3535533905932738,"{'neutral': 1, 'negative': 0, 'positive': 0}",0.0,0.0,1.0,0.0
USDT,2022-12-04,1.0002,1.0004,1.0,1.0001,0.9999442857142856,0.9993525,1.0001522,0.999795129570755,0.9998447280266483,-4.9598455893251625e-05,-0.00020149049823912606,0.00015189204234587444,94.97206703910442,0.9993525,0.0005122486547056562,1.0003769973094112,0.9983280026905886,0.0,0.00016315377372830896,0.0029213727081940275,0.0,0.3535533905932738,1.0,0.0,0.3535533905932738,"{'neutral': 1, 'negative': 0, 'positive': 0}",0.0,0.0,1.0,0.0
USDT,2022-12-05,1.0001,1.0004,0.99993,1.00002,1.0000014285714285,0.9994035,1.0001516,0.9998297250214081,0.9998577111357854,-2.798611437726528e-05,-0.0001667896214667539,0.00013880350708948862,89.10256410255758,0.9994035,0.0005259004809150493,1.00045530096183,0.9983516990381699,-7.999200079999991e-05,0.0001601288867796054,0.002921407494283378,0.0,0.3535533905932738,1.0,0.0,0.3535533905932738,"{'neutral': 1, 'negative': 0, 'positive': 0}",0.0,0.0,1.0,0.0
USDT,2022-12-06,1.00002,1.00017,0.99994,0.99998,1.0000514285714286,0.9994485,1.0001508,0.9998528442488838,0.9998667695701716,-1.3925321287855397e-05,-0.00013621676143097422,0.00012229144014311882,87.97468354430251,0.9994485,0.0005351858998568775,1.0005188717997138,0.9983781282002862,-3.999920001596102e-05,0.00016365978746549881,0.002921416077824566,0.0,0.3535533905932738,1.0,0.0,0.3535533905932738,"{'neutral': 1, 'negative': 0, 'positive': 0}",0.0,0.0,1.0,0.0
USDT,2022-12-07,1.0,1.0005,0.99989,1.0,1.0000457142857144,0.9994875000000001,1.00015,0.9998754835952094,0.9998766384908997,-1.154895690302915e-06,-0.00010920438828283997,0.00010804949259253705,87.07482993197192,0.9994875000000001,0.0005459696830173188,1.0005794393660348,0.9983955606339654,2.000040000793568e-05,4.117026707440898e-05,0.0029214039060233067,0.0,0.3535533905932738,1.0,0.0,0.3535533905932738,"{'neutral': 1, 'negative': 0, 'positive': 0}",0.0,0.0,1.0,0.0
USDT,2022-12-08,1.0,1.0003,0.99994,1.00007,1.000047142857143,0.9995485000000001,1.0001514,0.9999054091959464,0.9998909615656478,1.4447630298564107e-05,-8.447398456655916e-05,9.892161486512326e-05,85.38461538461446,0.9995485000000001,0.0005391052529157783,1.0006267105058315,0.9984702894941685,7.00000000000145e-05,4.980658434702463e-05,0.002870500686876759,-0.2,0.3535533905932738,1.0,0.35,0.3535533905932738,"{'negative': 1, 'neutral': 0, 'positive': 0}",0.0,0.0,1.0,0.0
USDT,2022-12-09,1.00007,1.00013,0.99995,1.00003,1.0000428571428572,0.999602,1.000154,0.9999245770119546,0.9999012607089331,2.3316303021436724e-05,-6.291592704895998e-05,8.62322300703967e-05,78.30188679244809,0.999602,0.000530655999222503,1.000663311998445,0.9985406880015549,-3.999720019598474e-05,5.223307871708949e-05,0.0019296394198007557,0.4,0.3535533905932738,1.0,0.55,0.3535533905932738,"{'positive': 1, 'negative': 0, 'neutral': 0}",0.0,0.0,1.0,0.0
USDT,2022-12-10,1.00003,1.00005,0.99993,0.99998,1.0000257142857143,0.9996765,1.000152,0.9999331036255,0.9999070932490122,2.601037648786164e-05,-4.513066634159566e-05,7.114104282945731e-05,76.14678899082298,0.9996765,0.0004671106597565129,1.000610721319513,0.9987422786804869,-4.999850004494544e-05,5.056615825573109e-05,0.0008410695341411084,0.4,0.3535533905932738,1.0,0.55,0.3535533905932738,"{'positive': 1, 'negative': 0, 'neutral': 0}",0.0,0.0,1.0,0.0
USDT,2022-12-11,0.99998,1.0003,0.99996,1.0002,1.00004,0.9997465,1.0001542,0.9999741646061924,0.9999287900453816,4.537456081077362e-05,-2.7029620911121806e-05,7.240418172189543e-05,83.3333333333304,0.9997465,0.0004324626543477536,1.0006114253086955,0.9988815746913045,0.00022000440008795863,0.00010357859448188897,0.0007172158672910417,0.4,0.3535533905932738,1.0,0.55,0.3535533905932738,"{'positive': 1, 'negative': 0, 'neutral': 0}",0.0,0.0,1.0,0.0
USDT,2022-12-12,1.0001,1.0002,0.9991,1.00009,1.00005,0.999812,1.0001534,0.9999919854360089,0.9999407315235015,5.125391250737632e-05,-1.137291422742218e-05,6.26268267347985e-05,71.17117117116666,0.999812,0.00037356884806897633,1.000559137696138,0.999064862303862,-0.00010997800439915828,0.00010862476504771055,0.00020905772498035408,0.4,0.3535533905932738,1.0,0.55,0.3535533905932738,"{'positive': 1, 'negative': 0, 'neutral': 0}",0.0,0.0,1.0,0.0
USDT,2022-12-13,1.00009,1.00087,0.99473,0.99976,1.0000185714285714,0.9998545,1.0001478,0.9999562953689306,0.9999273440032421,2.895136568847878e-05,-3.3080582442419883e-06,3.2259423932720766e-05,54.54545454545313,0.9998545,0.0003081775804461949,1.0004708551608923,0.9992381448391076,-0.00032997030267267746,0.00016924670120199297,0.0002109203479119871,-0.13,0.3535533905932738,1.0,0.18,0.3535533905932738,"{'negative': 1, 'neutral': 0, 'positive': 0}",0.0,0.0,1.0,0.0
USDT,2022-12-14,0.99976,1.00017,0.99966,1.00007,1.0000285714285713,0.9999005000000001,1.0001424,0.9999737883890951,0.9999379111141131,3.587727498199911e-05,4.52900840100623e-06,3.1348266580992875e-05,51.12781954887118,0.9999005000000001,0.0002628082151146577,1.0004261164302295,0.9993748835697708,0.00031007441786035095,0.00021362762383413274,0.00021486770025679695,-0.13,0.3535533905932738,1.0,0.18,0.3535533905932738,"{'negative': 1, 'neutral': 0, 'positive': 0}",0.0,0.0,1.0,0.0
USDT,2022-12-15,1.0,1.0002,1.0,1.0002,1.000047142857143,0.999939,1.0001407999999998,1.0000085901753881,0.9999573251056603,5.126506972785716e-05,1.3876220666376418e-05,3.738884906148074e-05,54.86111111111175,0.999939,0.0002461257702351221,1.0004312515404703,0.9994467484595297,0.00012999090063692265,0.00021760129664126057,0.00019820671402543506,-0.13,0.3535533905932738,1.0,0.18,0.3535533905932738,"{'negative': 1, 'neutral': 0, 'positive': 0}",0.0,0.0,1.0,0.0
USDT,2022-12-16,1.0002,1.0003,1.0,1.0001,1.0000571428571428,0.9999735,1.0001416,1.0000226532253285,0.9999678936163521,5.4759608976384655e-05,2.2052898328378066e-05,3.270671064800659e-05,51.29870129870251,0.9999735,0.0002143846764828324,1.0004022693529657,0.9995447306470343,-9.998000399913387e-05,0.00022144008488254885,0.00019967312108167698,-0.13,0.3535533905932738,1.0,0.18,0.3535533905932738,"{'negative': 1, 'neutral': 0, 'positive': 0}",0.0,0.0,1.0,0.0
USDT,2022-12-17,1.0001,1.0003,1.00002,1.00013,1.0000785714285716,1.0000120000000001,1.0001402,1.0000391681137395,0.9999799014966223,5.9266617117192943e-05,2.9495642086141043e-05,2.97709750310519e-05,50.98039215686189,1.0000120000000001,0.00016087262053230713,1.0003337452410648,0.9996902547589355,2.9997000299930576e-05,0.0002198851510938751,0.00019866512483804677,-0.13,0.3535533905932738,1.0,0.18,0.3535533905932738,"{'negative': 1, 'neutral': 0, 'positive': 0}",0.0,0.0,1.0,0.0
USDT,2022-12-18,1.00013,1.00031,1.0,1.00013,1.0000685714285713,1.0000375,1.0001381999999999,1.0000531422500873,0.9999910199042799,6.212234580749154e-05,3.602098283041114e-05,2.61013629770804e-05,50.98039215686189,1.0000375,0.00013356941832093233,1.0003046388366417,0.999770361163358,0.0,0.00020174977892384045,0.0001838662263135126,-0.13,0.3535533905932738,1.0,0.18,0.3535533905932738,"{'negative': 1, 'neutral': 0, 'positive': 0}",0.0,0.0,1.0,0.0
USDT,2022-12-19,1.00012,1.00025,0.99981,0.99999,1.0000542857142858,1.0000555,1.000134,1.0000434280577661,0.9999909443558147,5.248370195143348e-05,3.931352665461561e-05,1.3170175296817871e-05,49.05660377358912,1.0000555,9.422677033317873e-05,1.0002439535406664,0.9998670464593337,-0.00013998180236562963,0.00020452793295616548,0.00018635717300771897,-0.13,0.3535533905932738,1.0,0.18,0.3535533905932738,"{'negative': 1, 'neutral': 0, 'positive': 0}",0.0,0.0,1.0,0.0
USDT,2022-12-20,0.99999,1.00012,0.9999,1.00004,1.0000942857142856,1.0000554999999998,1.000136,1.0000429006642637,0.9999945781072358,4.8322557027913327e-05,4.111533272927516e-05,7.207224298638169e-06,51.87500000000195,1.0000554999999998,9.422677033317873e-05,1.0002439535406662,0.9998670464593334,5.000050000503187e-05,0.00014990356490643123,0.00016011561084120746,-0.13,0.3535533905932738,1.0,0.18,0.3535533905932738,"{'negative': 1, 'neutral': 0, 'positive': 0}",0.0,0.0,1.0,0.0
USDT,2022-12-21,1.00004,1.0001,0.99996,1.00005,1.0000914285714286,1.0000550000000001,1.0001390000000001,1.0000439928697615,0.9999986834326258,4.530943713576541e-05,4.195415361057321e-05,3.3552835251921995e-06,51.57232704402849,1.0000550000000001,9.422816673010525e-05,1.0002434563334603,0.9998665436665399,9.999600016019627e-06,9.122445688141677e-05,0.00015259282686640814,-0.13,0.3535533905932738,1.0,0.18,0.3535533905932738,"{'negative': 1, 'neutral': 0, 'positive': 0}",0.0,0.0,1.0,0.0
USDT,2022-12-22,1.00005,1.00005,0.9998,0.99983,1.0000385714285716,1.0000434999999999,1.0001368,1.0000110708897982,0.9999861883635424,2.488252625587606e-05,3.853982813963378e-05,-1.3657301883757719e-05,43.103448275861844,1.0000434999999999,0.0001067843376799214,1.0002570686753598,0.99982993132464,-0.00021998900055009152,0.00010159862146155812,0.00015958913528245963,-0.13,0.3535533905932738,1.0,0.18,0.3535533905932738,"{'negative': 1, 'neutral': 0, 'positive': 0}",0.0,0.0,1.0,0.0
USDT,2022-12-23,0.99983,1.00006,0.99977,0.9999,1.00001,1.0000335,1.0001348,0.9999939830605985,0.999979804040317,1.4179020281446242e-05,3.366766656799627e-05,-1.9488646286550027e-05,46.32768361582035,1.0000335,0.00011051434788991317,1.0002545286957798,0.9998124713042202,7.001190202338137e-05,0.00010853531738047455,0.00015872841726017104,-0.13,0.3535533905932738,1.0,0.18,0.3535533905932738,"{'negative': 1, 'neutral': 0, 'positive': 0}",0.0,0.0,1.0,0.0
USDT,2022-12-24,0.9999,0.99998,0.99986,0.99993,0.9999814285714285,1.000025,1.0001318000000001,0.9999841395128141,0.9999761148521454,8.024660668626282e-06,2.8539065388122274e-05,-2.051440471949599e-05,48.571428571428754,1.000025,0.00011166208438649355,1.000248324168773,0.9998016758312269,3.000300029998293e-05,0.00010853585697808739,0.00015382906789908901,-0.13,0.3535533905932738,1.0,0.18,0.3535533905932738,"{'negative': 1, 'neutral': 0, 'positive': 0}",0.0,0.0,1.0,0.0
USDT,2022-12-25,0.99994,0.99998,0.9998,0.99987,0.9999442857142858,1.0000175,1.0001282,0.9999665795877658,0.9999682544927273,-1.6749049615016887e-06,2.2496271318197482e-05,-2.417117627969917e-05,39.62264150943568,1.0000175,0.00011692890343264318,1.0002513578068652,0.9997836421931348,-6.000420029395048e-05,0.00010827302383561489,0.00014682326541307823,-0.13,0.3535533905932738,1.0,0.18,0.3535533905932738,"{'negative': 1, 'neutral': 0, 'positive': 0}",0.0,0.0,1.0,0.0
USDT,2022-12-26,0.99988,0.99993,0.99975,0.9998,0.9999171428571428,1.0000085,1.0001228,0.9999409519588788,0.9999557911969698,-1.483923809098009e-05,1.5029169436361969e-05,-2.9868407527342058e-05,40.645161290325404,1.0000085,0.00012650254848719126,1.0002615050969745,0.9997554949030257,-7.000910118315495e-05,0.00010011857443801582,0.00014751279594590462,0.045,0.06363961030678927,2.0,0.245,0.06363961030678926,"{'neutral': 1, 'positive': 1, 'negative': 0}",0.0,0.0,1.0,0.0
USDT,2022-12-27,0.99981,0.99987,0.9995,0.99961,0.9998557142857144,0.999989,1.0001126,0.9998900362728974,0.9999301770342313,-4.014076133385114e-05,3.995183282319349e-06,-4.4135944616170484e-05,44.68085106383045,0.999989,0.0001547799797848045,1.0002985599595697,0.9996794400404304,-0.000190038007601534,0.000109921005751512,0.0001517306405272107,0.045,0.06363961030678927,2.0,0.245,0.06363961030678926,"{'neutral': 1, 'positive': 1, 'negative': 0}",0.0,0.0,1.0,0.0
USDT,2022-12-28,0.99961,0.9998,0.99932,0.99946,0.9997714285714286,0.9999585,1.0000418,0.9998238768462978,0.9998953491057697,-7.147225947190528e-05,-1.1098305268525576e-05,-6.03739542033797e-05,25.599999999999497,0.9999585,0.0001932893931663672,1.0003450787863326,0.9995719212136672,-0.00015005852282390375,0.00010923069552308133,0.00014665402147993377,0.045,0.06363961030678927,2.0,0.245,0.06363961030678926,"{'neutral': 1, 'positive': 1, 'negative': 0}",0.0,0.0,1.0,0.0
USDT,2022-12-29,0.99947,0.9998,0.99902,0.99954,0.9997300000000001,0.999934,0.9997486000000001,0.9997802034853289,0.9998690269497867,-8.882346445782119e-05,-2.66433371063847e-05,-6.218012735143649e-05,22.499999999999773,0.999934,0.0002137238750673327,1.0003614477501346,0.9995065522498653,8.004322334054237e-05,0.00010592762988294794,0.00014746173736328265,0.045,0.06363961030678927,2.0,0.245,0.06363961030678926,"{'neutral': 1, 'positive': 1, 'negative': 0}",0.0,0.0,1.0,0.0
USDT,2022-12-30,0.99955,0.99962,0.99944,0.9995,0.9996728571428573,0.9999100000000001,0.9996506,0.9997370952568168,0.9998416916201729,-0.00010459636335613531,-4.2233942356334825e-05,-6.236242099980049e-05,23.684210526316818,0.9999100000000001,0.00023425132709868184,1.0003785026541974,0.9994414973458027,-4.0018408467790145e-05,9.414159229218067e-05,0.0001251940815259708,0.045,0.06363961030678927,2.0,0.245,0.06363961030678926,"{'neutral': 1, 'positive': 1, 'negative': 0}",0.0,0.0,1.0,0.0
USDT,2022-12-31,0.99949,0.99954,0.9993,0.9995,0.9996114285714286,0.999875,0.9996025999999999,0.9997006190634603,0.9998163811297898,-0.00011576206632946118,-5.69395671509601e-05,-5.882249917850108e-05,21.621621621624328,0.999875,0.00024084281844157955,1.000356685636883,0.9993933143631168,0.0,9.010867682164137e-05,0.00012503793297562947,0.045,0.06363961030678927,2.0,0.245,0.06363961030678926,"{'neutral': 1, 'positive': 1, 'negative': 0}",0.0,0.0,1.0,0.0
USDT,2023-01-01,0.99949,0.9996,0.99934,0.99953,0.9995628571428572,0.9998469999999999,0.9996292,0.9996743699767742,0.9997951677127683,-0.00012079773599416033,-6.971120091960014e-05,-5.1086535074560186e-05,23.684210526316818,0.9998469999999999,0.0002470052205609729,1.000341010441122,0.999352989558878,3.0015007503658708e-05,9.654177931531792e-05,0.0001253121989888797,0.045,0.06363961030678927,2.0,0.245,0.06363961030678926,"{'neutral': 1, 'positive': 1, 'negative': 0}",0.0,0.0,1.0,0.0
USDT,2023-01-02,0.99953,0.99973,0.99952,0.99967,0.9995442857142857,0.9998425000000001,0.9996506,0.999673697672655,0.9997858960303411,-0.00011219835768605524,-7.820863227289117e-05,-3.398972541316407e-05,35.96491228069645,0.9998425000000001,0.0002494810403832184,1.0003414620807665,0.9993435379192337,0.00014006583094050562,0.00011884568848068066,0.00012819852987664446,0.0,0.06363961030678927,1.0,0.08,0.06363961030678926,"{'neutral': 1, 'negative': 0, 'positive': 0}",0.0,0.0,1.0,0.0
USDT,2023-01-03,0.99967,0.99971,0.99953,0.99962,0.9995457142857143,0.99982,0.9996729999999999,0.9996654364922466,0.999773607435501,-0.00010817094325443755,-8.420109446920045e-05,-2.3969848785237096e-05,31.578947368415925,0.99982,0.00024817226622092764,1.000316344532442,0.9993236554675582,-5.00165054467816e-05,9.44568384979302e-05,0.00012833094672737706,0.0,0.06363961030678927,1.0,0.08,0.06363961030678926,"{'neutral': 1, 'negative': 0, 'positive': 0}",0.0,0.0,1.0,0.0
USDT,2023-01-04,0.99962,0.99976,0.99954,0.99967,0.9995757142857142,0.9997935,0.9996864000000001,0.9996661385703625,0.9997659328106491,-9.979424028661033e-05,-8.731972363268243e-05,-1.2474516653927895e-05,33.89830508473699,0.9997935,0.00023331196651960682,1.0002601239330393,0.9993268760669608,5.001900722279018e-05,6.736070716344269e-05,0.0001282904448163759,0.0,0.06363961030678927,1.0,0.08,0.06363961030678926,"{'neutral': 1, 'negative': 0, 'positive': 0}",0.0,0.0,1.0,0.0
USDT,2023-01-05,0.99967,0.99977,0.99956,0.99965,0.9995914285714286,0.9997710000000002,0.9996978,0.9996636557133837,0.9997573451950454,-9.368948166177393e-05,-8.859367523850073e-05,-5.095806423273202e-06,40.81632653061109,0.9997710000000002,0.00022369857547294882,1.0002183971509462,0.9993236028490543,-2.0006602178601618e-05,6.55670415074013e-05,0.00012819004733483218,0.0,0.06363961030678927,1.0,0.08,0.06363961030678926,"{'neutral': 1, 'negative': 0, 'positive': 0}",0.0,0.0,1.0,0.0
USDT,2023-01-06,0.99965,0.99973,0.99935,0.99968,0.9996171428571429,0.9997484999999999,0.9997070000000001,0.9996661702190169,0.9997516159213383,-8.544570232138504e-05,-8.79640806550776e-05,2.518378333692559e-06,38.29787234042076,0.9997484999999999,0.00020775174971765257,1.0001640034994352,0.9993329965005646,3.001050367634761e-05,6.081491703495672e-05,0.00012828649724703687,0.0,0.06363961030678927,1.0,0.08,0.06363961030678926,"{'neutral': 1, 'negative': 0, 'positive': 0}",0.0,0.0,1.0,0.0
USDT,2023-01-07,0.99969,0.99985,0.99966,0.99976,0.9996542857142857,0.9997300000000001,0.9997251999999999,0.9996806055699374,0.9997522369642021,-7.16313942646929e-05,-8.469754337700067e-05,1.3066149112307774e-05,41.41414141413779,0.9997300000000001,0.00018747631439231376,1.0001049526287848,0.9993550473712155,8.002560819453386e-05,6.266625113875645e-05,0.0001285167152246511,0.0,0.06363961030678927,1.0,0.08,0.06363961030678926,"{'neutral': 1, 'negative': 0, 'positive': 0}",0.0,0.0,1.0,0.0
USDT,2023-01-08,0.99975,0.99991,0.9997,0.99988,0.9997042857142856,0.9997244999999999,0.9997436000000001,0.9997112816361009,0.9997617008927797,-5.0419256678813085e-05,-7.784188603736315e-05,2.7422629358550066e-05,50.47619047618846,0.9997244999999999,0.0001809470700020796,1.000086394140004,0.9993626058599957,0.00012002880691364126,6.97868523834033e-05,0.00013054768947469759,0.0,0.06363961030678927,1.0,0.08,0.06363961030678926,"{'neutral': 1, 'negative': 0, 'positive': 0}",0.0,0.0,1.0,0.0
USDT,2023-01-09,0.99988,1.00001,0.99977,0.99999,0.99975,0.999722,0.9997736,0.9997541613843931,0.999778611937759,-2.4450553365862326e-05,-6.716361950306299e-05,4.2713066137200665e-05,58.715596330278686,0.999722,0.00017665309458525754,1.0000753061891705,0.9993686938108295,0.0001100132015843247,6.400914464864276e-05,0.00013190715423457277,0.0,0.06363961030678927,1.0,0.08,0.06363961030678926,"{'neutral': 1, 'negative': 0, 'positive': 0}",0.0,0.0,1.0,0.0
USDT,2023-01-10,0.99999,1.00015,0.99977,1.00014,0.9998242857142857,0.9997265000000001,0.9998004,0.9998135211714095,0.9998053814238509,8.139747558644217e-06,-5.210294609072155e-05,6.024269364936577e-05,75.2380952381048,0.9997265000000001,0.00018632950450102085,1.000099159009002,0.999353840990998,0.00015000150001487356,5.8558969630172436e-05,0.00012846151129389477,0.165,0.4030508652763321,2.0,0.565,0.26162950903902266,"{'negative': 1, 'positive': 1, 'neutral': 0}",0.0,0.0,1.0,0.0
USDT,2023-01-11,1.00015,1.00019,0.99944,0.99991,0.9998585714285715,0.9997305000000001,0.9998229999999999,0.9998283640681157,0.99981313094801,1.5233120105651032e-05,-3.8635732851447033e-05,5.3868852957098066e-05,69.9115044247811,0.9997305000000001,0.00018950003481519757,1.0001095000696305,0.9993514999303696,-0.00022996780450745824,0.000129977347318322,0.00013370071891403138,0.165,0.4030508652763321,2.0,0.565,0.26162950903902266,"{'negative': 1, 'positive': 1, 'neutral': 0}",0.0,0.0,1.0,0.0
USDT,2023-01-12,0.99993,1.00023,0.99976,1.00009,0.9999214285714285,0.9997400000000001,0.9998466,0.999868615749944,0.9998336397666759,3.497598326807072e-05,-2.3913389627543485e-05,5.8889372895614206e-05,72.3577235772382,0.9997400000000001,0.00020274432962465953,1.0001454886592493,0.9993345113407508,0.000180016201458022,0.00013779984422435609,0.00012308778514945264,0.165,0.4030508652763321,2.0,0.565,0.26162950903902266,"{'negative': 1, 'positive': 1, 'neutral': 0}",0.0,0.0,1.0,0.0
USDT,2023-01-13,1.0001,1.00017,0.9998,1.00009,0.99998,0.9997480000000001,0.9998654,0.9999026748653372,0.9998526294135888,5.0045451748470526e-05,-9.121621352340683e-06,5.916707310081121e-05,74.78991596638514,0.9997480000000001,0.0002135070565460184,1.000175014113092,0.9993209858869081,0.0,0.00013944971454017064,0.00010936228850633219,0.165,0.4030508652763321,2.0,0.565,0.26162950903902266,"{'negative': 1, 'positive': 1, 'neutral': 0}",0.0,0.0,1.0,0.0
USDT,2023-01-14,1.00009,1.001,0.99774,1.00005,1.0000214285714286,0.999757,0.9998778,0.99992534027067,0.9998672494570267,5.809081364338553e-05,4.320865646804561e-06,5.376994799658097e-05,72.35772357724473,0.999757,0.00022252380129395547,1.000202047602588,0.9993119523974121,-3.999640032381624e-05,0.00014368878676754098,0.00010680479772517304,0.165,0.4030508652763321,2.0,0.565,0.26162950903902266,"{'negative': 1, 'positive': 1, 'neutral': 0}",0.0,0.0,1.0,0.0
USDT,2023-01-15,1.00005,1.00044,0.99998,1.00029,1.00008,0.9997814999999999,0.9998954000000001,0.99998144176749,0.9998985643120617,8.28774554283429e-05,2.003218360311223e-05,6.284527182523067e-05,76.38888888889467,0.9997814999999999,0.00025246729863318495,1.0002864345972662,0.9992765654027335,0.00023998800059965575,0.00016076257710309128,0.00011416138130533097,0.165,0.4030508652763321,2.0,0.565,0.26162950903902266,"{'negative': 1, 'positive': 1, 'neutral': 0}",0.0,0.0,1.0,0.0
USDT,2023-01-16,1.0003,1.00043,0.99983,1.00002,1.0000842857142855,0.9998019999999999,0.9999085999999999,0.9999873738032607,0.9999075595482053,7.98142550554326e-05,3.198859789357631e-05,4.7825657161856295e-05,61.14649681528883,0.9998019999999999,0.0002544467683657204,1.0003108935367313,0.9992931064632684,-0.00026992172270046133,0.00019988061547051528,0.00012466691768328847,0.165,0.4030508652763321,2.0,0.565,0.26162950903902266,"{'negative': 1, 'positive': 1, 'neutral': 0}",0.0,0.0,1.0,0.0
USDT,2023-01-17,1.00002,1.00029,0.99988,1.0001,1.0000785714285714,0.9998339999999999,0.9999181999999999,1.0000047009104513,0.9999218143964864,8.288651396493041e-05,4.216818110784713e-05,4.071833285708328e-05,65.00000000000486,0.9998339999999999,0.00024936551071017953,1.0003327310214203,0.9993352689785795,7.999840003214409e-05,0.00019300916075555365,0.00012559996674248096,0.165,0.4030508652763321,2.0,0.565,0.26162950903902266,"{'negative': 1, 'positive': 1, 'neutral': 0}",0.0,0.0,1.0,0.0
USDT,2023-01-18,1.00011,1.00017,0.99934,0.99995,1.0000842857142858,0.9998545,0.9999246,0.9999962853857665,0.9999239022189689,7.238316679758494e-05,4.8211178245794694e-05,2.4171988551790247e-05,58.235294117650746,0.9998545,0.00024062364156315227,1.0003357472831262,0.9993732527168737,-0.00014998500149987493,0.00017940784849022648,0.00012599433572409546,0.165,0.4030508652763321,2.0,0.565,0.26162950903902266,"{'negative': 1, 'positive': 1, 'neutral': 0}",0.0,0.0,1.0,0.0
USDT,2023-01-19,0.99994,1.00004,0.99984,0.99997,1.0000671428571428,0.999878,0.9999232,0.9999922414802639,0.9999273168694156,6.49246108482826e-05,5.155386476629228e-05,1.3370746081990326e-05,59.41176470588362,0.999878,0.0002267296095054145,1.000331459219011,0.9994245407809892,2.0001000049951756e-05,0.00016293798367281607,0.00012569161176340142,0.165,0.4030508652763321,2.0,0.565,0.26162950903902266,"{'negative': 1, 'positive': 1, 'neutral': 0}",0.0,0.0,1.0,0.0
USDT,2023-01-20,0.99996,1.00029,0.9999,1.00018,1.00008,0.9999120000000001,0.9999256,1.000021127406377,0.9999460341383478,7.5093268029236e-05,5.626174541888102e-05,1.8831522610354972e-05,63.29787234042865,0.9999120000000001,0.00021787490383521615,1.0003477498076705,0.9994762501923297,0.00021000630018908062,0.00018452197092649504,0.00013153635822161835,0.0,0.4030508652763321,1.0,0.0,0.26162950903902266,"{'neutral': 1, 'negative': 0, 'positive': 0}",0.0,0.0,1.0,0.0
USDT,2023-01-21,1.00018,1.00066,0.99995,1.00019,1.0001,0.999945,0.9999281999999999,1.0000471078053959,0.9999641056836553,8.300212174050525e-05,6.160982068320587e-05,2.1392301057299385e-05,61.87845303867444,0.999945,0.00020666525192389554,1.0003583305038477,0.9995316694961521,9.998200323879658e-06,0.00018309672467370556,0.00012452633219126963,0.0,0.4030508652763321,1.0,0.0,0.26162950903902266,"{'neutral': 1, 'negative': 0, 'positive': 0}",0.0,0.0,1.0,0.0
USDT,2023-01-22,1.00019,1.00026,1.00006,1.0002,1.000087142857143,0.9999715,0.9999301999999999,1.0000706296814887,0.9999815793367179,8.905034477080243e-05,6.709792550072518e-05,2.1952419270077243e-05,59.41176470588362,0.9999715,0.00020350287734966887,1.0003785057546994,0.9995644942453007,9.998100360952833e-06,0.0001556175327699456,0.00012404349631299754,0.0,0.4030508652763321,1.0,0.0,0.26162950903902266,"{'neutral': 1, 'negative': 0, 'positive': 0}",0.0,0.0,1.0,0.0
USDT,2023-01-23,1.0002,1.00026,0.99999,1.00015,1.0001057142857144,0.9999979999999999,0.9999312,1.0000828404997213,0.9999940549414055,8.878555831581814e-05,7.143545206374378e-05,1.735010625207436e-05,54.87804878049069,0.9999979999999999,0.00018933679275191112,1.0003766735855038,0.9996193264144961,-4.999000199945591e-05,0.00011081634096249525,0.00012445791180382831,0.0,0.4030508652763321,1.0,0.0,0.26162950903902266,"{'neutral': 1, 'negative': 0, 'positive': 0}",0.0,0.0,1.0,0.0
USDT,2023-01-24,1.00014,1.00034,0.99969,1.00002,1.0000942857142856,1.0000155,0.9999312,1.0000731727305334,0.9999959767975977,7.719593293575855e-05,7.258754823814674e-05,4.608384697611813e-06,46.296296296291985,1.0000155,0.00017288496338100224,1.0003612699267619,0.9996697300732379,-0.0001299805029247869,0.00011949815725077696,0.00012640410246170437,0.0,0.4030508652763321,1.0,0.0,0.26162950903902266,"{'neutral': 1, 'negative': 0, 'positive': 0}",0.0,0.0,1.0,0.0
USDT,2023-01-25,1.00003,1.00029,1.0,1.00017,1.0001257142857143,1.0000414999999998,0.999935,1.0000880692335283,1.000008867405183,7.920182834530998e-05,7.391040425957939e-05,5.29142408573059e-06,58.441558441560964,1.0000414999999998,0.00015298004697919675,1.0003474600939581,0.9997355399060414,0.00014999700006002037,0.00011523849618359859,0.00012827001877055758,0.0,0.4030508652763321,1.0,0.0,0.26162950903902266,"{'neutral': 1, 'negative': 0, 'positive': 0}",0.0,0.0,1.0,0.0
USDT,2023-01-26,1.00016,1.00025,0.99997,1.00008,1.0001414285714285,1.0000615,0.9999366000000001,1.0000868278129855,1.0000141364862807,7.269132670484346e-05,7.366658874863221e-05,-9.752620437887506e-07,49.65517241379844,1.0000615,0.00012720786981220214,1.0003159157396244,0.9998070842603756,-8.99847026004652e-05,0.00012420606760507605,0.00012405813739660882,0.0,0.4030508652763321,1.0,0.0,0.26162950903902266,"{'neutral': 1, 'negative': 0, 'positive': 0}",0.0,0.0,1.0,0.0
USDT,2023-01-27,1.00009,1.00061,1.00001,1.00034,1.0001642857142856,1.0000905,0.9999419999999999,1.0001257773802186,1.000038274524334,8.7502855884658e-05,7.643384217583737e-05,1.106901370882063e-05,57.30994152047175,1.0000905,0.00012080758966665063,1.0003321151793334,0.9998488848206667,0.00025997920166376254,0.0001379138958230378,0.00012770297446988162,0.0,0.4030508652763321,1.0,0.0,0.26162950903902266,"{'neutral': 1, 'negative': 0, 'positive': 0}",0.0,0.0,1.0,0.0
USDT,2023-01-28,1.00035,1.00067,1.00014,1.00019,1.0001642857142856,1.0001060000000002,0.9999452,1.0001356577832619,1.0000495134484573,8.614433480458317e-05,7.837594070158654e-05,7.768394102996627e-06,53.84615384614869,1.0001060000000002,0.00011193983362781687,1.0003298796672557,0.9998821203327445,-0.00014994901733422772,0.00015284203859862726,0.00013140435998259815,0.0,0.4030508652763321,1.0,0.0,0.26162950903902266,"{'neutral': 1, 'negative': 0, 'positive': 0}",0.0,0.0,1.0,0.0
USDT,2023-01-29,1.0002,1.00029,1.0,1.00004,1.0001414285714285,1.0001085,0.9999464,1.0001209412012215,1.0000488087485715,7.21324526500311e-05,7.712724309127546e-05,-4.994790441244359e-06,42.774566473992486,1.0001085,0.0001097497154293832,1.000327999430859,0.9998890005691413,-0.0001499715054138484,0.00016273857993016652,0.00013467716487364443,0.0,0.4030508652763321,1.0,0.0,0.26162950903902266,"{'neutral': 1, 'negative': 0, 'positive': 0}",0.0,0.0,1.0,0.0
USDT,2023-01-30,1.00005,1.00011,0.99986,1.00007,1.00013,1.000105,0.9999437999999999,1.0001131040933413,1.0000503784708996,6.2725622441695e-05,7.424691896135937e-05,-1.1521296519664373e-05,51.677852348996836,1.000105,0.00010980844582123989,1.0003246168916424,0.9998853831083575,2.9998800048058882e-05,0.00016332192396890303,0.0001346501741858075,0.0,0.4030508652763321,1.0,0.0,0.26162950903902266,"{'neutral': 1, 'negative': 0, 'positive': 0}",0.0,0.0,1.0,0.0
USDT,2023-01-31,1.00006,1.00012,0.99987,1.00009,1.00014,1.000114,0.9999437999999999,1.0001095496174426,1.000053313398981,5.623621846151394e-05,7.064477886139028e-05,-1.440856039987634e-05,49.650349650347316,1.000114,9.991575417101369e-05,1.000313831508342,0.9999141684916579,1.999860009793686e-05,0.00015479028612723126,0.000134634370310884,0.0,0.4030508652763321,1.0,0.0,0.26162950903902266,"{'neutral': 1, 'negative': 0, 'positive': 0}",0.0,0.0,1.0,0.0
USDT,2023-02-01,1.00008,1.00056,0.9996,1.00006,1.0001242857142858,1.0001124999999997,0.9999498,1.0001019265993745,1.0000538087027602,4.8117896614296995e-05,6.613940241197162e-05,-1.8021505797674627e-05,54.198473282441185,1.0001124999999997,0.00010051839336782084,1.0003135367867353,0.9999114632132641,-2.9997300243000957e-05,0.00014208920799187188,0.0001329164396447349,0.0,0.4030508652763321,1.0,0.0,0.26162950903902266,"{'neutral': 1, 'negative': 0, 'positive': 0}",0.0,0.0,1.0,0.0
USDT,2023-02-02,1.00005,1.00028,1.00002,1.0002,1.0001414285714285,1.000118,0.9999524,1.0001170148148553,1.000064637687741,5.237712711436693e-05,6.338694735245068e-05,-1.1009820238083755e-05,58.04195804195739,1.000118,0.00010221751850565612,1.0003224350370115,0.9999135649629888,0.00013999160050404136,0.00014849457524776982,0.0001343291151852547,0.0,0.4030508652763321,1.0,0.0,0.26162950903902266,"{'neutral': 1, 'negative': 0, 'positive': 0}",0.0,0.0,1.0,0.0
USDT,2023-02-03,1.0002,1.00027,0.99993,1.00008,1.0001042857142857,1.0001194999999998,0.99995,1.0001113202279546,1.0000657756367972,4.5544591157353764e-05,5.98184761134313e-05,-1.4273884956077538e-05,46.26865671641741,1.0001194999999998,0.00010138384608678225,1.0003222676921735,0.9999167323078263,-0.00011997600479896064,0.00010917698631232085,0.0001365575348342672,0.0,0.4030508652763321,1.0,0.0,0.26162950903902266,"{'neutral': 1, 'negative': 0, 'positive': 0}",0.0,0.0,1.0,0.0
USDT,2023-02-04,1.00008,1.00019,1.00001,1.00008,1.0000885714285714,1.000109,0.9999495999999999,1.0001065017313462,1.0000668292933308,3.967243801539233e-05,5.578926849382351e-05,-1.611683047843118e-05,45.86466165414111,1.000109,9.335275506879127e-05,1.0002957055101376,0.9999222944898624,0.0,9.743020539195966e-05,0.00013643616204968309,0.0,0.4030508652763321,1.0,0.0,0.26162950903902266,"{'neutral': 1, 'negative': 0, 'positive': 0}",0.0,0.0,1.0,0.0
USDT,2023-02-05,1.00008,1.00037,1.00008,1.00025,1.0001185714285714,1.0001205,0.999952,1.0001285783880622,1.0000803974938248,4.818089423741512e-05,5.4267593642541836e-05,-6.086699405126719e-06,51.677852348997085,1.0001205,9.594269141953829e-05,1.000312385382839,0.9999286146171609,0.000169986401088007,9.898387976966926e-05,0.00013935267454619755,0.0,0.4030508652763321,1.0,0.0,0.26162950903902266,"{'neutral': 1, 'negative': 0, 'positive': 0}",0.0,0.0,1.0,0.0
USDT,2023-02-06,1.00026,1.00027,0.99996,1.00004,1.0001142857142857,1.0001175,0.9999502,1.000114950943745,1.0000774050868748,3.754585687021361e-05,5.0923246288076196e-05,-1.3377389417862585e-05,46.666666666664874,1.0001175,9.754216381152813e-05,1.000312584327623,0.9999224156723769,-0.00020994751312175541,0.0001342490925239459,0.00014491993370727372,0.0,0.4030508652763321,1.0,0.0,0.26162950903902266,"{'neutral': 1, 'negative': 0, 'positive': 0}",0.0,0.0,1.0,0.0
USDT,2023-02-07,1.00004,1.0001,0.9999,1.00007,1.0001114285714285,1.0001235,0.9999518,1.000108035413938,1.0000768565619211,3.117885201686654e-05,4.697436743383427e-05,-1.5795515416967726e-05,51.61290322581015,1.0001235,9.010374158352662e-05,1.000303707483167,0.9999432925168329,2.9998800048058882e-05,0.00013460322395146443,0.00014347380220444531,0.0,0.4030508652763321,1.0,0.0,0.26162950903902266,"{'neutral': 1, 'negative': 0, 'positive': 0}",0.0,0.0,1.0,0.0
USDT,2023-02-08,1.00006,1.00017,0.99995,1.00008,1.0001142857142857,1.0001289999999998,0.9999526,1.0001037222733322,1.0000770894091862,2.663286414605892e-05,4.29060667762792e-05,-1.627320263022028e-05,46.808510638299886,1.0001289999999998,8.334456086810155e-05,1.000295689121736,0.9999623108782636,9.999300049079451e-06,0.00013410673301320007,0.00014213759114578068,0.0,0.4030508652763321,1.0,0.0,0.26162950903902266,"{'neutral': 1, 'negative': 0, 'positive': 0}",0.0,0.0,1.0,0.0
USDT,2023-02-09,1.00007,1.00027,0.99986,1.0001,1.0001000000000002,1.0001250000000002,0.9999535999999999,1.0001031496158965,1.0000787864899872,2.4363125909365735e-05,3.919747860289651e-05,-1.4834352693530774e-05,50.746268656713205,1.0001250000000002,8.26851990509078e-05,1.0002903703981019,0.9999596296018983,1.9998400127896332e-05,0.00012065139265647078,0.00013945811469384954,0.0,0.4030508652763321,1.0,0.0,0.26162950903902266,"{'neutral': 1, 'negative': 0, 'positive': 0}",0.0,0.0,1.0,0.0
USDT,2023-02-10,1.0001,1.0003,0.99981,1.00015,1.00011,1.000123,0.99996,1.0001103573672971,1.000084061564803,2.629580249413621e-05,3.661714338114445e-05,-1.0321340887008242e-05,41.59292035398508,1.000123,8.15055699419638e-05,1.000286011139884,0.9999599888601162,4.999500049995831e-05,0.00011267362676138414,0.0001328404916980229,0.0,0.4030508652763321,1.0,0.0,0.26162950903902266,"{'neutral': 1, 'negative': 0, 'positive': 0}",0.0,0.0,1.0,0.0
USDT,2023-02-11,1.00015,1.00017,0.99999,1.00009,1.0001114285714288,1.0001175,0.9999637999999998,1.000107225464636,1.0000845014488917,2.2724015744213233e-05,3.383851785375821e-05,-1.1114502109544978e-05,45.1923076923079,1.0001175,7.972815678415965e-05,1.0002769563135683,0.9999580436864317,-5.9991001350012674e-05,0.00011579954424416679,0.00012930428860853012,0.0,0.4030508652763321,1.0,0.0,0.26162950903902266,"{'neutral': 1, 'negative': 0, 'positive': 0}",0.0,0.0,1.0,0.0
USDT,2023-02-12,1.0001,1.00024,0.99999,1.0001,1.00009,1.000115,0.9999672,1.0001061138546918,1.0000856494897146,2.0464364977268446e-05,3.116368727846026e-05,-1.0699322301191812e-05,53.333333333330046,1.000115,7.943882144532156e-05,1.0002738776428908,0.9999561223571094,9.999100081037327e-06,8.987413121629605e-05,0.00012931715359277584,0.0,0.4030508652763321,1.0,0.0,0.26162950903902266,"{'neutral': 1, 'negative': 0, 'positive': 0}",0.0,0.0,1.0,0.0
USDT,2023-02-13,1.0001,1.00281,1.00009,1.00054,1.0001614285714286,1.0001410000000002,0.9999806,1.0001728655693547,1.000119305083069,5.356048628568644e-05,3.5643047079905496e-05,1.791743920578094e-05,67.93893129770683,1.0001410000000002,0.00012095671272236584,1.000382913425445,0.9998990865745554,0.0004399560043994999,0.00016605801920480334,0.00015187565926255104,0.0,0.4030508652763321,1.0,0.0,0.26162950903902266,"{'neutral': 1, 'negative': 0, 'positive': 0}",0.0,0.0,1.0,0.0
USDT,2023-02-14,1.00055,1.00104,1.0,1.00041,1.00021,1.000153,0.9999928000000001,1.000209347789454,1.0001408380398786,6.850974957539613e-05,4.2216387579003624e-05,2.6293361996392504e-05,61.267605633804685,1.000153,0.00013506723485561334,1.0004231344697112,0.9998828655302888,-0.00012992983788751022,0.0001828589928274977,0.00014806047707430897,0.0,0.4030508652763321,1.0,0.0,0.26162950903902266,"{'neutral': 1, 'negative': 0, 'positive': 0}",0.0,0.0,1.0,0.0
USDT,2023-02-15,1.0004,1.00055,1.00006,1.00018,1.0002242857142858,1.000158,1.0000042,1.0002048327449227,1.0001437389258137,6.10938191090149e-05,4.5991873885005884e-05,1.5101945224009018e-05,53.703703703707,1.000158,0.0001340698954982326,1.0004261397909966,0.9998898602090036,-0.00022990573864711816,0.00021152855535605612,0.00014566848440973964,0.0,0.4030508652763321,1.0,0.0,0.26162950903902266,"{'neutral': 1, 'negative': 0, 'positive': 0}",0.0,0.0,1.0,0.0
USDT,2023-02-16,1.00019,1.0005,0.99997,1.00034,1.0002585714285714,1.000158,1.0000217999999998,1.0002256277072423,1.0001582767831607,6.735092408161059e-05,5.026368392432683e-05,1.7087240157283756e-05,54.268292682927495,1.000158,0.0001340698954982326,1.0004261397909966,0.9998898602090036,0.0001599712051829627,0.00021865262305581374,0.00014779799434303263,0.0,0.4030508652763321,1.0,0.5,0.26162950903902266,"{'neutral': 1, 'negative': 0, 'positive': 0}",0.0,0.0,1.0,0.0
USDT,2023-02-17,1.00034,1.00037,0.99982,1.0001,1.0002514285714286,1.0001535000000001,1.000033,1.0002063003676667,1.000153959984408,5.234038325863111e-05,5.067902379118769e-05,1.6613594674434179e-06,50.56818181817918,1.0001535000000001,0.00013444916877456965,1.0004223983375493,0.999884601662451,-0.00023991842773463112,0.00024145243853598502,0.00015196635748100643,0.0,0.4030508652763321,1.0,0.5,0.26162950903902266,"{'neutral': 1, 'negative': 0, 'positive': 0}",0.0,0.0,1.0,0.0
USDT,2023-02-18,1.0001,1.00029,1.0,1.00017,1.0002628571428571,1.00016,1.0000464,1.000200715695718,1.0001551481337112,4.556756200679857e-05,4.965673143430987e-05,-4.089169427511301e-06,52.459016393440244,1.00016,0.00013178930567171924,1.0004235786113433,0.9998964213886565,6.999300069998604e-05,0.00024170652653099524,0.0001524098477619195,0.0,0.4030508652763321,1.0,0.5,0.26162950903902266,"{'neutral': 1, 'negative': 0, 'positive': 0}",0.0,0.0,1.0,0.0
USDT,2023-02-19,1.00016,1.0003,0.99992,1.00022,1.00028,1.0001675,1.0000608,1.0002036825117613,1.0001599519756585,4.373053610273736e-05,4.847149236799537e-05,-4.7409562652580105e-06,49.12280701754477,1.0001675,0.00013066127374954553,1.000428822547499,0.999906177452501,4.99915014449126e-05,0.00024213871800419818,0.0001477782685807354,0.0,0.4030508652763321,1.0,0.5,0.26162950903902266,"{'neutral': 1, 'negative': 0, 'positive': 0}",0.0,0.0,1.0,0.0
USDT,2023-02-20,1.00023,1.0003,0.9999,1.00004,1.0002085714285716,1.000165,1.0000710000000002,1.0001785005868749,1.0001510666441282,2.743394274662414e-05,4.426398244372113e-05,-1.683003969709699e-05,50.0,1.000165,0.00013268482654281175,1.0004303696530856,0.9998996303469143,-0.00017996040871015584,0.00016175812475663733,0.0001514194361904781,0.0,0.4030508652763321,1.0,0.5,0.26162950903902266,"{'neutral': 1, 'negative': 0, 'positive': 0}",0.0,0.0,1.0,0.0
USDT,2023-02-21,1.00006,1.00049,0.99998,1.00017,1.0001742857142857,1.0001704999999999,1.000081,1.0001771928042786,1.0001524691149335,2.4723689345140798e-05,4.035592382400506e-05,-1.5632234478864265e-05,52.8089887640441,1.0001704999999999,0.00013036285406897675,1.0004312257081378,0.9999097742918619,0.0001299948002080331,0.00017534426001905823,0.00015340091749365387,0.0,0.4030508652763321,1.0,0.5,0.26162950903902266,"{'neutral': 1, 'negative': 0, 'positive': 0}",0.0,0.0,1.0,0.0
USDT,2023-02-22,1.00018,1.00035,0.99905,1.0,1.0001485714285714,1.0001605,1.0000886,1.000149932372851,1.00014117510642,8.757266431125288e-06,3.403619234542911e-05,-2.5278925914303824e-05,47.93814432989514,1.0001605,0.000135548593092788,1.0004315971861857,0.9998894028138144,-0.00016997110491212553,0.00016537884851189398,0.00015625990086189616,0.0,0.4030508652763321,1.0,0.5,0.26162950903902266,"{'neutral': 1, 'negative': 0, 'positive': 0}",0.0,0.0,1.0,0.0
USDT,2023-02-23,1.00001,1.00029,0.99996,1.00014,1.0001200000000001,1.0001635,1.000098,1.0001484043154893,1.0001410880615,7.316253989309018e-06,2.8692204674205094e-05,-2.1375950684896076e-05,50.97087378640856,1.0001635,0.0001343316792004096,1.0004321633584008,0.9998948366415992,0.000140000000000029,0.00016177489482482884,0.00015658711197824192,0.16,0.4030508652763321,1.0,0.54,0.26162950903902266,"{'positive': 1, 'negative': 0, 'neutral': 0}",0.0,0.0,1.0,0.0
USDT,2023-02-24,1.00014,1.00035,0.99995,0.99999,1.000104285714286,1.000159,1.0001048,1.0001240344207987,1.0001298963532408,-5.861932442119411e-06,2.1781377250940194e-05,-2.7643309693059604e-05,46.29629629629563,1.000159,0.00013871212156255628,1.0004364242431252,0.9998815757568749,-0.0001499790029395598,0.000144879280041593,0.0001565212332460061,0.16,0.4030508652763321,1.0,0.54,0.26162950903902266,"{'positive': 1, 'negative': 0, 'neutral': 0}",0.0,0.0,1.0,0.0
USDT,2023-02-25,0.99999,1.00019,0.99998,1.00007,1.00009,1.00015,1.0001126,1.0001157214329834,1.000125459586334,-9.738153350591361e-06,1.5477471130633883e-05,-2.5215624481225244e-05,49.54128440367183,1.00015,0.0001383359755887043,1.0004266719511774,0.9998733280488227,8.000080000791776e-05,0.00014591159921433462,0.00015645240995736234,0.16,0.4030508652763321,1.0,0.54,0.26162950903902266,"{'positive': 1, 'negative': 0, 'neutral': 0}",0.0,0.0,1.0,0.0
USDT,2023-02-26,1.00007,1.0002,0.99996,1.00006,1.0000671428571428,1.0001510000000002,1.0001186,1.000107148904832,1.0001206107280871,-1.3461823255012106e-05,9.689612253504685e-06,-2.315143550851679e-05,49.08256880733856,1.0001510000000002,0.00013756912151609312,1.0004261382430324,0.9998758617569681,-9.999300049079451e-06,0.00014324522461212687,0.00014852736240394932,0.16,0.4030508652763321,1.0,0.54,0.26162950903902266,"{'positive': 1, 'negative': 0, 'neutral': 0}",0.0,0.0,1.0,0.0
USDT,2023-02-27,1.00005,1.0002,0.99872,1.00005,1.0000685714285713,1.00015,1.000122,1.0000983567656272,1.0001153803037843,-1.7023538157134865e-05,4.346982171376775e-06,-2.137052032851164e-05,36.00000000000279,1.00015,0.0001382598622540113,1.0004265197245081,0.999873480275492,-9.999400035876072e-06,0.00012547789194109857,0.0001461367138797438,0.05,0.4030508652763321,1.0,0.55,0.26162950903902266,"{'positive': 1, 'negative': 0, 'neutral': 0}",0.0,0.0,1.0,0.0
USDT,2023-02-28,1.00005,1.00028,0.99945,1.00019,1.0000714285714285,1.0001555,1.000126,1.0001124557247614,1.0001209076886892,-8.451963927846862e-06,1.787192951532048e-06,-1.023915687937891e-05,43.749999999996064,1.0001555,0.00013751459266094117,1.000430529185322,0.9998804708146781,0.0001399930003498362,0.00012722985743339674,0.00014578280897116854,0.0,0.4030508652763321,1.0,0.4,0.26162950903902266,"{'neutral': 1, 'negative': 0, 'positive': 0}",0.0,0.0,1.0,0.0
USDT,2023-03-01,1.0002,1.00027,0.99993,1.00013,1.00009,1.0001570000000002,1.0001258,1.0001151548440288,1.0001215811932307,-6.426349201893444e-06,1.4448452084694948e-07,-6.570833722740394e-06,48.42767295597129,1.0001570000000002,0.0001370401402393058,1.0004310802804788,0.9998829197195216,-5.998860216549495e-05,0.00010760666707532759,0.00014617615680675883,0.0,0.4030508652763321,1.0,0.4,0.26162950903902266,"{'neutral': 1, 'negative': 0, 'positive': 0}",0.0,0.0,1.0,0.0
USDT,2023-03-02,1.00013,1.00021,0.9999,1.00009,1.000082857142857,1.000154,1.0001294,1.0001112848680243,1.000119241845584,-7.956977559731016e-06,-1.4758078952686436e-06,-6.4811696644623715e-06,41.49659863945213,1.000154,0.00013785575999256095,1.0004297115199852,0.9998782884800149,-3.999480067595762e-05,9.445756013607426e-05,0.00014633186788160887,0.0,0.4030508652763321,1.0,0.4,0.26162950903902266,"{'neutral': 1, 'negative': 0, 'positive': 0}",0.0,0.0,1.0,0.0
USDT,2023-03-03,1.00009,1.00045,0.9999,1.00006,1.0000928571428571,1.0001525,1.0001288,1.0001033948883282,1.0001148535607258,-1.1458672397601788e-05,-3.4723807957352723e-06,-7.986291601866515e-06,48.4126984126966,1.0001525,0.00013874911108286542,1.0004299982221658,0.9998750017778343,-2.9997300243000957e-05,7.256710534921355e-05,0.00014633186788160887,0.0,0.4030508652763321,1.0,0.4,0.26162950903902266,"{'neutral': 1, 'negative': 0, 'positive': 0}",0.0,0.0,1.0,0.0
USDT,2023-03-04,1.00007,1.00017,0.99993,1.00007,1.0000928571428571,1.000151,1.0001284,1.000098257213201,1.0001115310747462,-1.327386154525989e-05,-5.432676945640196e-06,-7.841184599619694e-06,45.833333333333336,1.000151,0.0001395066496621937,1.0004300132993245,0.9998719867006757,9.999400035987094e-06,6.582306665220399e-05,0.00014394913083959238,0.0,0.4030508652763321,1.0,0.4,0.26162950903902266,"{'neutral': 1, 'negative': 0, 'positive': 0}",0.0,0.0,1.0,0.0
USDT,2023-03-05,1.00008,1.00013,1.00002,1.00011,1.0001,1.0001295,1.0001296,1.0001000637957853,1.000111417661802,-1.1353866016694525e-05,-6.616914759851062e-06,-4.736951256843463e-06,45.37815126050115,1.0001295,0.00010535528880379205,1.0003402105776076,0.9999187894223923,3.999720019609576e-05,6.725395666072747e-05,0.00014247259176084864,0.0,0.4030508652763321,1.0,0.4,0.26162950903902266,"{'neutral': 1, 'negative': 0, 'positive': 0}",0.0,0.0,1.0,0.0
USDT,2023-03-06,1.00012,1.00035,0.99972,0.99994,1.0000842857142858,1.0001060000000002,1.0001226,1.0000754385964337,1.000098720057224,-2.328146079033644e-05,-9.949823965948139e-06,-1.33316368243883e-05,45.7627118644063,1.0001060000000002,9.092507056855007e-05,1.0002878501411372,0.999924149858863,-0.00016998130205680972,9.536054168519496e-05,0.00014585402834356993,0.0,0.4030508652763321,1.0,0.4,0.26162950903902266,"{'neutral': 1, 'negative': 0, 'positive': 0}",0.0,0.0,1.0,0.0
USDT,2023-03-07,0.99994,1.00008,0.99985,0.99995,1.00005,1.0000944999999999,1.0001212,1.0000561403508286,1.0000877037566889,-3.156340586030204e-05,-1.4272540344818919e-05,-1.729086551548312e-05,39.62264150943139,1.0000944999999999,9.550282462071421e-05,1.0002855056492412,0.9999034943507584,1.0000600035864338e-05,6.899917311552994e-05,0.0001421255019603595,0.0,0.4030508652763321,1.0,0.4,0.26162950903902266,"{'neutral': 1, 'negative': 0, 'positive': 0}",0.0,0.0,1.0,0.0
USDT,2023-03-08,0.99996,1.00008,0.99954,0.99994,1.000022857142857,1.0000745,1.000118,1.0000382726045474,1.000076762737675,-3.849013312762217e-05,-1.911605890137957e-05,-1.9374074226242602e-05,46.666666666668306,1.0000745,8.236472184911798e-05,1.0002392294436981,0.9999097705563017,-1.0000500024975878e-05,6.847989115336843e-05,0.0001370217868598223,0.0,0.4030508652763321,1.0,0.4,0.26162950903902266,"{'neutral': 1, 'negative': 0, 'positive': 0}",0.0,0.0,1.0,0.0
USDT,2023-03-09,1.0,1.00025,0.9994,1.0001,1.0000242857142858,1.0000744999999998,1.0001209999999998,1.0000477691269247,1.0000784840163657,-3.0714889440952575e-05,-2.143582500929417e-05,-9.279064431658404e-06,47.82608695651859,1.0000744999999998,8.236472184911798e-05,1.000239229443698,0.9999097705563015,0.00016000960057604985,9.770872906504063e-05,0.00014013272476443337,0.0,0.4030508652763321,1.0,0.4,0.26162950903902266,"{'neutral': 1, 'negative': 0, 'positive': 0}",0.0,0.0,1.0,0.0
USDT,2023-03-10,1.00015,1.00452,0.99983,1.00354,1.0005214285714286,1.000243,1.0001924,1.0005850354150903,1.000334892607746,0.00025014280734425576,3.287990146141581e-05,0.00021726290588283995,92.16152019002725,1.000243,0.0007800681481936556,1.0018031362963873,0.9986828637036127,0.0034396560343967764,0.0013011462973789507,0.000643310489936571,0.0,0.4030508652763321,1.0,0.4,0.26162950903902266,"{'neutral': 1, 'negative': 0, 'positive': 0}",0.0,0.0,1.0,0.0
USDT,2023-03-11,1.00356,1.02437,1.0029,1.00738,1.0015657142857144,1.000601,1.0003364,1.0016304145819994,1.0008567524145797,0.0007736621674196975,0.00018103635465307216,0.0005926258127666253,95.85947302384132,1.000601,0.0017760775824788512,1.0041531551649578,0.9970488448350424,0.003826454351595121,0.0017759731139682022,0.0009336982259927806,0.11,0.4030508652763321,1.0,0.78,0.26162950903902266,"{'positive': 1, 'negative': 0, 'neutral': 0}",0.0,0.0,1.0,0.0
USDT,2023-03-12,1.00772,1.01615,1.00518,1.00953,1.0029114285714287,1.0010755,1.0005232000000002,1.002845735415538,1.001499215198685,0.0013465202168529977,0.0004141331270930573,0.0009323870897599404,96.83481701286077,1.0010755,0.0026640283604533006,1.0064035567209066,0.9957474432790934,0.0021342492406044578,0.0017552610335287953,0.0009944679357350925,0.11,0.4030508652763321,1.0,0.78,0.26162950903902266,"{'positive': 1, 'negative': 0, 'neutral': 0}",0.0,0.0,1.0,0.0
USDT,2023-03-13,1.0073,1.01187,1.00133,1.00399,1.00349,1.0012665,1.0005990000000002,1.0030217761208398,1.0016837177765603,0.0013380583442794691,0.0005989181705303397,0.0007391401737491295,62.59590792838831,1.0012665,0.0027317688023531413,1.0067300376047064,0.9958029623952938,-0.005487702198052613,0.0031304730227639035,0.0014526172673849228,0.11,0.4030508652763321,1.0,0.78,0.26162950903902266,"{'positive': 1, 'negative': 0, 'neutral': 0}",0.0,0.0,1.0,0.0
USDT,2023-03-14,1.00399,1.01,1.00242,1.00412,1.0040857142857142,1.0014725,1.0006784,1.0031907336407107,1.0018641831264448,0.0013265505142658895,0.0007444446392774497,0.0005821058749884399,62.57197696737038,1.0014725,0.0027860401534935218,1.007044580306987,0.9959004196930129,0.00012948336138807193,0.0031271595771682737,0.0014524385237504483,0.11,0.4030508652763321,1.0,0.78,0.26162950903902266,"{'positive': 1, 'negative': 0, 'neutral': 0}",0.0,0.0,1.0,0.0
USDT,2023-03-15,1.00412,1.00615,1.00214,1.0042,1.0046942857142855,1.0016755000000002,1.000762,1.0033460053882937,1.0020372065985599,0.0013087987897337783,0.0008573154693687154,0.00045148332036506285,63.00319488817883,1.0016755000000002,0.002831383286633144,1.0073382665732664,0.9960127334267339,7.967175238032809e-05,0.003124432092294058,0.0014513169585043545,0.11,0.4030508652763321,1.0,0.78,0.26162950903902266,"{'positive': 1, 'negative': 0, 'neutral': 0}",0.0,0.0,1.0,0.0
USDT,2023-03-16,1.00419,1.00419,1.00109,1.00246,1.0050314285714286,1.001799,1.0008078,1.0032096968670177,1.002068524628296,0.0011411722387215661,0.0009140868232392856,0.00022708541548228055,56.82997118155607,1.001799,0.0028077653598236178,1.0074145307196474,0.9961834692803528,-0.0017327225652261635,0.0032494340482616293,0.0014899267243505413,0.14,0.4030508652763321,1.0,0.45,0.26162950903902266,"{'positive': 1, 'negative': 0, 'neutral': 0}",0.0,0.0,1.0,0.0
USDT,2023-03-17,1.00247,1.00307,1.0009,1.00299,1.0049528571428572,1.001945,1.0008659999999998,1.003175897349015,1.0021367820632372,0.0010391152857778252,0.0009390925157469936,0.00010002277003083159,58.20728291316537,1.001945,0.0027889830253741868,1.0075229660507485,0.9963670339492517,0.000528699399477528,0.0029602281953482407,0.0014911103387233904,0.0,0.4030508652763321,1.0,0.07,0.26162950903902266,"{'neutral': 1, 'negative': 0, 'positive': 0}",0.0,0.0,1.0,0.0
USDT,2023-03-18,1.003,1.00372,1.00209,1.00299,1.0043257142857143,1.0020915,1.0009190000000001,1.003147297756859,1.0021999833918862,0.0009473143649727511,0.0009407368855921451,6.577479380605973e-06,58.1838565022421,1.0020915,0.002761575208393703,1.0076146504167873,0.9965683495832125,0.0,0.002424655692553221,0.00149115453343404,0.0,0.4030508652763321,1.0,0.07,0.26162950903902266,"{'neutral': 1, 'negative': 0, 'positive': 0}",0.0,0.0,1.0,0.0
USDT,2023-03-19,1.003,1.00337,1.00259,1.00303,1.0033971428571429,1.0022405,1.0009758,1.0031292519481114,1.0022614661035985,0.0008677858445129694,0.0009261466773763101,-5.8360832863340716e-05,58.1838565022421,1.0022405,0.002725790035168735,1.0076920800703375,0.9967889199296626,3.988075653804657e-05,0.0021405482265041847,0.0014898990984089583,0.0,0.4030508652763321,1.0,0.07,0.26162950903902266,"{'neutral': 1, 'negative': 0, 'positive': 0}",0.0,0.0,1.0,0.0
USDT,2023-03-20,1.00301,1.00456,1.00208,1.00365,1.0033485714285715,1.0024135,1.001048,1.0032093670330173,1.0023643204662949,0.0008450465667224627,0.0009099266552455407,-6.488008852307799e-05,60.14215418261305,1.0024135,0.0026984620863770743,1.0078104241727541,0.9970165758272459,0.0006181270749627821,0.0007823495532394841,0.0014928942437742265,0.0,0.4030508652763321,1.0,0.07,0.26162950903902266,"{'neutral': 1, 'negative': 0, 'positive': 0}",0.0,0.0,1.0,0.0
USDT,2023-03-21,1.00366,1.00427,1.00235,1.00319,1.0032157142857143,1.0025665,1.0011104,1.003206387489476,1.002425481913236,0.0007809055762399986,0.0008841224394444323,-0.00010321686320443376,58.64461045891143,1.0025665,0.0026484618674229316,1.0078634237348458,0.997269576265154,-0.0004583271060627503,0.00079160051972813,0.0014965595390342122,0.05,0.4030508652763321,1.0,0.4,0.26162950903902266,"{'positive': 1, 'negative': 0, 'neutral': 0}",0.0,0.0,1.0,0.0
USDT,2023-03-22,1.0032,1.00331,1.00198,1.00274,1.003007142857143,1.002699,1.0011634,1.0031346355680182,1.0024487795492927,0.0006858560187255058,0.000844469155300647,-0.00015861313657514122,57.29927007299241,1.002699,0.002583536743554947,1.0078660734871099,0.9975319265128901,-0.0004485690646837126,0.0007932250092478311,0.001499093119437059,0.05,0.4030508652763321,1.0,0.4,0.26162950903902266,"{'positive': 1, 'negative': 0, 'neutral': 0}",0.0,0.0,1.0,0.0
USDT,2023-03-23,1.00274,1.00348,1.00172,1.00208,1.0029528571428572,1.0028000000000001,1.0012038,1.0029723839421691,1.0024214625456414,0.0005509213965277926,0.0007857596035460762,-0.0002348382070182836,55.03048780487825,1.0028000000000001,0.002513473168437706,1.0078269463368756,0.9977730536631247,-0.0006581965414762525,0.0004978690568321895,0.0015052796577246469,0.4833333333333334,0.07637626158259735,3.0,0.7733333333333333,0.20033305601755624,"{'positive': 3, 'negative': 0, 'neutral': 0}",0.0,0.0,1.0,0.0
USDT,2023-03-24,1.00207,1.00216,1.00089,1.00111,1.002684285714286,1.002852,1.001222,1.0026858633356817,1.00232431717189,0.0003615461637915818,0.0007009169155951774,-0.0003393707518035956,42.94015107495605,1.002852,0.0024642979143280337,1.007780595828656,0.9979234041713441,-0.0009679865878973182,0.0005264503440816797,0.0015165781703599945,0.45,0.07637626158259735,1.0,0.85,0.20033305601755624,"{'positive': 1, 'negative': 0, 'neutral': 0}",0.0,0.0,1.0,0.0
USDT,2023-03-25,1.00111,1.0015,1.00068,1.00097,1.0023957142857143,1.002895,1.0012398,1.0024218843609614,1.0022239973813798,0.00019788697958156298,0.0006003109283924546,-0.00040242394881089157,26.27683197631437,1.002895,0.002421057837530266,1.0077371156750605,0.9980528843249395,-0.00013984477230277736,0.0005171625883653108,0.0015167903637219218,0.45,0.07637626158259735,1.0,0.85,0.20033305601755624,"{'positive': 1, 'negative': 0, 'neutral': 0}",0.0,0.0,1.0,0.0
USDT,2023-03-26,1.00096,1.00114,1.0007,1.00113,1.0021242857142858,1.0029545,1.0012608,1.0022231329208136,1.0021429605383145,8.017238249902192e-05,0.000496283219213768,-0.0004161108367147461,13.541666666668164,1.0029545,0.0023584260474069888,1.007671352094814,0.998237647905186,0.00015984495039833568,0.0005316184571898433,0.0015165861208406258,0.45,0.07637626158259735,1.0,0.85,0.20033305601755624,"{'positive': 1, 'negative': 0, 'neutral': 0}",0.0,0.0,1.0,0.0
USDT,2023-03-27,1.00113,1.00113,0.99999,1.00047,1.00167,1.0029805,1.0012652,1.0019534201637652,1.0020190375354765,-6.561737171129067e-05,0.0003839031010287563,-0.000449520472740047,23.493975903616388,1.0029805,0.002326206478149024,1.0076329129562982,0.998328087043702,-0.0006592550418028642,0.00037048410569681564,0.0015218950153272222,0.45,0.07637626158259735,1.0,0.85,0.20033305601755624,"{'positive': 1, 'negative': 0, 'neutral': 0}",0.0,0.0,1.0,0.0
USDT,2023-03-28,1.00047,1.0005,0.99999,1.00039,1.0012699999999999,1.003003,1.0012722,1.0017128939847244,1.0018983680884042,-0.00018547410367975026,0.000270027660087055,-0.00045550176376680525,21.69954476479738,1.003003,0.002297245719284724,1.0075974914385695,0.9984085085614306,-7.996241766372592e-05,0.0003963105513319369,0.001521987374493184,0.45,0.07637626158259735,1.0,0.85,0.20033305601755624,"{'positive': 1, 'negative': 0, 'neutral': 0}",0.0,0.0,1.0,0.0
USDT,2023-03-29,1.00039,1.00043,0.99993,1.00019,1.0009057142857143,1.0030074999999998,1.0012746,1.0014786026024591,1.001771822304078,-0.0002932197016187743,0.00015737818774588916,-0.00045059788936466347,20.119225037259255,1.0030074999999998,0.00229134039145406,1.007590180782908,0.9984248192170917,-0.00019992203040808398,0.0004022403811458647,0.0015224774603197655,0.45,0.07637626158259735,1.0,0.85,0.20033305601755624,"{'positive': 1, 'negative': 0, 'neutral': 0}",0.0,0.0,1.0,0.0
USDT,2023-03-30,1.00019,1.0004,1.0,1.00028,1.0006485714285716,1.0028445,1.0012786,1.0012942022020808,1.0016613169482202,-0.00036711474613948525,5.247960096881428e-05,-0.00041959434710829954,28.458498023719073,1.0028445,0.0023661972044953556,1.0075768944089907,0.9981121055910092,8.99829032485755e-05,0.000410242397767972,0.0015223528211576701,0.45,0.07637626158259735,1.0,0.85,0.20033305601755624,"{'positive': 1, 'negative': 0, 'neutral': 0}",0.0,0.0,1.0,0.0
USDT,2023-03-31,1.00027,1.00058,0.99991,1.0002,1.0005185714285714,1.0024855,1.0012806,1.0011258634017606,1.001553071248352,-0.0004272078465914486,-4.345788854323831e-05,-0.0003837499580482103,19.73969631236659,1.0024855,0.002179134243837992,1.0068437684876759,0.998127231512324,-7.997760627032058e-05,0.0002653630765995789,0.0015223862217162167,0.45,0.07637626158259735,1.0,0.85,0.20033305601755624,"{'positive': 1, 'negative': 0, 'neutral': 0}",0.0,0.0,1.0,0.0
USDT,2023-04-01,1.0002,1.00064,1.00002,1.00036,1.0004314285714284,1.002027,1.0012848,1.0010080382630282,1.001464695600326,-0.00045665733729771674,-0.00012609777829413398,-0.00033055955900358275,22.43186582809308,1.002027,0.001467404080980591,1.0049618081619611,0.9990921918380388,0.0001599680063986142,0.00028681428905103694,0.0015226271587835626,0.45,0.07637626158259735,1.0,0.85,0.20033305601755624,"{'positive': 1, 'negative': 0, 'neutral': 0}",0.0,0.0,1.0,0.0
USDT,2023-04-02,1.00036,1.00069,1.00032,1.00062,1.0003585714285714,1.0018585,1.0012954,1.0009483400687162,1.0014021255558574,-0.0004537854871411451,-0.0001916353200635362,-0.00026215016707760886,25.851703406815787,1.0018585,0.0014229445933788502,1.0047043891867578,0.9990126108132423,0.0002599064336841206,0.00030319551387424185,0.0015232835819688094,0.5,0.07637626158259735,1.0,1.0,0.20033305601755624,"{'positive': 1, 'negative': 0, 'neutral': 0}",0.0,0.0,1.0,0.0
USDT,2023-04-03,1.00062,1.00063,0.99998,1.00039,1.0003471428571429,1.001672,1.0013012000000001,1.000862441596606,1.0013271532924606,-0.0004647116958544917,-0.0002462505952217273,-0.00021846110063276436,14.56521739131027,1.001672,0.0013536912498930103,1.004379382499786,0.9989646175002139,-0.00022985748835735453,0.0001852568444358378,0.0015239660157634247,0.5,0.07637626158259735,1.0,1.0,0.20033305601755624,"{'positive': 1, 'negative': 0, 'neutral': 0}",0.0,0.0,1.0,0.0
USDT,2023-04-04,1.0004,1.00072,1.00009,1.0005,1.000362857142857,1.0014869999999998,1.0013003999999999,1.0008066813509744,1.0012658826782042,-0.0004592013272297635,-0.0002888407416233346,-0.0001703605856064289,18.35294117647689,1.0014869999999998,0.0012378976235347355,1.0039627952470693,0.9990112047529304,0.0001099571167244573,0.00018743796066253763,0.0015240641948676822,0.5,0.07637626158259735,1.0,1.0,0.20033305601755624,"{'positive': 1, 'negative': 0, 'neutral': 0}",0.0,0.0,1.0,0.0
USDT,2023-04-05,1.0005,1.00079,1.00008,1.00036,1.0003871428571427,1.001382,1.0012994,1.0007379611431322,1.0011987802575963,-0.00046081911446416157,-0.0003232364161915,-0.00013758269827266156,19.79695431472743,1.001382,0.0012400831890751524,1.0038621663781504,0.9989018336218497,-0.00013993003498258272,0.00017701644794634912,0.0015239488913596894,0.5,0.07637626158259735,1.0,1.0,0.20033305601755624,"{'positive': 1, 'negative': 0, 'neutral': 0}",0.0,0.0,1.0,0.0
USDT,2023-04-06,1.00036,1.00099,1.00014,1.00035,1.000397142857143,1.00125,1.0013028000000002,1.0006782748134195,1.0011359076459225,-0.0004576328325029966,-0.00035011569945379937,-0.00010751713304919721,23.708206686937174,1.00125,0.0011997631345331719,1.0036495262690663,0.9988504737309336,-9.996401295397916e-06,0.00017485303773500193,0.00152395558161128,0.5,0.07637626158259735,1.0,1.0,0.20033305601755624,"{'positive': 1, 'negative': 0, 'neutral': 0}",0.0,0.0,1.0,0.0
USDT,2023-04-07,1.00036,1.0009,1.00033,1.00074,1.0004742857142856,1.0011375,1.0013108,1.0006877709959703,1.001106581153632,-0.0004188101576616532,-0.0003638545910953702,-5.4955566566283016e-05,43.17343173431934,1.0011375,0.0011315702876211968,1.0034006405752425,0.9988743594247577,0.00038986354775816245,0.0002191257774654909,0.001525482194819005,0.5,0.07637626158259735,1.0,1.0,0.20033305601755624,"{'positive': 1, 'negative': 0, 'neutral': 0}",0.0,0.0,1.0,0.0
USDT,2023-04-08,1.00074,1.00095,1.00037,1.00039,1.0004785714285716,1.0010055,1.0013166,1.0006419600735132,1.0010535010681778,-0.00041154099466456096,-0.00037339187180920837,-3.814912285535259e-05,40.06849315068688,1.0010055,0.0010502454600490342,1.0031059909200981,0.9989050090799019,-0.00034974119151831573,0.000266564222361072,0.0015267969795432013,0.5,0.07637626158259735,1.0,1.0,0.20033305601755624,"{'positive': 1, 'negative': 0, 'neutral': 0}",0.0,0.0,1.0,0.0
USDT,2023-04-09,1.0004,1.00095,1.00037,1.00067,1.0004857142857142,1.0008564999999998,1.0013266,1.0006462739083575,1.001025093581646,-0.00037881967328856625,-0.00037447743210508,-4.342241183486275e-06,42.434210526315184,1.0008564999999998,0.0008470523192914319,1.0025506046385826,0.9991623953614169,0.0002798908425714064,0.00026984468845566627,0.00138445385657338,0.5,0.07637626158259735,1.0,1.0,0.20033305601755624,"{'positive': 1, 'negative': 0, 'neutral': 0}",0.0,0.0,1.0,0.0
USDT,2023-04-10,1.0007,1.0009,1.00022,1.00082,1.0005471428571429,1.000738,1.0013386,1.0006730009993794,1.001009901464487,-0.00033690046510770344,-0.00036696203870560467,3.0061573597901228e-05,56.91699604743065,1.000738,0.0006451323813853197,1.0020282647627705,0.9994477352372293,0.00014989956728994613,0.00025182163761212906,0.0011717904616009636,0.1,0.07637626158259735,1.0,0.4,0.20033305601755624,"{'positive': 1, 'negative': 0, 'neutral': 0}",0.0,0.0,1.0,0.0
USDT,2023-04-11,1.00081,1.00122,1.00056,1.00099,1.0006171428571429,1.0006504999999999,1.0013576,1.000721770076398,1.0010084272819324,-0.0002866572055344463,-0.000350901072071373,6.42438665369267e-05,61.45038167939006,1.0006504999999999,0.00044780723065600465,1.0015461144613118,0.9997548855386879,0.0001698607142144315,0.00025474682412188866,0.0010877375832215523,0.1,0.07637626158259735,1.0,0.4,0.20033305601755624,"{'positive': 1, 'negative': 0, 'neutral': 0}",0.0,0.0,1.0,0.0
USDT,2023-04-12,1.00098,1.00145,1.00056,1.00078,1.0006771428571428,1.0005855000000001,1.0013698,1.0007307285261828,1.00099150674253,-0.00026077821634706844,-0.0003328765009265121,7.209828457944366e-05,61.21673003802208,1.0005855000000001,0.0002990242905754883,1.001183548581151,0.9999874514188491,-0.0002097923056174622,0.00026548335788181756,0.0004659183834589258,0.1,0.07637626158259735,1.0,0.4,0.20033305601755624,"{'positive': 1, 'negative': 0, 'neutral': 0}",0.0,0.0,1.0,0.0
USDT,2023-04-13,1.00078,1.00137,1.0006,1.00096,1.0007642857142858,1.000578,1.001389,1.0007660010606163,1.00098917290975,-0.00022317184913367427,-0.00031093557056794454,8.776372143427027e-05,62.49999999999796,1.000578,0.0002868082066587702,1.0011516164133174,1.0000043835866825,0.0001798597094266885,0.000266835412723789,0.0004668884895663688,0.3,0.07637626158259735,1.0,0.1,0.20033305601755624,"{'positive': 1, 'negative': 0, 'neutral': 0}",0.0,0.0,1.0,0.0
USDT,2023-04-14,1.00096,1.0011,1.00055,1.00083,1.0007771428571428,1.000571,1.0014028,1.0007758470512906,1.0009773823238426,-0.0002015352725519559,-0.00028905551096474684,8.752023841279092e-05,61.37184115523544,1.000571,0.0002783201489320728,1.0011276402978642,1.000014359702136,-0.00012987531969310684,0.000239461369506609,0.00046559680096577936,0.3,0.07637626158259735,1.0,0.1,0.20033305601755624,"{'positive': 1, 'negative': 0, 'neutral': 0}",0.0,0.0,1.0,0.0
USDT,2023-04-15,1.00085,1.001,1.00067,1.0009,1.00085,1.0005595,1.001421,1.0007949475049382,1.0009716502998542,-0.00017670279491599494,-0.00026658496775499647,8.988217283900152e-05,60.07462686567047,1.0005595,0.0002580182572824195,1.001075536514565,1.0000434634854352,6.994194818288335e-05,0.00017825888661855707,0.00035157075361574777,0.3,0.07637626158259735,1.0,0.1,0.20033305601755624,"{'positive': 1, 'negative': 0, 'neutral': 0}",0.0,0.0,1.0,0.0
USDT,2023-04-16,1.00089,1.00092,1.00065,1.00067,1.00085,1.0005695,1.001433,1.000775724811871,1.0009493058331984,-0.00017358102132747355,-0.0002479841784694919,7.440315714201832e-05,50.94339622641288,1.0005695,0.000258242542127985,1.001085985084256,1.0000530149157438,-0.00022979318613247646,0.00018359795332613307,0.00033527674684043934,0.3,0.07637626158259735,1.0,0.1,0.20033305601755624,"{'positive': 1, 'negative': 0, 'neutral': 0}",0.0,0.0,1.0,0.0
USDT,2023-04-17,1.00067,1.00117,1.00035,1.00059,1.0008171428571428,1.0005795000000002,1.0014436,1.0007471517638908,1.000922690586295,-0.00017553882240406438,-0.00023349510725640638,5.7956284852342e-05,54.000000000004434,1.0005795000000002,0.0002547749265455381,1.0010890498530913,1.000069950146909,-7.994643588782324e-05,0.00017254488196796435,0.00033496008485262415,0.3,0.07637626158259735,1.0,0.1,0.20033305601755624,"{'positive': 1, 'negative': 0, 'neutral': 0}",0.0,0.0,1.0,0.0
USDT,2023-04-18,1.00059,1.00073,0.99934,1.00017,1.0007000000000001,1.0005785,1.001446,1.0006583591848308,1.0008669357280509,-0.00020857654322004038,-0.0002285113944491332,1.9934851229092817e-05,44.1281138790041,1.0005785,0.00025641814131663744,1.0010913362826332,1.0000656637173668,-0.00041975234611590917,0.00019899891085949713,0.00033977435871471634,0.3,0.07637626158259735,1.0,0.1,0.20033305601755624,"{'positive': 1, 'negative': 0, 'neutral': 0}",0.0,0.0,1.0,0.0
USDT,2023-04-19,1.00015,1.00158,1.00015,1.00055,1.0006671428571428,1.000592,1.0014532,1.0006416885410108,1.0008434590074544,-0.00020177046644365149,-0.00022316320884803686,2.1392742404385378e-05,53.114754098363086,1.000592,0.00024680271267904226,1.001085605425358,1.0000983945746418,0.0003799354109801367,0.0002665568785255945,0.00032499424621217505,0.3,0.07637626158259735,1.0,0.1,0.20033305601755624,"{'positive': 1, 'negative': 0, 'neutral': 0}",0.0,0.0,1.0,0.0
USDT,2023-04-20,1.00039,1.00088,0.99963,1.00008,1.0005414285714287,1.000586,1.0014522,1.0005552749193167,1.0007869064883836,-0.00023163156906691462,-0.00022485688089181243,-6.77468817510219e-06,46.15384615384615,1.000586,0.00025803712510627064,1.0011020742502126,1.0000699257497874,-0.00046974164209678815,0.00029203895972258536,0.00032543090255519256,0.3,0.07637626158259735,1.0,0.1,0.20033305601755624,"{'positive': 1, 'negative': 0, 'neutral': 0}",0.0,0.0,1.0,0.0
USDT,2023-04-21,1.00007,1.00033,0.99928,0.99989,1.0004071428571428,1.0005625,1.0014482,1.0004529249317295,1.0007204689707256,-0.0002675440389960926,-0.00023339431251266846,-3.414972648342412e-05,37.16012084592176,1.0005625,0.0002980087424300411,1.00115851748486,0.99996648251514,-0.00018998480121601435,0.00029306738183988544,0.00031934202143034623,0.3,0.07637626158259735,1.0,0.1,0.20033305601755624,"{'positive': 1, 'negative': 0, 'neutral': 0}",0.0,0.0,1.0,0.0
USDT,2023-04-22,0.99989,1.0001,0.99963,1.00009,1.0002914285714286,1.0005359999999999,1.0014488,1.000397090326848,1.0006737675654866,-0.00027667723863866733,-0.00024205089773786826,-3.4626340900799075e-05,45.25316455696263,1.0005359999999999,0.00031566804689093917,1.0011673360937818,0.999904663906218,0.0002000220024203081,0.00031170015045903763,0.00030526361836013573,0.3,0.07637626158259735,1.0,0.1,0.20033305601755624,"{'positive': 1, 'negative': 0, 'neutral': 0}",0.0,0.0,1.0,0.0
USDT,2023-04-23,1.00009,1.00033,0.99999,1.00005,1.0002028571428572,1.0005190000000002,1.0014484000000001,1.0003436918150252,1.0006275625606358,-0.00028387074561053716,-0.00025041486731240204,-3.345587829813512e-05,39.383561643837616,1.0005190000000002,0.0003326433209698583,1.0011842866419398,0.9998537133580604,-3.999640032381624e-05,0.00030834907544156323,0.0002533349193510308,0.3,0.07637626158259735,1.0,0.1,0.20033305601755624,"{'positive': 1, 'negative': 0, 'neutral': 0}",0.0,0.0,1.0,0.0
USDT,2023-04-24,1.00005,1.00034,0.99989,1.00002,1.0001214285714286,1.0004950000000001,1.0014466,1.0002938930742522,1.0005825579265146,-0.00028866485226242133,-0.0002580648643024059,-3.0599987960015416e-05,35.71428571428288,1.0004950000000001,0.00035090109573197983,1.0011968021914641,0.9997931978085361,-2.9998500075234524e-05,0.0003091567201805566,0.0002525641619376205,0.24,0.07637626158259735,1.0,0.35,0.20033305601755624,"{'positive': 1, 'negative': 0, 'neutral': 0}",0.0,0.0,1.0,0.0
USDT,2023-04-25,1.00003,1.00047,0.99988,1.00023,1.00013,1.0004885,1.0014524,1.000284063370521,1.0005564425245506,-0.00027237915402955615,-0.00026092772224783596,-1.1451431781720183e-05,36.61971830985728,1.0004885,0.00035471671430448105,1.0011979334286087,0.9997790665713909,0.00020999580008407293,0.00028495342975562655,0.00025403682316645743,0.6,0.07637626158259735,1.0,0.95,0.20033305601755624,"{'positive': 1, 'negative': 0, 'neutral': 0}",0.0,0.0,1.0,0.0
USDT,2023-04-26,1.00024,1.00051,0.9998,1.00032,1.0000971428571428,1.0004870000000001,1.0014598,1.0002895920827486,1.0005389282634727,-0.00024933618072409125,-0.00025860941394308703,9.273233218995783e-06,41.54411764706074,1.0004870000000001,0.00035539599861003125,1.0011977919972201,0.9997762080027801,8.99793047599573e-05,0.00023941433322961536,0.0002252316772197364,0.6,0.07637626158259735,1.0,0.95,0.20033305601755624,"{'positive': 1, 'negative': 0, 'neutral': 0}",0.0,0.0,1.0,0.0
USDT,2023-04-27,1.00032,1.00055,1.00008,1.00033,1.0001328571428572,1.0004665,1.0014676,1.0002958086854026,1.000523452095808,-0.00022764341040537595,-0.0002524162132355448,2.477280283016888e-05,37.64705882352603,1.0004665,0.0003518413967395463,1.001170182793479,0.9997628172065208,9.996801023426372e-06,0.0001425760085835899,0.0002247973002542247,0.6,0.07637626158259735,1.0,0.95,0.20033305601755624,"{'positive': 1, 'negative': 0, 'neutral': 0}",0.0,0.0,1.0,0.0
USDT,2023-04-28,1.00033,1.00086,1.0002,1.00077,1.0002585714285714,1.0004855,1.001481,1.0003687611953407,1.0005417149035258,-0.00017295370818515288,-0.00023652371222546644,6.357000404031356e-05,48.95104895104591,1.0004855,0.0003577043031046748,1.0012009086062092,0.9997700913937906,0.00043985484790010076,0.00017208686200101376,0.0002354648772323585,0.6,0.07637626158259735,1.0,0.95,0.20033305601755624,"{'positive': 1, 'negative': 0, 'neutral': 0}",0.0,0.0,1.0,0.0
USDT,2023-04-29,1.00076,1.00087,1.00053,1.00059,1.0003300000000002,1.0004815,1.001422,1.0004027979345191,1.0005452915773387,-0.00014249364281959664,-0.0002177176983442925,7.522405552469585e-05,44.78114478114783,1.0004815,0.0003559756792943629,1.0011934513585887,0.9997695486414113,-0.00017986150663973355,0.0002020340188144155,0.00023781600567388426,0.6,0.07637626158259735,1.0,0.95,0.20033305601755624,"{'positive': 1, 'negative': 0, 'neutral': 0}",0.0,0.0,1.0,0.0
USDT,2023-04-30,1.00058,1.0007,1.00033,1.00057,1.0004042857142856,1.000469,1.0012858,1.0004285213292086,1.0005471218308692,-0.0001186005016606817,-0.00019789425900757036,7.929375734688865e-05,48.18840579710171,1.000469,0.00034775823428390915,1.0011645164685679,0.9997734835314322,-1.9988206958032606e-05,0.00020032929200905754,0.00023728185985091326,0.6,0.07637626158259735,1.0,0.95,0.20033305601755624,"{'positive': 1, 'negative': 0, 'neutral': 0}",0.0,0.0,1.0,0.0
USDT,2023-05-01,1.00056,1.00058,0.99981,1.00026,1.0004385714285715,1.0004325,1.0011004,1.0004025949708688,1.000525853547101,-0.00012325857623229908,-0.00018296712245251612,5.970854622021704e-05,44.48160535116833,1.0004325,0.0003279421483588711,1.0010883842967178,0.9997766157032824,-0.00030982340066165737,0.00024707213997001055,0.0002426456971499814,0.6,0.07637626158259735,1.0,0.95,0.20033305601755624,"{'positive': 1, 'negative': 0, 'neutral': 0}",0.0,0.0,1.0,0.0
USDT,2023-05-02,1.00028,1.00073,0.99989,1.00061,1.000492857142857,1.000424,1.0010328,1.000434503436889,1.0005320866176861,-9.758318079700068e-05,-0.00016589033412141304,6.830715332441237e-05,57.53424657534174,1.000424,0.0003205817081768975,1.0010651634163539,0.9997828365836462,0.00034990902365383825,0.00026839312630038114,0.0002465374531858467,0.6,0.07637626158259735,1.0,0.95,0.20033305601755624,"{'positive': 1, 'negative': 0, 'neutral': 0}",0.0,0.0,1.0,0.0
USDT,2023-05-03,1.00062,1.00066,1.00006,1.00027,1.0004857142857142,1.0003895,1.0009558,1.0004091952158292,1.0005126727941538,-0.0001034775783246289,-0.0001534077829620562,4.9930204637427315e-05,45.138888888888246,1.0003895,0.0002960525380770821,1.0009816050761542,0.9997973949238459,-0.00033979272643691605,0.0003054654730140352,0.00025084654922120247,0.6,0.07637626158259735,1.0,0.95,0.20033305601755624,"{'positive': 1, 'negative': 0, 'neutral': 0}",0.0,0.0,1.0,0.0
USDT,2023-05-04,1.00027,1.00054,1.00012,1.00036,1.0004899999999999,1.000366,1.0008789999999999,1.0004016267210862,1.0005013636982905,-9.973697720422336e-05,-0.00014267362181048966,4.29366446062663e-05,55.59999999999634,1.000366,0.0002773065945973435,1.0009206131891948,0.9998113868108054,8.997570655910891e-05,0.0003076991598676267,0.00025055998767614017,0.6,0.07637626158259735,1.0,0.95,0.20033305601755624,"{'positive': 1, 'negative': 0, 'neutral': 0}",0.0,0.0,1.0,0.0
USDT,2023-05-05,1.00037,1.00095,1.00024,1.00091,1.00051,1.0003665,1.000848,1.0004798379947653,1.0005316330539726,-5.1795059207382366e-05,-0.0001244979092898682,7.270285008248583e-05,67.83216783216767,1.0003665,0.000278327240259257,1.0009231544805184,0.9998098455194814,0.0005498020712544349,0.0003352125572633318,0.0002687048116372165,0.6,0.07637626158259735,1.0,0.95,0.20033305601755624,"{'positive': 1, 'negative': 0, 'neutral': 0}",0.0,0.0,1.0,0.0
USDT,2023-05-06,1.00091,1.00183,1.00085,1.00174,1.0006742857142856,1.0004199999999999,1.000823,1.0006737090724938,1.0006211417166413,5.256735585246197e-05,-8.908485626140217e-05,0.00014165221211386416,73.63896848137607,1.0004199999999999,0.00041096804849134495,1.0012419360969826,0.9995980639030172,0.000829245386698263,0.0004365782782893234,0.0003066574464732255,0.6,0.07637626158259735,1.0,0.95,0.20033305601755624,"{'positive': 1, 'negative': 0, 'neutral': 0}",0.0,0.0,1.0,0.0
USDT,2023-05-07,1.00174,1.00175,1.00117,1.00118,1.0007614285714286,1.0004495,1.0007868,1.0007515999844179,1.0006625386265198,8.906135789810143e-05,-5.345561342950145e-05,0.00014251697132760288,64.08977556109363,1.0004495,0.00044368641135105765,1.0013368728227021,0.9995621271772979,-0.0005590272925111162,0.0005149782922332222,0.000318701933447869,0.6,0.07637626158259735,1.0,0.95,0.20033305601755624,"{'positive': 1, 'negative': 0, 'neutral': 0}",0.0,0.0,1.0,0.0
USDT,2023-05-08,1.00117,1.00164,1.00061,1.00076,1.0008328571428573,1.000479,1.0007414,1.0007528922945075,1.0006697579875183,8.313430698914104e-05,-2.6137629345772955e-05,0.00010927193633491399,58.40909090909266,1.000479,0.0004437388990892216,1.0013664777981783,0.9995915222018215,-0.0004195049841185794,0.0005305054421374497,0.00032169332970660735,0.6,0.07637626158259735,1.0,0.95,0.20033305601755624,"{'positive': 1, 'negative': 0, 'neutral': 0}",0.0,0.0,1.0,0.0
USDT,2023-05-09,1.00075,1.0012,1.00064,1.001,1.0008885714285713,1.0005015,1.0006884,1.0007909088645832,1.0006942203588132,9.66885057700484e-05,-1.5724023226086844e-06,9.826090809265708e-05,58.69074492099265,1.0005015,0.0004586854787974272,1.0014188709575949,0.9995841290424051,0.00023981773851855515,0.0005224473420614624,0.00032062564941702683,0.6,0.07637626158259735,1.0,0.95,0.20033305601755624,"{'positive': 1, 'negative': 0, 'neutral': 0}",0.0,0.0,1.0,0.0
USDT,2023-05-10,1.00045,1.0016,1.0004,1.0009,1.0009785714285715,1.0005425000000001,1.0006426,1.0008076921161857,1.0007094632951974,9.822882098831087e-05,1.8387842339575226e-05,7.984097864873564e-05,56.53153153152964,1.0005425000000001,0.0004556646389576818,1.0014538292779154,0.9996311707220847,-9.990009990012982e-05,0.000499539925200748,0.00032013840854540245,0.0,0.07637626158259735,1.0,0.12,0.20033305601755624,"{'neutral': 1, 'negative': 0, 'positive': 0}",0.0,0.0,1.0,0.0
USDT,2023-05-11,1.001,1.001,1.0009,1.001,1.00107,1.000598,1.0006078,1.0008372779444648,1.0007309845325902,0.00010629341187451402,3.5968956246562984e-05,7.032445562795103e-05,57.39514348785828,1.000598,0.00043931286062688966,1.001476625721254,0.9997193742787464,9.991008092713471e-05,0.0004995537628632295,0.00031913219380999287,0.0,0.07637626158259735,1.0,0.12,0.20033305601755624,"{'neutral': 1, 'negative': 0, 'positive': 0}",0.0,0.0,1.0,0.0
USDT,2023-05-12,1.001,1.001,1.0002,1.0008,1.0010542857142857,1.0006335,1.0005822,1.0008315428760857,1.0007360967894354,9.544608665024157e-05,4.786438232729871e-05,4.758170432294286e-05,50.349650349650055,1.0006335,0.00042454030871365094,1.0014825806174272,0.9997844193825727,-0.00019980019980014863,0.0004640102739093766,0.0003189104132396216,0.0,0.07637626158259735,1.0,0.12,0.20033305601755624,"{'neutral': 1, 'negative': 0, 'positive': 0}",0.0,0.0,1.0,0.0
USDT,2023-05-13,1.0007,1.0008,1.0005,1.0005,1.0008771428571428,1.0006559999999998,1.00057,1.0007805362797648,1.000718608138366,6.192814139871494e-05,5.067713414158196e-05,1.1251007257132982e-05,48.97959183673305,1.0006559999999998,0.00040338567158300506,1.0014627713431659,0.9998492286568338,-0.0002997601918465209,0.00028186993774704513,0.0003216303646086273,0.0,0.07637626158259735,1.0,0.12,0.20033305601755624,"{'neutral': 1, 'negative': 0, 'positive': 0}",0.0,0.0,1.0,0.0
USDT,2023-05-14,1.0006,1.0006,1.0005,1.0006,1.0007942857142857,1.000685,1.0005625999999999,1.0007527614674934,1.000709822350339,4.2939117154361384e-05,4.9129530744137844e-05,-6.190413589776461e-06,50.33407572383046,1.000685,0.0003751140178055787,1.0014352280356111,0.9999347719643888,9.995002498741634e-05,0.0002398910057786771,0.0003215435942282236,0.1,0.07637626158259735,1.0,0.4,0.20033305601755624,"{'positive': 1, 'negative': 0, 'neutral': 0}",0.0,0.0,1.0,0.0
USDT,2023-05-15,1.0005,1.0008,1.0005,1.0007,1.0007857142857142,1.0007085,1.0005540000000002,1.0007446443186483,1.0007090947688324,3.55495498158831e-05,4.6413534558486896e-05,-1.08639847426038e-05,55.140186915888,1.0007085,0.0003595066063905471,1.001427513212781,0.9999894867872189,9.994003597846302e-05,0.00019438678003964998,0.0003218395931379164,0.3,0.07637626158259735,1.0,0.1,0.20033305601755624,"{'positive': 1, 'negative': 0, 'neutral': 0}",0.0,0.0,1.0,0.0
USDT,2023-05-16,1.00042,1.0008,1.00013,1.0004,1.0007,1.0007125,1.0005526,1.0006916221157793,1.00068619886003,5.423255749370526e-06,3.8215478796663625e-05,-3.27922230472931e-05,47.51773049645323,1.0007125,0.0003553778567821649,1.0014232557135643,1.0000017442864355,-0.0002997901468971831,0.00018630444760221626,0.00032376137213846625,0.3,0.07637626158259735,1.0,0.1,0.20033305601755624,"{'positive': 1, 'negative': 0, 'neutral': 0}",0.0,0.0,1.0,0.0
USDT,2023-05-17,1.0004,1.0005,1.0004,1.0005,1.0006428571428572,1.000721,1.0005548,1.0006621417902748,1.0006724063518795,-1.0264561604689248e-05,2.851947071639305e-05,-3.87840323210823e-05,52.882205513784065,1.000721,0.00034769769088818103,1.0014163953817763,1.0000256046182237,9.996001599366089e-05,0.00019865888636954088,0.0003240669041886095,0.7,0.07637626158259735,1.0,0.5,0.20033305601755624,"{'positive': 1, 'negative': 0, 'neutral': 0}",0.0,0.0,1.0,0.0
USDT,2023-05-18,1.0005,1.0005,1.0003,1.0004,1.000557142857143,1.0007025,1.000559,1.0006218122840786,1.0006522281035921,-3.041581951346295e-05,1.6732412670421853e-05,-4.7148232183884806e-05,50.50000000000053,1.0007025,0.0003547256167749408,1.00141195123355,0.9999930487664501,-9.995002498752736e-05,0.00018631337532451449,0.00031501699757295376,0.7,0.07637626158259735,1.0,0.5,0.20033305601755624,"{'positive': 1, 'negative': 0, 'neutral': 0}",0.0,0.0,1.0,0.0
USDT,2023-05-19,1.0004,1.0005,0.99986,1.00029,1.0004842857142857,1.0006875,1.0005592,1.0005707642403743,1.000625396392215,-5.463215184065007e-05,2.4594997682074696e-06,-5.7091651608857535e-05,41.29213483145924,1.0006875,0.0003659001158449218,1.0014193002316898,0.9999556997683101,-0.00010995601759300477,0.00018012998235389835,0.00030766818910615444,0.7,0.07637626158259735,1.0,0.5,0.20033305601755624,"{'positive': 1, 'negative': 0, 'neutral': 0}",0.0,0.0,1.0,0.0
USDT,2023-05-20,1.0005,1.0011,1.0004,1.0009,1.0005414285714285,1.000704,1.0005731999999998,1.0006214158957012,1.000645737400199,-2.4321504497715196e-05,-2.8967010849770638e-06,-2.1424803412738132e-05,37.42514970059498,1.000704,0.0003677585020471198,1.0014395170040942,0.9999684829959058,0.0006098231512861041,0.00028605193165316873,0.00031492286205304774,0.7,0.07637626158259735,1.0,0.5,0.20033305601755624,"{'positive': 1, 'negative': 0, 'neutral': 0}",0.0,0.0,1.0,0.0
USDT,2023-05-21,1.001,1.001,1.0005,1.0006,1.0005414285714285,1.000721,1.000578,1.0006181211425165,1.0006423494446286,-2.422830211212812e-05,-7.163021290407276e-06,-1.7065280821720844e-05,40.58441558441374,1.000721,0.0003537453738384879,1.001428490747677,1.000013509252323,-0.00029973024278151517,0.0003145517876724843,0.00031815553930831625,0.7,0.07637626158259735,1.0,0.5,0.20033305601755624,"{'positive': 1, 'negative': 0, 'neutral': 0}",0.0,0.0,1.0,0.0
USDT,2023-05-22,1.0005,1.0006,1.0005,1.0005,1.0005128571428572,1.0007154999999999,1.0005756,1.0005999486590524,1.0006318050413228,-3.185638227032328e-05,-1.2101693486390478e-05,-1.9754688783932804e-05,45.28985507246047,1.0007154999999999,0.0003564071445271977,1.0014283142890543,1.0000026857109454,-9.994003597835199e-05,0.0003130405927361732,0.0003171353283408262,0.7,0.07637626158259735,1.0,0.5,0.20033305601755624,"{'positive': 1, 'negative': 0, 'neutral': 0}",0.0,0.0,1.0,0.0
USDT,2023-05-23,1.00015,1.00029,0.99978,1.00006,1.0004642857142856,1.000705,1.0005689999999998,1.000516879634583,1.000589449112336,-7.256947775302613e-05,-2.419525033971761e-05,-4.837422741330853e-05,34.12162162162183,1.000705,0.0003729328993356395,1.0014508657986712,0.9999591342013286,-0.0004397801099450538,0.0003368274857403203,0.00032769372157440374,0.5,0.07637626158259735,1.0,0.5,0.20033305601755624,"{'positive': 1, 'negative': 0, 'neutral': 0}",0.0,0.0,1.0,0.0
USDT,2023-05-24,1.00006,1.0002,0.9971,0.99994,1.0003842857142857,1.000684,1.0005578,1.0004281289215702,1.0005413417706814,-0.00011321284911125495,-4.199877009402508e-05,-7.121407901722988e-05,33.89261744966565,1.000684,0.00040392026315331484,1.0014918405263065,0.9998761594736932,-0.00011999280043184513,0.0003308754676812171,0.00032839262714793384,-0.25,0.07637626158259735,1.0,0.25,0.20033305601755624,"{'negative': 1, 'neutral': 0, 'positive': 0}",0.0,0.0,1.0,0.0
USDT,2023-05-25,0.99995,1.00012,0.9998,1.00002,1.00033,1.0006395,1.000551,1.0003653398567132,1.000502723861742,-0.00013738400502893988,-6.107581708100804e-05,-7.630818794793184e-05,33.4459459459442,1.0006395,0.00042612667999895567,1.0014917533599978,0.999787246640002,8.000480028780288e-05,0.00033601199580760987,0.00032634175745748694,-0.25,0.07637626158259735,1.0,0.25,0.20033305601755624,"{'negative': 1, 'neutral': 0, 'positive': 0}",0.0,0.0,1.0,0.0
USDT,2023-05-26,1.00002,1.00039,0.99999,1.0002,1.0003171428571427,1.0005625,1.0005479999999998,1.0003399029556803,1.0004802998719835,-0.00014039691630318707,-7.694003692544385e-05,-6.345687937774321e-05,39.79591836734709,1.0005625,0.0003489514368815908,1.0012604028737633,0.9998645971262369,0.00017999640007215767,0.00034572808008411735,0.00032767480067133134,-0.25,0.07637626158259735,1.0,0.25,0.20033305601755624,"{'negative': 1, 'neutral': 0, 'positive': 0}",0.0,0.0,1.0,0.0
USDT,2023-05-27,1.0002,1.0004,1.00019,1.00037,1.0002414285714285,1.0005219999999997,1.0005406000000001,1.000344533270191,1.0004721295110959,-0.00012759624090485921,-8.707127772132693e-05,-4.052496318353229e-05,47.68683274021397,1.0005219999999997,0.0003192524162818105,1.0011605048325634,0.999883495167436,0.0001699660067986386,0.00023638587898778242,0.00032920755399408323,-0.25,0.07637626158259735,1.0,0.25,0.20033305601755624,"{'negative': 1, 'neutral': 0, 'positive': 0}",0.0,0.0,1.0,0.0
USDT,2023-05-28,1.0004,1.0006,1.0002,1.00023,1.0001885714285714,1.0004955,1.0005374,1.0003269127670846,1.0004541939917555,-0.0001272812246708721,-9.511326711123597e-05,-3.2167957559636135e-05,43.50877192982443,1.0004955,0.0003204515728857627,1.0011364031457715,0.9998545968542285,-0.0001399482191589696,0.00021815187538704137,0.00031945344641327145,-0.25,0.07637626158259735,1.0,0.25,0.20033305601755624,"{'negative': 1, 'neutral': 0, 'positive': 0}",0.0,0.0,1.0,0.0
USDT,2023-05-29,1.00022,1.00035,1.00009,1.0003,1.00016,1.0004605,1.00053,1.0003227723413792,1.0004427722145883,-0.00011999987320909788,-0.00010009058833080836,-1.9909284878289526e-05,42.90780141844005,1.0004605,0.00030002587614148785,1.001060551752283,0.999860448247717,6.998390370216434e-05,0.00022146287581242198,0.00031834142761181074,0.3,0.07637626158259735,1.0,0.1,0.20033305601755624,"{'positive': 1, 'negative': 0, 'neutral': 0}",0.0,0.0,1.0,0.0
USDT,2023-05-30,1.0003,1.0006,1.00017,1.00039,1.0002071428571429,1.000435,1.0005214,1.00033311505809,1.0004388631616559,-0.00010574810356578368,-0.00010122209137780342,-4.526012187980257e-06,49.80842911877267,1.000435,0.000281826747893414,1.0009986534957869,0.9998713465042132,8.997300809743258e-05,0.00012852304030272482,0.00031885049066434994,0.3,0.07637626158259735,1.0,0.1,0.20033305601755624,"{'positive': 1, 'negative': 0, 'neutral': 0}",0.0,0.0,1.0,0.0
USDT,2023-05-31,1.00039,1.00085,0.99996,1.00016,1.0002385714285713,1.000393,1.0005048,1.00030648197223,1.0004182066311629,-0.00011172465893283245,-0.00010332260488880923,-8.402054044023222e-06,43.7956204379555,1.000393,0.00025445711051449304,1.0009019142210291,0.9998840857789711,-0.0002299103349693299,0.00015610181675519095,0.00031654979563285854,0.05333333333333334,0.09237604307034013,3.0,0.31333333333333335,0.28023799409311606,"{'neutral': 2, 'positive': 1, 'negative': 0}",0.0,0.0,1.0,0.0
USDT,2023-06-01,1.00016,1.00047,1.00001,1.00028,1.0002757142857142,1.000367,1.0004948,1.0003024078226561,1.0004079691029286,-0.00010556128027250367,-0.00010377033996554812,-1.7909403069555442e-06,47.82608695652349,1.000367,0.00023662317374800358,1.000840246347496,0.999893753652504,0.00011998080307162873,0.0001588812264789133,0.00031042773572365263,0.02500000000000001,0.2050609665440988,2.0,0.41000000000000003,0.04242640687119287,"{'negative': 1, 'positive': 1, 'neutral': 0}",0.0,0.0,1.0,0.0
USDT,2023-06-02,1.00029,1.00047,1.00011,1.00026,1.0002842857142857,1.000355,1.0004807999999998,1.0002958835422475,1.0003970084286375,-0.00010112488639002493,-0.00010324124925044348,2.1163628604185564e-06,49.43820224719148,1.000355,0.00023560671967199511,1.0008262134393442,0.9998837865606561,-1.9994401567746678e-05,0.00014640446910718947,0.00030417385284067886,0.02500000000000001,0.2050609665440988,2.0,0.41000000000000003,0.04242640687119287,"{'negative': 1, 'positive': 1, 'neutral': 0}",0.0,0.0,1.0,0.0
USDT,2023-06-03,1.00026,1.0004,1.00021,1.0004,1.0002885714285714,1.0003449999999998,1.0004722000000001,1.0003119014588249,1.0003972300265163,-8.532856769138952e-05,-9.965871293863269e-05,1.4330145247243168e-05,38.63636363636478,1.0003449999999998,0.00022880697458288685,1.0008026139491657,0.999887386050834,0.00013996360946166853,0.0001412404273800522,0.0003048215977528398,0.02500000000000001,0.2050609665440988,2.0,0.41000000000000003,0.04242640687119287,"{'negative': 1, 'positive': 1, 'neutral': 0}",0.0,0.0,1.0,0.0
USDT,2023-06-04,1.00038,1.0004,1.00016,1.00032,1.0003014285714287,1.0003259999999998,1.0004606,1.0003131473882365,1.0003915092838114,-7.836189557486328e-05,-9.539934946587881e-05,1.703745389101553e-05,42.92929292929661,1.0003259999999998,0.0002130085247538332,1.0007520170495074,0.9998999829504922,-7.996801279475108e-05,0.00013258559347024688,0.0002869096646966687,-0.25,0.2050609665440988,1.0,0.25,0.04242640687119287,"{'negative': 1, 'neutral': 0, 'positive': 0}",0.0,0.0,1.0,0.0
USDT,2023-06-05,1.00032,1.0005,0.9999,1.0003,1.0003014285714287,1.000321,1.0004532,1.0003111247131231,1.0003847308183438,-7.360610522066935e-05,-9.104070061683692e-05,1.7434595396167572e-05,44.736842105263776,1.000321,0.00021235273544127194,1.0007457054708826,0.9998962945291174,-1.9993602047518877e-05,0.00013046935291958958,0.00023799407010101383,-0.25,0.2050609665440988,1.0,0.25,0.04242640687119287,"{'negative': 1, 'neutral': 0, 'positive': 0}",0.0,0.0,1.0,0.0
USDT,2023-06-06,1.00029,1.0004,0.99994,1.00029,1.000287142857143,1.0003104999999999,1.0004472,1.000307874757258,1.0003777137206886,-6.983896343060181e-05,-8.68003531795899e-05,1.696138974898809e-05,57.82312925169863,1.0003104999999999,0.00020818703644594091,1.0007268740728918,0.999894125927108,-9.997000899764075e-06,0.0001243061101749904,0.00021756938241787978,-0.25,0.2050609665440988,1.0,0.25,0.04242640687119287,"{'negative': 1, 'neutral': 0, 'positive': 0}",0.0,0.0,1.0,0.0
USDT,2023-06-07,1.00028,1.00036,0.99996,1.00011,1.0002799999999998,1.000296,1.000446,1.0002774324869106,1.0003578830747117,-8.045058780115077e-05,-8.553040010390208e-05,5.079812302751305e-06,55.55555555555556,1.000296,0.00021169491463188855,1.000719389829264,0.9998726101707363,-0.00017994781513341884,0.00011053223060179213,0.00020690099472169866,-0.25,0.2050609665440988,1.0,0.25,0.04242640687119287,"{'negative': 1, 'neutral': 0, 'positive': 0}",0.0,0.0,1.0,0.0
USDT,2023-06-08,1.00011,1.00032,0.99993,1.00018,1.0002657142857143,1.0002905,1.0004385999999998,1.0002624428735398,1.000344706550659,-8.226367711916538e-05,-8.487705550695474e-05,2.61337838778936e-06,55.263157894741454,1.0002905,0.00021328199775231247,1.0007170639955045,0.9998639360044953,6.999230084692165e-05,0.00010225563996677113,0.00020176025799469564,-0.25,0.2050609665440988,1.0,0.25,0.04242640687119287,"{'negative': 1, 'neutral': 0, 'positive': 0}",0.0,0.0,1.0,0.0
USDT,2023-06-09,1.00018,1.00026,0.99534,0.9998,1.0002,1.0002355,1.0004330000000001,1.000191297816072,1.0003043579172768,-0.00011306010120470944,-9.051366464650568e-05,-2.2546436558203755e-05,38.37209302325821,1.0002355,0.00018819013352123015,1.0006118802670425,0.9998591197329576,-0.0003799316123098695,0.00017219149479162697,0.0002114787665274644,-0.25,0.2050609665440988,1.0,0.25,0.04242640687119287,"{'negative': 1, 'neutral': 0, 'positive': 0}",0.0,0.0,1.0,0.0
USDT,2023-06-10,0.99982,1.0009,0.99949,1.00058,1.0002257142857143,1.0002345,1.0004468,1.000251098152061,1.0003247758493303,-7.36776972694031e-05,-8.714647117108518e-05,1.3468773901682078e-05,54.50643776824095,1.0002345,0.0001861938719015546,1.000606887743803,0.9998621122561968,0.0007801560312061806,0.00036343766676349173,0.0002579794597942396,-0.25,0.2050609665440988,1.0,0.25,0.04242640687119287,"{'negative': 1, 'neutral': 0, 'positive': 0}",0.0,0.0,1.0,0.0
USDT,2023-06-11,1.00059,1.0006,1.00023,1.00041,1.0002385714285715,1.00023,1.0004532,1.0002755445902054,1.00033108874938,-5.5544159174525376e-05,-8.082600877177323e-05,2.528184959724785e-05,53.81355932203514,1.00023,0.00018043806354481082,1.0005908761270896,0.9998691238729104,-0.00016990145715489735,0.00036933971202494676,0.00025729359393985077,-0.25,0.2050609665440988,1.0,0.25,0.04242640687119287,"{'negative': 1, 'neutral': 0, 'positive': 0}",0.0,0.0,1.0,0.0
USDT,2023-06-12,1.00041,1.0008,0.99986,1.00004,1.0002014285714285,1.000229,1.000453,1.000239306960943,1.0003095266197963,-7.021965885334325e-05,-7.870473878808724e-05,8.485079934743989e-06,45.11278195488879,1.000229,0.0001814822016414909,1.000591964403283,0.999866035596717,-0.00036984836217146544,0.0003971581253517158,0.0002602883685922676,0.145,0.20273134932713294,4.0,0.345,0.23685438564654024,"{'neutral': 2, 'positive': 2, 'negative': 0}",0.0,0.0,1.0,0.0
USDT,2023-06-13,1.00004,1.0001,0.99965,0.99987,1.0001414285714287,1.0002255,1.00045,1.0001824905054133,1.000276969092404,-9.447858699074274e-05,-8.185950842861834e-05,-1.2619078562124399e-05,40.5109489051128,1.0002255,0.00018791025303813126,1.0006013205060762,0.9998496794939238,-0.0001699932002720006,0.0003999347180868462,0.00026083231681718903,0.0,0.0,2.0,0.375,0.5303300858899106,"{'neutral': 2, 'negative': 0, 'positive': 0}",0.0,0.0,1.0,0.0
USDT,2023-06-14,0.99987,1.00001,0.99954,0.99991,1.0001128571428572,1.00022,1.0004435999999999,1.0001405688891958,1.0002497861966704,-0.00010921730747459613,-8.73310682378139e-05,-2.1886239236782227e-05,45.09803921568713,1.00022,0.00019569041080508853,1.0006113808216104,0.9998286191783899,4.000520067592994e-05,0.00039756673504514424,0.00026007637645815434,0.0,0.0,2.0,0.375,0.5303300858899106,"{'neutral': 2, 'negative': 0, 'positive': 0}",0.0,0.0,1.0,0.0
USDT,2023-06-15,0.99992,0.99992,0.99579,0.99917,0.9999685714285714,1.0001684999999998,1.0004206,0.9999912505985503,1.000169802033954,-0.00017855143540368434,-0.00010557514167098799,-7.297629373269636e-05,32.49211356466793,1.0001684999999998,0.000305791036385499,1.0007800820727708,0.9995569179272288,-0.0007400666059944605,0.00047455857846505784,0.0002870638036095347,0.0775,0.2956771888394504,4.0,0.42000000000000004,0.21954498400100153,"{'negative': 2, 'positive': 2, 'neutral': 0}",0.0,0.0,1.0,0.0
USDT,2023-06-16,0.99917,0.99922,0.99833,0.99921,0.9998842857142858,1.0001105000000001,1.0003982,0.9998710581987733,1.0000987055869945,-0.00022764738822123043,-0.0001299895909810365,-9.765779724019394e-05,33.54231974921768,1.0001105000000001,0.00036903109273804096,1.0008485621854761,0.999372437814524,4.003322757895056e-05,0.0004662676937521173,0.00028625669456465013,-0.037500000000000006,0.26887109674836135,4.0,0.2375,0.3300883720056393,"{'neutral': 2, 'negative': 1, 'positive': 1}",0.0,0.0,1.0,0.0
USDT,2023-06-17,0.99921,0.99959,0.99909,0.99958,0.9997414285714286,1.000078,1.0003744,0.9998262800143467,1.0000602829509209,-0.0002340029365741625,-0.00015079226009966171,-8.321067647450078e-05,38.011695906433275,1.000078,0.00038617694340546633,1.000850353886811,0.9993056461131891,0.0003702925310995475,0.0003511557086706231,0.0002957461743800163,-0.037500000000000006,0.26887109674836135,4.0,0.2375,0.3300883720056393,"{'neutral': 2, 'negative': 1, 'positive': 1}",0.0,0.0,1.0,0.0
USDT,2023-06-18,0.99958,0.99985,0.9995,0.99977,0.99965,1.0000515,1.0003579999999999,0.999817621550601,1.0000387805101119,-0.00022115895951080322,-0.00016486559998189003,-5.629335952891319e-05,42.209631728044684,1.0000515,0.00038831993054712295,1.0008281398610943,0.9992748601389059,0.00019007983353014346,0.00037224804548622036,0.0002979194536112248,0.5,0.26887109674836135,1.0,0.5,0.3300883720056393,"{'positive': 1, 'negative': 0, 'neutral': 0}",0.0,0.0,1.0,0.0
USDT,2023-06-19,0.99978,0.9998,0.99932,0.99969,0.9995999999999999,1.0000165,1.0003404,0.9997979874658932,1.0000129449167703,-0.00021495745087707352,-0.00017488397016092675,-4.0073480716146774e-05,41.50417827298047,1.0000165,0.00038775025879682926,1.0007920005175936,0.9992409994824064,-8.001840423310647e-05,0.0003516585545658635,0.0002734659773206474,0.5,0.26887109674836135,1.0,0.5,0.3300883720056393,"{'positive': 1, 'negative': 0, 'neutral': 0}",0.0,0.0,1.0,0.0
USDT,2023-06-20,0.99968,1.0002,0.99939,1.00015,0.9996400000000001,1.000016,1.0003381999999998,0.9998521432403712,1.0000230971451576,-0.00017095390478638617,-0.00017409795708601863,3.1440522996324617e-06,48.26732673267567,1.000016,0.00038756187965979176,1.0007911237593197,0.9992408762406805,0.00046014264421989637,0.00039392157657621417,0.0002836093658375703,0.5,0.26887109674836135,1.0,0.5,0.3300883720056393,"{'positive': 1, 'negative': 0, 'neutral': 0}",0.0,0.0,1.0,0.0
USDT,2023-06-21,1.00015,1.00056,0.99959,1.00005,0.9996600000000001,1.0000045,1.000327,0.9998825827418526,1.00002508994922,-0.00014250720736741496,-0.0001677798071422979,2.5272599774882955e-05,49.24242424242492,1.0000045,0.0003826978333072692,1.0007698956666145,0.9992391043333855,-9.998500224961404e-05,0.00039746282413467295,0.0002836098305876558,0.1,0.26887109674836135,1.0,0.4,0.3300883720056393,"{'positive': 1, 'negative': 0, 'neutral': 0}",0.0,0.0,1.0,0.0
USDT,2023-06-22,1.00005,1.0006,0.99932,1.00021,0.9998085714285715,1.0000019999999998,1.0003258,0.9999329546277215,1.0000387869900185,-0.0001058323622969981,-0.00015539031817323796,4.9557955876239855e-05,50.37037037037005,1.0000019999999998,0.0003811008984192762,1.0007642017968383,0.9992397982031613,0.00015999200039984451,0.0002136603058365866,0.0002735931412797195,0.1,0.26887109674836135,1.0,0.4,0.3300883720056393,"{'positive': 1, 'negative': 0, 'neutral': 0}",0.0,0.0,1.0,0.0
USDT,2023-06-23,1.00021,1.00063,0.9999,1.00059,1.0000057142857144,1.0000115,1.0003304,1.000034038531149,1.0000796175833504,-4.557905220137215e-05,-0.00013342806497886482,8.784901277749267e-05,59.753086419753664,1.0000115,0.00039370407005258123,1.0007989081401052,0.9992240918598949,0.0003799202167544813,0.00022326764104090078,0.00028084349714927554,0.1,0.26887109674836135,1.0,0.4,0.3300883720056393,"{'positive': 1, 'negative': 0, 'neutral': 0}",0.0,0.0,1.0,0.0
USDT,2023-06-24,1.00058,1.0008,1.00041,1.00063,1.0001557142857143,1.000027,1.0003248,1.0001257249109723,1.0001203866512502,5.338259722043048e-06,-0.00010567480003868324,0.00011101305976072629,50.7552870090617,1.000027,0.0004121586307251033,1.0008513172614502,0.9992026827385498,3.997641391562112e-05,0.00021535403194088682,0.00028065195883518267,0.1,0.26887109674836135,1.0,0.4,0.3300883720056393,"{'positive': 1, 'negative': 0, 'neutral': 0}",0.0,0.0,1.0,0.0
USDT,2023-06-25,1.00062,1.00078,1.00022,1.00032,1.0002342857142856,1.000028,1.0002964,1.0001556133862073,1.0001351728252317,2.0440560975609756e-05,-8.045172783582464e-05,0.0001008922888114344,48.695652173914056,1.000028,0.0004128794905578348,1.0008537589811155,0.9992022410188842,-0.00030980482296139034,0.0002745893324979295,0.0002852544676466845,0.1,0.26887109674836135,1.0,0.4,0.3300883720056393,"{'positive': 1, 'negative': 0, 'neutral': 0}",0.0,0.0,1.0,0.0
USDT,2023-06-26,1.00032,1.00068,0.99995,1.00021,1.0003085714285715,1.000024,1.000277,1.00016398055756,1.0001407155789181,2.3264978641801548e-05,-5.970838654029941e-05,8.297336518210096e-05,52.66457680250805,1.000024,0.0004105887942136715,1.0008451775884273,0.9992028224115727,-0.00010996481126046564,0.00027768830959866246,0.0002842161567618107,0.1,0.26887109674836135,1.0,0.4,0.3300883720056393,"{'positive': 1, 'negative': 0, 'neutral': 0}",0.0,0.0,1.0,0.0
USDT,2023-06-27,1.00021,1.00038,0.99985,1.00018,1.0003128571428572,1.0000275,1.0002654000000002,1.0001664450871661,1.0001436255360354,2.2819551130703886e-05,-4.320279900609875e-05,6.602235013680263e-05,55.081967213115654,1.0000275,0.00041165743300025404,1.0008508148660005,0.9992041851339996,-2.999370132272805e-05,0.00021998979485708415,0.00028312668827686576,0.0,0.26887109674836135,1.0,0.15,0.3300883720056393,"{'neutral': 1, 'negative': 0, 'positive': 0}",0.0,0.0,1.0,0.0
USDT,2023-06-28,1.00019,1.00029,0.99981,0.99999,1.0003042857142856,1.000018,1.0002452,1.0001392996891405,1.0001322458666995,7.053822441038804e-06,-3.315147471667124e-05,4.0205297157710045e-05,51.25000000000131,1.000018,0.0004101424656681786,1.0008382849313364,0.9991977150686637,-0.00018996580615493475,0.00022952170826535836,0.00028483216761506885,0.0,0.26887109674836135,1.0,0.15,0.3300883720056393,"{'neutral': 1, 'negative': 0, 'positive': 0}",0.0,0.0,1.0,0.0
USDT,2023-06-29,0.99999,1.00007,0.9997,0.99988,1.000257142857143,1.000022,1.0002247999999998,1.0000994074292726,1.0001135609876848,-1.415355841216659e-05,-2.935189145577031e-05,1.5198333043603721e-05,63.813229571984415,1.000022,0.00040829040237395085,1.000838580804748,0.9992054191952521,-0.0001100011000110257,0.00021891938612814143,0.0002847447231675282,0.0,0.26887109674836135,1.0,0.15,0.3300883720056393,"{'neutral': 1, 'negative': 0, 'positive': 0}",0.0,0.0,1.0,0.0
USDT,2023-06-30,0.99988,1.0,0.9994,0.99966,1.0001242857142858,0.999976,1.0001980000000001,1.0000318062863076,1.000079963877486,-4.8157591178377146e-05,-3.311303140029168e-05,-1.5044559778085464e-05,58.18181818181752,0.999976,0.0003936790036741866,1.0007633580073483,0.9991886419926516,-0.00022002640316842736,0.00011808834084049656,0.00028449543928109534,-0.3,0.26887109674836135,1.0,0.55,0.3300883720056393,"{'negative': 1, 'neutral': 0, 'positive': 0}",0.0,0.0,1.0,0.0
USDT,2023-07-01,0.99965,1.0,0.99945,1.0,1.0000342857142857,0.9999555000000001,1.0001820000000001,1.0000269130114912,1.0000740406273019,-4.7127615810715895e-05,-3.591594828237653e-05,-1.1211667528339365e-05,57.720588235293825,0.9999555000000001,0.0003803388379039626,1.000716177675808,0.9991948223241922,0.000340115639317462,0.0002100051691688347,0.00029090709161093365,-0.3,0.26887109674836135,1.0,0.55,0.3300883720056393,"{'negative': 1, 'neutral': 0, 'positive': 0}",0.0,0.0,1.0,0.0
USDT,2023-07-02,0.99999,1.0001,0.99979,1.00009,1.0000014285714285,0.999958,1.0001737999999998,1.0000366187020309,1.0000752228030574,-3.860410102651812e-05,-3.645357883120485e-05,-2.1505221953132744e-06,56.10687022900563,0.999958,0.0003810870877637248,1.0007201741755274,0.9991958258244725,8.999999999992347e-05,0.00019400301372239761,0.00029146017698438527,-0.3,0.26887109674836135,1.0,0.55,0.3300883720056393,"{'negative': 1, 'neutral': 0, 'positive': 0}",0.0,0.0,1.0,0.0
USDT,2023-07-03,1.00009,1.00041,0.99978,1.00007,0.9999814285714285,0.9999680000000002,1.0001632,1.0000417542863338,1.0000748359287568,-3.308164242299405e-05,-3.5779191549562694e-05,2.6975491265686434e-06,57.42187500000186,0.9999680000000002,0.000381280391419853,1.0007305607828398,0.9992054392171604,-1.999820016185261e-05,0.00019099837719710664,0.0002901652178076909,-0.3,0.26887109674836135,1.0,0.55,0.3300883720056393,"{'negative': 1, 'neutral': 0, 'positive': 0}",0.0,0.0,1.0,0.0
USDT,2023-07-04,1.00007,1.00038,0.99997,1.00022,0.9999871428571429,0.9999835000000001,1.0001536,1.000069176703821,1.000085588822923,-1.641211910197171e-05,-3.19057770600445e-05,1.5493657958072786e-05,51.555555555556126,0.9999835000000001,0.0003850806477899297,1.00075366129558,0.9992133387044203,0.00014998950073508155,0.00020126451175237094,0.0002913143919808919,-0.3,0.26887109674836135,1.0,0.55,0.3300883720056393,"{'negative': 1, 'neutral': 0, 'positive': 0}",0.0,0.0,1.0,0.0
USDT,2023-07-05,1.0002,1.00028,0.9998,1.00016,1.0000114285714286,1.0000330000000002,1.0001487999999998,1.0000831495186178,1.0000911007619657,-7.951243347958936e-06,-2.7114870317627385e-05,1.916362696966845e-05,52.48868778280183,1.0000330000000002,0.00033543530247182057,1.0007038706049438,0.9993621293950565,-5.998680290353331e-05,0.00018558584314599865,0.00029148491788361607,0.0,0.26887109674836135,1.0,0.16,0.3300883720056393,"{'neutral': 1, 'negative': 0, 'positive': 0}",0.0,0.0,1.0,0.0
USDT,2023-07-06,1.00015,1.00029,0.99972,0.99991,1.0000157142857142,1.0000680000000002,1.000137,1.0000565111311381,1.000077685890709,-2.1174759570863344e-05,-2.592684816827458e-05,4.752088597411235e-06,43.478260869563115,1.0000680000000002,0.00027635979606516496,1.0006207195921306,0.9995152804078699,-0.00024996000639898597,0.00020858081792800878,0.0002949097753882871,0.0,0.26887109674836135,1.0,0.16,0.3300883720056393,"{'neutral': 1, 'negative': 0, 'positive': 0}",0.0,0.0,1.0,0.0
USDT,2023-07-07,0.99991,1.00021,0.99975,1.0001,1.0000785714285716,1.000094,1.0001309999999999,1.0000632017263476,1.0000793387876936,-1.6137061346066517e-05,-2.396889080383297e-05,7.831829457766452e-06,38.38862559241374,1.000094,0.00025136260249645093,1.000596725204993,0.9995912747950071,0.00019001710153920826,0.00019199866262328746,0.00029540647936278434,0.0,0.26887109674836135,1.0,0.16,0.3300883720056393,"{'neutral': 1, 'negative': 0, 'positive': 0}",0.0,0.0,1.0,0.0
USDT,2023-07-08,1.00009,1.00023,0.99971,1.00017,1.0001028571428572,1.0001140000000002,1.0001285999999998,1.0000796322299863,1.0000860544330497,-6.422203063349841e-06,-2.0459553255736344e-05,1.4037350192386504e-05,39.2523364486005,1.0001140000000002,0.00023987716162780217,1.0005937543232557,0.9996342456767445,6.999300069998604e-05,0.00014941524640471517,0.0002954064851045286,0.0,0.26887109674836135,1.0,0.16,0.3300883720056393,"{'neutral': 1, 'negative': 0, 'positive': 0}",0.0,0.0,1.0,0.0
USDT,2023-07-09,1.00017,1.00027,1.00003,1.00018,1.0001157142857144,1.0001384999999998,1.0001142,1.000095073425373,1.000093013363935,2.060061438102778e-06,-1.595563031696852e-05,1.8015691755071298e-05,46.19565217391285,1.0001384999999998,0.00021834967136766966,1.0005751993427352,0.9997018006572644,9.998300289026929e-06,0.00014658454972802577,0.00028657282434724283,0.0,0.26887109674836135,1.0,0.16,0.3300883720056393,"{'neutral': 1, 'negative': 0, 'positive': 0}",0.0,0.0,1.0,0.0
USDT,2023-07-10,1.00018,1.00029,0.99977,1.0002,1.0001342857142856,1.0001410000000002,1.0001061999999998,1.0001112159753156,1.0001009382999397,1.0277675375869322e-05,-1.0708969178400952e-05,2.0986644554270273e-05,49.71428571428387,1.0001410000000002,0.00021877409650631734,1.0005785481930127,0.9997034518069875,1.9996400647759316e-05,0.00014586784121482812,0.0002472893434859591,-0.12,0.26887109674836135,1.0,0.38,0.3300883720056393,"{'negative': 1, 'neutral': 0, 'positive': 0}",0.0,0.0,1.0,0.0
USDT,2023-07-11,1.00019,1.00026,0.9995,1.00002,1.0001057142857142,1.0001395,1.0000966,1.000097182748344,1.0000949428703145,2.239878029497433e-06,-8.119199736821275e-06,1.0359077766318708e-05,45.78947368420683,1.0001395,0.00021953239788972476,1.0005785647957794,0.9997004352042205,-0.000179964007198663,0.00014958937683606045,0.0002475167360535056,-0.12,0.26887109674836135,1.0,0.38,0.3300883720056393,"{'negative': 1, 'neutral': 0, 'positive': 0}",0.0,0.0,1.0,0.0
USDT,2023-07-12,1.00004,1.00031,0.99973,0.99998,1.0000799999999999,1.0001280000000001,1.000095,1.0000791546332142,1.0000864285836246,-7.273950410446872e-06,-7.950149871546395e-06,6.76199461099523e-07,49.71428571428387,1.0001280000000001,0.00022165881804693432,1.000571317636094,0.9996846823639063,-3.999920001596102e-05,0.0001490793689150749,0.00023827046279788105,-0.12,0.26887109674836135,1.0,0.38,0.3300883720056393,"{'negative': 1, 'neutral': 0, 'positive': 0}",0.0,0.0,1.0,0.0
USDT,2023-07-13,0.99998,1.0009,0.99978,1.00039,1.0001485714285714,1.000118,1.000104,1.000126976997335,1.000108915355208,1.8061642127031874e-05,-2.747791471830742e-06,2.0809433598862615e-05,62.43902439024147,1.000118,0.00020348541920367424,1.0005249708384074,0.9997110291615927,0.0004100082001639027,0.0001873846000043989,0.0002475183995263648,0.0,0.26887109674836135,1.0,0.0,0.3300883720056393,"{'neutral': 1, 'negative': 0, 'positive': 0}",0.0,0.0,1.0,0.0
USDT,2023-07-14,1.0004,1.00069,1.00012,1.00049,1.0002042857142857,1.000111,1.0001134,1.0001828266900528,1.000137143847415,4.568284263783973e-05,6.938335350103353e-06,3.8744507287736375e-05,71.50259067357561,1.000111,0.00018665758133710558,1.000484315162674,0.9997376848373257,9.996101520437506e-05,0.00018062709298553856,0.0002479492149766908,0.0,0.26887109674836135,1.0,0.0,0.3300883720056393,"{'neutral': 1, 'negative': 0, 'positive': 0}",0.0,0.0,1.0,0.0
USDT,2023-07-15,1.00049,1.00059,1.00024,1.0003,1.0002228571428573,1.0001099999999998,1.0001154,1.0002008533531215,1.0001492072661249,5.16460869965929e-05,1.5879885679401264e-05,3.576620131719163e-05,58.42696629213231,1.0001099999999998,0.0001855291154256261,1.000481058230851,0.9997389417691486,-0.00018990694559684052,0.00020258027588763335,0.0002067699846940079,0.0,0.26887109674836135,1.0,0.0,0.3300883720056393,"{'neutral': 1, 'negative': 0, 'positive': 0}",0.0,0.0,1.0,0.0
USDT,2023-07-16,1.00029,1.0005,1.00026,1.00046,1.0002628571428571,1.0001225,1.0001172,1.0002407220680258,1.0001722289501156,6.849311791023993e-05,2.6402532125569e-05,4.209058578467093e-05,59.9999999999976,1.0001225,0.00020044358712106983,1.0005233871742423,0.9997216128257579,0.00015995201439555906,0.00020933675463911814,0.0002079723294159987,0.0,0.26887109674836135,1.0,0.0,0.3300883720056393,"{'neutral': 1, 'negative': 0, 'positive': 0}",0.0,0.0,1.0,0.0
USDT,2023-07-17,1.00046,1.00056,1.00007,1.00017,1.0002585714285714,1.000122,1.0001159999999998,1.000229841749868,1.0001720638426996,5.777790716843256e-05,3.2677607134141714e-05,2.510030003429085e-05,52.35849056603709,1.000122,0.00020030503064619445,1.0005226100612923,0.9997213899387075,-0.0002898666613356804,0.0002441416560525061,0.00020692764179778615,0.0,0.26887109674836135,1.0,0.0,0.3300883720056393,"{'neutral': 1, 'negative': 0, 'positive': 0}",0.0,0.0,1.0,0.0
USDT,2023-07-18,1.00017,1.00023,0.99995,1.00022,1.000287142857143,1.0001335,1.0001144000000002,1.0002283276345036,1.0001756146691663,5.2712965337375906e-05,3.6684678774788556e-05,1.602828656258735e-05,50.0,1.0001335,0.00019892540267265303,1.0005313508053453,0.9997356491946547,4.99915014449126e-05,0.00023171379870022557,0.0002045165662839318,0.0,0.26887109674836135,1.0,0.0,0.3300883720056393,"{'neutral': 1, 'negative': 0, 'positive': 0}",0.0,0.0,1.0,0.0
USDT,2023-07-19,1.00022,1.00031,0.99989,0.99999,1.0002885714285716,1.000139,1.0001064,1.00019166184458,1.0001618654344133,2.9796410166760268e-05,3.53070250531829e-05,-5.510614886422635e-06,46.118721461190106,1.000139,0.00019297940996535498,1.0005249588199305,0.9997530411800691,-0.0002299494111296374,0.0002513735447547229,0.00020870803523904396,0.0,0.26887109674836135,1.0,0.0,0.3300883720056393,"{'neutral': 1, 'negative': 0, 'positive': 0}",0.0,0.0,1.0,0.0
USDT,2023-07-20,1.0,1.00013,0.99977,0.99991,1.00022,1.0001514999999999,1.0001014,1.0001483292531061,1.000143208735568,5.1205175382040835e-06,2.9269723550187142e-05,-2.414920601198306e-05,50.0,1.0001514999999999,0.0001666156940767184,1.0004847313881533,0.9998182686118464,-8.000080000802878e-05,0.0001753808635622862,0.00019109334958037025,-0.1,0.26887109674836135,1.0,0.1,0.3300883720056393,"{'negative': 1, 'neutral': 0, 'positive': 0}",0.0,0.0,1.0,0.0
USDT,2023-07-21,0.99991,1.00004,0.99985,1.00002,1.0001528571428573,1.0001525,1.0000962,1.0001285862910898,1.0001340821625628,-5.495871473026881e-06,2.231660454554434e-05,-2.781247601857122e-05,47.93814432989514,1.0001525,0.00016571614931636943,1.0004839322986327,0.9998210677013672,0.00011000990089105045,0.00017702346637038432,0.00019145279604031772,0.42,0.26887109674836135,1.0,0.64,0.3300883720056393,"{'positive': 1, 'negative': 0, 'neutral': 0}",0.0,0.0,1.0,0.0
USDT,2023-07-22,1.00001,1.0002,0.99999,1.0001,1.0001242857142858,1.0001529999999998,1.0000930000000001,1.0001241884001528,1.0001315575579286,-7.36915777577174e-06,1.6379452081281126e-05,-2.3748609857052865e-05,48.20512820512815,1.0001529999999998,0.00016553263324964136,1.000484065266499,0.9998219347335006,7.999840003214409e-05,0.000175204015959866,0.00018968239130508826,0.42,0.26887109674836135,1.0,0.64,0.3300883720056393,"{'positive': 1, 'negative': 0, 'neutral': 0}",0.0,0.0,1.0,0.0
USDT,2023-07-23,1.00011,1.00017,0.99989,0.99998,1.0000557142857143,1.0001484999999999,1.0000846,1.0001020055693601,1.000120331072156,-1.8325502795901727e-05,9.438461105844556e-06,-2.776396390174628e-05,45.14563106795968,1.0001484999999999,0.00016909278062661256,1.000486685561253,0.9998103144387467,-0.00011998800119994435,0.0001558900124674714,0.0001763110808811936,0.5,0.26887109674836135,1.0,0.5,0.3300883720056393,"{'positive': 1, 'negative': 0, 'neutral': 0}",0.0,0.0,1.0,0.0
USDT,2023-07-24,0.99998,1.00005,0.99966,0.99988,1.0000142857142857,1.0001315,1.0000758,1.0000678508663816,1.0001025287705148,-3.46779041331402e-05,6.15188058047604e-07,-3.5293092191187805e-05,42.52336448598289,1.0001315,0.00017836317190395555,1.000488226343808,0.999774773656192,-0.00010000200004001147,0.0001242753018368582,0.0001765126648450537,0.45,0.26887109674836135,1.0,0.85,0.3300883720056393,"{'positive': 1, 'negative': 0, 'neutral': 0}",0.0,0.0,1.0,0.0
USDT,2023-07-25,0.99988,0.99997,0.99972,0.99993,0.9999728571428571,1.00012,1.0000684,1.0000466430407844,1.0000897488615876,-4.310582080324643e-05,-8.129013714211203e-06,-3.4976807089035224e-05,47.76119402985297,1.00012,0.00018376185973061613,1.000487523719461,0.9997524762805386,5.000600072002648e-05,0.00012427707945203474,0.00016853587665025162,0.45,0.26887109674836135,1.0,0.85,0.3300883720056393,"{'positive': 1, 'negative': 0, 'neutral': 0}",0.0,0.0,1.0,0.0
USDT,2023-07-26,0.99993,1.00009,0.9997,1.00004,0.99998,1.0001265,1.0000634,1.00004562103451,1.0000860637607294,-4.0442726219502845e-05,-1.4591756215269532e-05,-2.5850970004233313e-05,51.442307692308844,1.0001265,0.0001781564954783263,1.0004828129909566,0.9997701870090433,0.00011000770053914977,0.00010291118850053006,0.0001689557081165219,0.0,0.26887109674836135,1.0,0.0,0.3300883720056393,"{'neutral': 1, 'negative': 0, 'positive': 0}",0.0,0.0,1.0,0.0
USDT,2023-07-27,1.00004,1.00005,0.99972,0.99973,0.9999542857142857,1.000108,1.0000558,0.9999970639522776,1.000059688667342,-6.262471506446321e-05,-2.419834798510827e-05,-3.842636707935494e-05,33.33333333334082,1.000108,0.00019903980040258989,1.0005060796008052,0.9997099203991948,-0.00030998760049605334,0.00015756890621571759,0.000177846237939812,0.0,0.26887109674836135,1.0,0.0,0.3300883720056393,"{'neutral': 1, 'negative': 0, 'positive': 0}",0.0,0.0,1.0,0.0
USDT,2023-07-28,0.99973,1.00001,0.99964,0.99998,0.9999485714285715,1.0000985,1.0000518,0.9999944387288503,1.0000537858030945,-5.934707424415375e-05,-3.1228093236917366e-05,-2.8118981007236386e-05,38.02816901408333,1.0000985,0.00020045408986677114,1.0004994081797336,0.9996975918202664,0.0002500675182299794,0.00018429967800504915,0.00018103435878158563,0.0,0.26887109674836135,1.0,0.0,0.3300883720056393,"{'neutral': 1, 'negative': 0, 'positive': 0}",0.0,0.0,1.0,0.0
USDT,2023-07-29,0.99998,1.00003,0.99989,0.99999,0.9999328571428572,1.0000889999999998,1.0000556,0.9999937558474887,1.000049060928791,-5.530508130235923e-05,-3.604349085000574e-05,-1.9261590452353485e-05,42.051282051285,1.0000889999999998,0.00020089012455650265,1.0004907802491128,0.9996872197508868,1.0000200004078863e-05,0.00018073949242963512,0.0001798491402973011,0.0,0.26887109674836135,1.0,0.0,0.3300883720056393,"{'neutral': 1, 'negative': 0, 'positive': 0}",0.0,0.0,1.0,0.0
USDT,2023-07-30,0.99999,1.00007,0.9999,0.99991,0.9999228571428571,1.0000744999999998,1.0000422,0.9999808703324905,1.000038760119251,-5.7889786760578765e-05,-4.041275003212035e-05,-1.747703672845842e-05,35.29411764706336,1.0000744999999998,0.00020291234829777335,1.0004803246965952,0.9996686753034042,-8.000080000802878e-05,0.0001774968176392158,0.0001756101993227617,0.0,0.26887109674836135,1.0,0.0,0.3300883720056393,"{'neutral': 1, 'negative': 0, 'positive': 0}",0.0,0.0,1.0,0.0
USDT,2023-07-31,0.99992,0.99996,0.99964,0.99983,0.9999157142857144,1.000065,1.0000305999999999,0.9999576595121074,1.000023296406714,-6.563689460659106e-05,-4.545757894701449e-05,-2.0179315659576566e-05,39.75903614458082,1.000065,0.0002099247986583041,1.0004848495973167,0.9996451504026834,-8.000720064804678e-05,0.0001759610452379466,0.00016465056953334205,0.5,0.26887109674836135,1.0,0.9,0.3300883720056393,"{'positive': 1, 'negative': 0, 'neutral': 0}",0.0,0.0,1.0,0.0
USDT,2023-08-01,0.99983,0.99991,0.99917,0.99949,0.9998528571428571,1.0000404999999999,1.0000196,0.9998857118948601,0.9999837929691796,-9.808107431952262e-05,-5.5982278021516115e-05,-4.2098796298006506e-05,31.282051282051484,1.0000404999999999,0.0002458813364574159,1.0005322626729147,0.999548737327085,-0.0003400578098277096,0.0002127651256921748,0.0001744642731688181,0.47,0.26887109674836135,1.0,0.93,0.3300883720056393,"{'positive': 1, 'negative': 0, 'neutral': 0}",0.0,0.0,1.0,0.0
USDT,2023-08-02,0.99949,0.99973,0.9991,0.99943,0.9997657142857143,0.9999925,1.0000108,0.9998156023725739,0.9999427712677589,-0.00012716889518493701,-7.02196014542003e-05,-5.6949293730736714e-05,34.269662921350175,0.9999925,0.00026687026226488824,1.0005262405245297,0.9994587594754701,-6.00306156138819e-05,0.0001990018274292041,0.00017461737319737826,0.47,0.26887109674836135,1.0,0.93,0.3300883720056393,"{'positive': 1, 'negative': 0, 'neutral': 0}",0.0,0.0,1.0,0.0
USDT,2023-08-03,0.99943,0.99949,0.99877,0.99919,0.9996885714285714,0.9999275000000001,0.9999964,0.9997193558537164,0.99988701043311,-0.00016765457939360573,-8.97065970420814e-05,-7.794798235152434e-05,31.4432989690752,0.9999275000000001,0.0002960418712159127,1.0005195837424319,0.9993354162575683,-0.00024013687802049155,0.00018737709862905286,0.00017594114304050803,0.135,0.04949747468305833,2.0,0.395,0.021213203435596427,"{'positive': 2, 'negative': 0, 'neutral': 0}",0.0,0.0,1.0,0.0
USDT,2023-08-04,0.99918,0.99947,0.99895,0.99935,0.9995985714285714,0.9998800000000001,1.0,0.9996625318762216,0.9998472318825092,-0.0001847000062876747,-0.00010870527889120006,-7.599472739647463e-05,33.16582914573128,0.9998800000000001,0.00030905628858366726,1.0004981125771675,0.9992618874228327,0.00016012970506107393,0.000162651417796219,0.0001793901194798358,0.135,0.04949747468305833,2.0,0.395,0.021213203435596427,"{'positive': 2, 'negative': 0, 'neutral': 0}",0.0,0.0,1.0,0.0
USDT,2023-08-05,1.0015,1.0033,0.9987,0.9989,0.9994428571428572,0.9998020000000001,0.9999938,0.9995452192798798,0.9997770665578789,-0.00023184727799907545,-0.00013333367871277516,-9.85135992863003e-05,24.576271186441446,0.9998020000000001,0.00034921867683460365,1.0005004373536692,0.9991035626463308,-0.0004502926902486548,0.000203413785520589,0.0001913090228856139,0.135,0.04949747468305833,2.0,0.395,0.021213203435596427,"{'positive': 2, 'negative': 0, 'neutral': 0}",0.0,0.0,1.0,0.0
USDT,2023-08-06,1.0002,1.0033,0.9961,0.9985,0.9992414285714286,0.9997185,0.9999722,0.9993844163137444,0.9996824690350731,-0.00029805272132865657,-0.00016627748723595145,-0.00013177523409270512,21.969696969698106,0.9997185,0.0004435179341745796,1.0006055358683492,0.9988314641316508,-0.0004004404845329157,0.00021898109073108932,0.00019776686720666473,0.135,0.04949747468305833,2.0,0.395,0.021213203435596427,"{'positive': 2, 'negative': 0, 'neutral': 0}",0.0,0.0,1.0,0.0
USDT,2023-08-07,0.9965,0.999,0.9806,0.99883,0.9990985714285714,0.999649,0.9999534,0.9992991214962452,0.9996193231806232,-0.00032020168437796315,-0.00019706232666435382,-0.00012313935771360933,31.70731707317036,0.999649,0.000468973122378633,1.0005869462447572,0.9987110537552427,0.0003304957436154332,0.000297753098655057,0.0002087815619430392,0.135,0.04949747468305833,2.0,0.395,0.021213203435596427,"{'positive': 2, 'negative': 0, 'neutral': 0}",0.0,0.0,1.0,0.0
USDT,2023-08-08,0.99883,0.99997,0.9985,0.99985,0.99915,0.999642,0.9999566,0.9993838720352844,0.9996364103524289,-0.0002525383171444462,-0.0002081575247603723,-4.438079238407389e-05,48.95833333333373,0.999642,0.00046464021172911996,1.0005712804234583,0.9987127195765418,0.001021194797913516,0.0005137256508613839,0.0002854573770211873,0.135,0.04949747468305833,2.0,0.395,0.021213203435596427,"{'positive': 2, 'negative': 0, 'neutral': 0}",0.0,0.0,1.0,0.0
USDT,2023-08-09,0.99985,0.99986,0.99906,0.99913,0.9991071428571427,0.9996030000000001,0.9999362,0.9993448147990869,0.9995988984744711,-0.0002540836753842646,-0.00021734275488515076,-3.674092049911381e-05,39.77528089887543,0.9996030000000001,0.000473609877250723,1.0005502197545015,0.9986557802454987,-0.0007201080162024809,0.0005922077451476098,0.0003133118442989196,0.18,0.04949747468305833,1.0,0.37,0.021213203435596427,"{'positive': 1, 'negative': 0, 'neutral': 0}",0.0,0.0,1.0,0.0
USDT,2023-08-10,0.99913,0.99943,0.99868,0.99894,0.9990714285714286,0.999549,0.999914,0.9992825355992274,0.9995500911800659,-0.0002675555808384633,-0.00022738532007581327,-4.017026076265004e-05,40.87759815242508,0.999549,0.00048499484537474876,1.0005189896907496,0.9985790103092506,-0.00019016544393613,0.0005897275872544282,0.0003134793871688709,0.18,0.04949747468305833,1.0,0.37,0.021213203435596427,"{'positive': 1, 'negative': 0, 'neutral': 0}",0.0,0.0,1.0,0.0
USDT,2023-08-11,0.99894,0.999,0.99848,0.9989,0.9990071428571429,0.9994890000000002,0.9998877999999999,0.9992236839685771,0.9995019362778388,-0.0002782523092617062,-0.00023755871791299188,-4.069359134871431e-05,36.893203883495204,0.9994890000000002,0.0004874628191361812,1.0004639256382726,0.9985140743617278,-4.0042444991783555e-05,0.00058347493980364,0.00031347940643217353,0.18,0.04949747468305833,1.0,0.37,0.021213203435596427,"{'positive': 1, 'negative': 0, 'neutral': 0}",0.0,0.0,1.0,0.0
USDT,2023-08-12,0.9989,0.99947,0.9989,0.99944,0.9990842857142856,0.9994620000000001,0.9998648,0.9992569633580267,0.9994973484054063,-0.00024038504737955435,-0.00023812398380630438,-2.261063573249974e-06,44.08602150537558,0.9994620000000001,0.00047359320767515004,1.0004091864153504,0.9985148135846498,0.0005405946541194862,0.000594290881688029,0.000320708975358313,0.18,0.04949747468305833,1.0,0.23,0.021213203435596427,"{'positive': 1, 'negative': 0, 'neutral': 0}",0.0,0.0,1.0,0.0
USDT,2023-08-13,0.99943,0.9995,0.99917,0.99921,0.9991857142857142,0.9994284999999999,0.9998364000000001,0.9992497382260226,0.9994760633383392,-0.00022632511231657215,-0.00023576420950835794,9.43909719178579e-06,42.70833333333367,0.9994284999999999,0.00046610677570284705,1.0003607135514057,0.9984962864485942,-0.00023012887216833366,0.0005746305866339037,0.0003216999002163488,0.0,0.04949747468305833,1.0,0.0,0.021213203435596427,"{'neutral': 1, 'negative': 0, 'positive': 0}",0.0,0.0,1.0,0.0
USDT,2023-08-14,0.99921,0.99923,0.99839,0.99885,0.9991885714285714,0.9993745,0.999807,0.9991882400374037,0.99942968827624,-0.00024144823883631705,-0.00023690101537394978,-4.547223462367272e-06,40.35433070866113,0.9993745,0.0004675071066596345,1.0003095142133194,0.9984394857866807,-0.0003602846248537128,0.0005879490045509144,0.00032586664112776493,-0.18,0.04949747468305833,1.0,0.49,0.021213203435596427,"{'negative': 1, 'neutral': 0, 'positive': 0}",0.0,0.0,1.0,0.0
USDT,2023-08-15,0.99886,0.99922,0.99842,0.9989,0.9990528571428572,0.9993174999999999,0.9997807999999999,0.9991438954162647,0.9993904521076297,-0.00024655669136497416,-0.00023883215057215467,-7.724540792819484e-06,43.84133611691011,0.9993174999999999,0.0004513124137195565,1.000220124827439,0.9984148751725608,5.005756620102275e-05,0.0003883479916138991,0.0003240575410039435,-0.18,0.04949747468305833,1.0,0.49,0.021213203435596427,"{'negative': 1, 'neutral': 0, 'positive': 0}",0.0,0.0,1.0,0.0
USDT,2023-08-16,0.99889,0.999,0.99864,0.99888,0.9990171428571429,0.9992749999999999,0.9997548,0.9991032961214548,0.9993526408403979,-0.00024934471894311194,-0.00024093466424634615,-8.410054696765789e-06,44.210526315788705,0.9992749999999999,0.0004504442252272957,1.0001758884504546,0.9983741115495454,-2.0022024226684643e-05,0.0002906176989014465,0.00032095660441773435,0.25,0.3535533905932738,2.0,0.25,0.3535533905932738,"{'neutral': 1, 'positive': 1, 'negative': 0}",0.0,0.0,1.0,0.0
USDT,2023-08-17,0.99888,1.0,0.99836,0.99943,0.999087142857143,0.9992474999999998,0.9997436000000001,0.9991535582566156,0.9993583711485166,-0.00020481289190099616,-0.00023371030977727616,2.8897417876279997e-05,52.37154150197654,0.9992474999999998,0.0004209622436359305,1.0000894244872718,0.998405575512728,0.0005506166906936727,0.00035314889352709765,0.00033849209139928893,0.19999999999999998,0.32787192621510003,3.0,0.4666666666666666,0.14571661996262927,"{'positive': 2, 'negative': 1, 'neutral': 0}",0.0,0.0,1.0,0.0
USDT,2023-08-18,0.99942,1.00047,0.99913,0.9995,0.9991728571428572,0.9992230000000001,0.9997360000000001,0.999206856986367,0.9993688621745523,-0.00016200518818532128,-0.0002193692854588852,5.736409727356392e-05,51.50905432595671,0.9992230000000001,0.00038848016956596074,0.999999960339132,0.9984460396608682,7.003992275600446e-05,0.0003498617512470665,0.0003366942658391267,0.03333333333333333,0.05773502691896258,3.0,0.18000000000000002,0.23065125189341593,"{'neutral': 2, 'positive': 1, 'negative': 0}",0.0,0.0,1.0,0.0
USDT,2023-08-19,0.99949,1.0,0.99939,0.99974,0.9992157142857143,0.9992145000000001,0.9997376,0.9992888789884644,0.9993963538653262,-0.00010747487686180168,-0.0001969904037394685,8.951552687766682e-05,58.823529411764426,0.9992145000000001,0.0003742568074671325,0.9999630136149343,0.9984659863850659,0.0002401200600299358,0.0002995890470702128,0.00033966485628065407,0.03333333333333333,0.05773502691896258,3.0,0.18000000000000002,0.23065125189341593,"{'neutral': 2, 'positive': 1, 'negative': 0}",0.0,0.0,1.0,0.0
USDT,2023-08-20,0.9997,1.0,0.99969,0.99995,0.9993214285714285,0.9992205000000001,0.9997366,0.9993905899133161,0.9994373646901169,-4.677477680081754e-05,-0.00016694727835173833,0.00012017250155092079,65.86433260393832,0.9992205000000001,0.00038543857458430325,0.9999913771491686,0.9984496228508315,0.00021005461419965066,0.0002781560870987331,0.0003413262285116657,0.03333333333333333,0.05773502691896258,3.0,0.18000000000000002,0.23065125189341593,"{'neutral': 2, 'positive': 1, 'negative': 0}",0.0,0.0,1.0,0.0
USDT,2023-08-21,0.99994,0.99997,0.9994,0.99985,0.9994642857142857,0.9992385,0.9997318000000002,0.9994612683881905,0.9994679302686268,-6.66188043629834e-06,-0.00013489019876865033,0.000128228318332352,61.75115207373293,0.9992385,0.0004065163297537761,1.0000515326595076,0.9984254673404924,-0.00010000500024998082,0.00021589699339949074,0.0003414121632084407,0.03333333333333333,0.05773502691896258,3.0,0.18000000000000002,0.23065125189341593,"{'neutral': 2, 'positive': 1, 'negative': 0}",0.0,0.0,1.0,0.0
USDT,2023-08-22,0.99985,0.99997,0.99936,0.99965,0.9995714285714286,0.9992495,0.9997234,0.9994903040207765,0.9994814169153952,8.887105381383265e-06,-0.00010613473793864362,0.00011502184332002688,47.1590909090912,0.9992495,0.0004148617398586649,1.0000792234797173,0.9984197765202827,-0.0002000300045006398,0.0002515802251705864,0.00034262586267757157,0.03333333333333333,0.05773502691896258,3.0,0.18000000000000002,0.23065125189341593,"{'neutral': 2, 'positive': 1, 'negative': 0}",0.0,0.0,1.0,0.0
USDT,2023-08-23,0.99965,0.99996,0.99929,0.99981,0.9997042857142857,0.9992804999999999,0.9997152,0.9995394880175802,0.9995057564031437,3.373161443653849e-05,-7.81614674636072e-05,0.00011189308190014569,61.486486486487294,0.9992804999999999,0.0004329516200497982,1.0001464032400995,0.9984145967599003,0.0001600560196068912,0.00024553076237150207,0.00034358344662346267,0.2,0.05773502691896258,1.0,0.2,0.23065125189341593,"{'positive': 1, 'negative': 0, 'neutral': 0}",0.0,0.0,1.0,0.0
USDT,2023-08-24,0.99981,0.99993,0.99934,0.99949,0.9997128571428571,0.9992875,0.9997018,0.999531874476414,0.99950458926217,2.7285214243999434e-05,-5.707213112208587e-05,8.43573453660853e-05,58.899676375403764,0.9992875,0.0004352600554037141,1.0001580201108073,0.9984169798891925,-0.0003200608115542236,0.00021765367888071211,0.0003482530926557792,0.0,0.05773502691896258,1.0,0.1,0.23065125189341593,"{'neutral': 1, 'negative': 0, 'positive': 0}",0.0,0.0,1.0,0.0
USDT,2023-08-25,0.99949,0.99973,0.99927,0.99944,0.9997042857142856,0.9993145,0.9996924,0.9995177399415811,0.9994998048723797,1.793506920144683e-05,-4.207069105737933e-05,6.000576025882616e-05,58.70967741935493,0.9993145,0.0004266204402516471,1.0001677408805032,0.9984612591194967,-5.002551301158675e-05,0.00021673354562969823,0.0003475032410609342,0.0,0.0,3.0,0.75,0.0,"{'neutral': 3, 'negative': 0, 'positive': 0}",0.0,0.0,1.0,0.0
USDT,2023-08-26,0.99944,0.9996,0.9992,0.99945,0.9996628571428571,0.999362,0.9996794,0.999507318412107,0.9994961156225738,1.1202789533260038e-05,-3.141599493925146e-05,4.26187844725115e-05,50.194552529182,0.999362,0.00038168049470781396,1.0001253609894156,0.9985986390105843,1.0005603137797081e-05,0.00018831744149082647,0.0003431776842821698,0.0,0.0,3.0,0.75,0.0,"{'neutral': 3, 'negative': 0, 'positive': 0}",0.0,0.0,1.0,0.0
USDT,2023-08-27,0.99945,0.99965,0.9994,0.99953,0.9996028571428572,0.9993970000000001,0.9996666000000001,0.9995108078871675,0.9994986255764572,1.2182310710318056e-05,-2.2696333809337557e-05,3.487864451965561e-05,56.61157024793368,0.9993970000000001,0.0003619115914699651,1.00012082318294,0.9986731768170601,8.00440242134659e-05,0.0001642547225210966,0.00034013743386521737,0.0,0.0,3.0,0.75,0.0,"{'neutral': 3, 'negative': 0, 'positive': 0}",0.0,0.0,1.0,0.0
USDT,2023-08-28,0.99952,0.99963,0.9991,0.99949,0.9995514285714285,0.999379,0.9996528000000001,0.9995076066737572,0.9994979866448678,9.620028889378851e-06,-1.6233061269594275e-05,2.5853090158973126e-05,65.23809523809469,0.999379,0.0003468337991760461,1.000072667598352,0.9986853324016479,-4.0018808840192044e-05,0.00016338234856402386,0.00034013351912863033,0.0,0.0,3.0,0.75,0.0,"{'neutral': 3, 'negative': 0, 'positive': 0}",0.0,0.0,1.0,0.0
USDT,2023-08-29,0.99949,1.00024,0.99914,1.00018,0.9996271428571429,0.9994315,0.9996524000000001,0.9996110518008714,0.9995485061526553,6.254564821606134e-05,-4.773193724631517e-07,6.30229675885245e-05,73.35766423357707,0.9994315,0.0003845746112514288,1.0002006492225028,0.9986623507774972,0.0006903520795606966,0.00030958899617612045,0.0003634621207998224,0.0,0.0,3.0,0.75,0.0,"{'neutral': 3, 'negative': 0, 'positive': 0}",0.0,0.0,1.0,0.0
USDT,2023-08-30,1.00019,1.00026,0.99974,1.0,0.9996542857142857,0.9994845000000001,0.9996520000000001,0.9996708899853527,0.9995819501413475,8.893984400515365e-05,1.7406113303060208e-05,7.153373070209343e-05,69.31034482758554,0.9994845000000001,0.0003863115051192313,1.0002571230102386,0.9987118769897616,-0.0001799676058310551,0.0003206372442377051,0.00036476268993974864,-0.25,0.21213203435596428,2.0,0.55,0.21213203435596417,"{'negative': 2, 'neutral': 0, 'positive': 0}",0.0,0.0,1.0,0.0
USDT,2023-08-31,1.0,1.00012,0.99967,0.99988,0.9997100000000001,0.9995334999999999,0.99965,0.9997030607568369,0.9996040279086551,9.903284818180147e-05,3.373146027880846e-05,6.530138790299301e-05,59.10931174088938,0.9995334999999999,0.00037008213887418416,1.0002736642777483,0.9987933357222515,-0.00012000000000000899,0.00029217960291244365,0.00035974736242100065,-0.25,0.21213203435596428,2.0,0.55,0.21213203435596417,"{'negative': 2, 'neutral': 0, 'positive': 0}",0.0,0.0,1.0,0.0
USDT,2023-09-01,0.99987,0.99988,0.99919,0.99949,0.9997171428571429,0.999536,0.999632,0.999670282178862,0.9995955813969029,7.47007819591472e-05,4.1925324614876215e-05,3.2775457344270985e-05,49.820788530464775,0.999536,0.0003695858279892879,1.0002751716559786,0.9987968283440214,-0.00039004680561671723,0.00033745544893465704,0.00036703160237424844,-0.25,0.21213203435596428,2.0,0.55,0.21213203435596417,"{'negative': 2, 'neutral': 0, 'positive': 0}",0.0,0.0,1.0,0.0
USDT,2023-09-02,0.99949,0.99992,0.99946,0.99989,0.99978,0.9995700000000001,0.9996200000000001,0.9997040849205755,0.9996173901823174,8.669473825806406e-05,5.087920734351379e-05,3.5815530914550274e-05,52.54237288135555,0.9995700000000001,0.000369295203608637,1.0003085904072173,0.9988314095927828,0.0004002041040931381,0.00036877144052053877,0.00037105800803010334,-0.25,0.21213203435596428,2.0,0.55,0.21213203435596417,"{'negative': 2, 'neutral': 0, 'positive': 0}",0.0,0.0,1.0,0.0
USDT,2023-09-03,0.99989,1.00001,0.99967,0.99982,0.9998214285714286,0.9996185000000001,0.9996104,0.9997219180097178,0.9996323983169606,8.951969275716731e-05,5.86073044262445e-05,3.0912388330922816e-05,47.68683274021416,0.9996185000000001,0.0003315239929998357,1.0002815479859997,0.9989554520140004,-7.000770084697461e-05,0.00037195871966870314,0.00037051254658691183,-0.25,0.21213203435596428,2.0,0.55,0.21213203435596417,"{'negative': 2, 'neutral': 0, 'positive': 0}",0.0,0.0,1.0,0.0
USDT,2023-09-04,0.99982,0.99987,0.99946,0.99972,0.9998542857142858,0.9996595000000001,0.9995955999999999,0.9997216229312996,0.9996388873305191,8.273560078053688e-05,6.343296369710298e-05,1.93026370834339e-05,47.68683274021416,0.9996595000000001,0.00028550002311317403,1.0002305000462266,0.9990884999537738,-0.00010001800324055399,0.000374830573639061,0.00036070958927699804,-0.25,0.21213203435596428,2.0,0.55,0.21213203435596417,"{'negative': 2, 'neutral': 0, 'positive': 0}",0.0,0.0,1.0,0.0
USDT,2023-09-05,0.99972,0.99978,0.99915,0.99951,0.9997585714285714,0.999691,0.9995823999999999,0.9996890655572536,0.999629340120851,5.972543640253569e-05,6.269145823818953e-05,-2.9660218356538347e-06,47.51773049645343,0.999691,0.00022284996141533624,1.0001366999228307,0.9992453000771693,-0.0002100588164686279,0.0002429022849198014,0.00035454468018748016,0.4,0.21213203435596428,1.0,1.0,0.21213203435596417,"{'positive': 1, 'negative': 0, 'neutral': 0}",0.0,0.0,1.0,0.0
USDT,2023-09-06,0.99952,0.99964,0.99925,0.99939,0.9996714285714285,0.999689,0.9995658000000001,0.9996430554715222,0.9996116112230102,3.1444248511980355e-05,5.6442016292947696e-05,-2.499776778096734e-05,42.44604316546837,0.999689,0.00022547960588763268,1.0001399592117752,0.9992380407882248,-0.00012005882882615282,0.00024048168040239048,0.00035106728029663843,0.4,0.21213203435596428,1.0,1.0,0.21213203435596417,"{'positive': 1, 'negative': 0, 'neutral': 0}",0.0,0.0,1.0,0.0
USDT,2023-09-07,0.9994,0.99962,0.99926,0.99949,0.9996157142857143,0.9996885000000001,0.9995558,0.9996195084759034,0.9996026029842687,1.6905491634688907e-05,4.853471136129594e-05,-3.162921972660703e-05,50.0,0.9996885000000001,0.00022593140560724347,1.0001403628112147,0.9992366371887856,0.00010006103723259052,0.00024967823893013515,0.0002963932020196873,0.4,0.21213203435596428,1.0,1.0,0.21213203435596417,"{'positive': 1, 'negative': 0, 'neutral': 0}",0.0,0.0,1.0,0.0
USDT,2023-09-08,0.99953,1.0,0.99938,0.99986,0.9996685714285715,0.9996945,0.9995548000000001,0.9996565071719182,0.9996216694298784,3.483774203982826e-05,4.579531749700241e-05,-1.0957575457174151e-05,57.29166666666599,0.9996945,0.0002289443739327139,1.0001523887478654,0.9992366112521346,0.00037018879628614165,0.0002453123174843891,0.0002724449506405729,0.4,0.21213203435596428,1.0,1.0,0.21213203435596417,"{'positive': 1, 'negative': 0, 'neutral': 0}",0.0,0.0,1.0,0.0
USDT,2023-09-09,0.99986,0.99991,0.99949,0.9997,0.9996414285714287,0.999682,0.9995484,0.9996631983762385,0.9996274716943319,3.5726681906655955e-05,4.378159037893312e-05,-8.054908472277164e-06,54.12541254125539,0.999682,0.00022094533745915573,1.0001238906749184,0.9992401093250817,-0.00016002240313639504,0.00020039546485665807,0.00027168093523420974,0.4,0.21213203435596428,1.0,1.0,0.21213203435596417,"{'positive': 1, 'negative': 0, 'neutral': 0}",0.0,0.0,1.0,0.0
USDT,2023-09-10,0.99968,0.99989,0.9996,0.99962,0.9996128571428571,0.9996705,0.9995388,0.9996565524722019,0.9996269182354924,2.963423670943044e-05,4.095211964503259e-05,-1.1317882935602147e-05,51.485148514850174,0.9996705,0.00021770271868745957,1.0001059054373749,0.999235094562625,-8.002400720219516e-05,0.00020078802400285133,0.0002721106858719471,0.4,0.21213203435596428,1.0,1.0,0.21213203435596417,"{'positive': 1, 'negative': 0, 'neutral': 0}",0.0,0.0,1.0,0.0
USDT,2023-09-11,0.99963,0.99978,0.99947,0.99968,0.9996071428571429,0.999672,0.9995327999999999,0.9996601597841708,0.9996308502180485,2.9309566122237563e-05,3.8623608940473586e-05,-9.314042818236023e-06,53.11475409836093,0.999672,0.0002176573841655799,1.0001073147683313,0.9992366852316689,6.0022808667348215e-05,0.00020040675366851302,0.0002542103109931378,0.4,0.21213203435596428,1.0,1.0,0.21213203435596417,"{'positive': 1, 'negative': 0, 'neutral': 0}",0.0,0.0,1.0,0.0
USDT,2023-09-12,0.99967,1.00012,0.9995,0.99991,0.9996642857142858,0.9996769999999999,0.9995334,0.9996985967404521,0.9996515279796746,4.706876077753552e-05,4.031263930788598e-05,6.756121469649546e-06,44.787644787642755,0.9996769999999999,0.00022209765523467068,1.0001211953104692,0.9992328046895306,0.00023007362355942362,0.00019456318701555352,0.0002532263100918326,0.4,0.21213203435596428,1.0,1.0,0.21213203435596417,"{'positive': 1, 'negative': 0, 'neutral': 0}",0.0,0.0,1.0,0.0
USDT,2023-09-13,0.99992,1.00037,0.99975,1.0002,0.99978,0.9997125,0.9995388,0.9997757357034595,0.9996921555367357,8.358016672371793e-05,4.896614479105237e-05,3.461402193266556e-05,53.703703703703404,0.9997125,0.00024608246379410306,1.0002046649275882,0.9992203350724118,0.0002900261023492945,0.00019404067212018498,0.00024700934189882,0.4,0.21213203435596428,1.0,1.0,0.21213203435596417,"{'positive': 1, 'negative': 0, 'neutral': 0}",0.0,0.0,1.0,0.0
USDT,2023-09-14,1.0002,1.00038,0.9998,1.00029,0.9998942857142856,0.9997550000000001,0.9995438,0.9998548532875426,0.9997364403117923,0.00011841297575032605,6.28555109829071e-05,5.555746476741895e-05,57.677902621721636,0.9997550000000001,0.0002688865932684533,1.000292773186537,0.9992172268134631,8.998200359910946e-05,0.00019421390571020995,0.00024714475451283717,0.4,0.21213203435596428,1.0,1.0,0.21213203435596417,"{'positive': 1, 'negative': 0, 'neutral': 0}",0.0,0.0,1.0,0.0
USDT,2023-09-15,1.00028,1.00043,0.99987,0.99997,0.99991,0.9997809999999999,0.9995486000000001,0.9998725681663823,0.9997537410294374,0.00011882713694488789,7.404983617530327e-05,4.477730076958462e-05,59.23076923077094,0.9997809999999999,0.00026291683703665036,1.0003068336740732,0.9992551663259266,-0.00031990722690411477,0.00021655131747961703,0.0002558351019699686,0.4,0.21213203435596428,1.0,1.0,0.21213203435596417,"{'positive': 1, 'negative': 0, 'neutral': 0}",0.0,0.0,1.0,0.0
USDT,2023-09-16,0.99997,1.00019,0.99988,1.00009,0.9999657142857143,0.999809,0.9995508000000001,0.999906019217708,0.9997786491013309,0.0001273701163772012,8.471389221568286e-05,4.265622416151833e-05,54.31034482758636,0.999809,0.00026459303415550355,1.000338186068311,0.999279813931689,0.00012000360010788746,0.00020418356216469146,0.00023740512582437956,0.4,0.21213203435596428,1.0,1.0,0.21213203435596417,"{'positive': 1, 'negative': 0, 'neutral': 0}",0.0,0.0,1.0,0.0
USDT,2023-09-17,1.00009,1.00036,1.00008,1.00024,1.0000542857142858,0.9998465,0.9995558,0.9999574008765222,0.9998128232419731,0.00014457763454911454,9.66866406823692e-05,4.7890993866745335e-05,58.750000000000064,0.9998465,0.0002700930639561644,1.0003866861279123,0.9993063138720877,0.00014998650121489376,0.0001970780174246943,0.0002384091703446094,0.0,0.21213203435596428,1.0,0.0,0.21213203435596417,"{'neutral': 1, 'negative': 0, 'positive': 0}",0.0,0.0,1.0,0.0
USDT,2023-09-18,1.00024,1.00035,0.99999,1.00016,1.000122857142857,0.9998454999999999,0.9995608,0.9999885699724418,0.999838540038864,0.00015002993357782213,0.0001073552992614598,4.2674634316362326e-05,59.243697478989425,0.9998454999999999,0.00026882737571547394,1.0003831547514308,0.999307845248569,-7.998080460702717e-05,0.00020730036721614838,0.00023558176851525876,0.0,0.21213203435596428,1.0,0.0,0.21213203435596417,"{'neutral': 1, 'negative': 0, 'positive': 0}",0.0,0.0,1.0,0.0
USDT,2023-09-19,1.00015,1.00025,0.99999,1.00014,1.0001557142857143,0.9998524999999999,0.9995670000000001,1.0000118668997584,0.9998608704063555,0.00015099649340288845,0.00011608353808974554,3.491295531314292e-05,64.38356164383735,0.9998524999999999,0.00027481812174476517,1.0004021362434894,0.9993028637565103,-1.999680051179009e-05,0.00019607887677237497,0.00023270754745621555,0.0,0.21213203435596428,1.0,0.0,0.21213203435596417,"{'neutral': 1, 'negative': 0, 'positive': 0}",0.0,0.0,1.0,0.0
USDT,2023-09-20,1.00014,1.00022,0.99992,1.00006,1.0001357142857141,0.9998615000000001,0.9995784000000001,1.0000192719921033,0.9998756207466255,0.00014365124547777164,0.00012159707956735076,2.2054165910420875e-05,65.58139534883692,0.9998615000000001,0.00027868629796041756,1.0004188725959209,0.9993041274040793,-7.998880156789845e-05,0.0001621383958049113,0.0002324205874344733,0.0,0.0,2.0,0.5,0.7071067811865476,"{'neutral': 2, 'negative': 0, 'positive': 0}",0.0,0.0,1.0,0.0
USDT,2023-09-21,1.00006,1.00014,0.99988,0.99996,1.0000885714285714,0.9998849999999999,0.999589,1.0000101532240875,0.9998818710616902,0.00012828216239724188,0.000122934096133329,5.348066263912885e-06,60.93023255813949,0.9998849999999999,0.00026520101618701983,1.000415402032374,0.9993545979676258,-9.999400035998196e-05,0.00015646387227158027,0.00023005306609759024,0.125,0.1767766952966369,2.0,0.165,0.2333452377915607,"{'neutral': 1, 'positive': 1, 'negative': 0}",0.0,0.0,1.0,0.0
USDT,2023-09-22,0.99997,1.00001,0.99974,0.99993,1.0000828571428573,0.9998869999999999,0.9996038,0.9999978219588432,0.9998854361682317,0.00011238579061156884,0.00012082443502897697,-8.438644417408137e-06,51.9337016574591,0.9998869999999999,0.00026539146862362246,1.0004177829372471,0.9993562170627526,-3.0001200047924392e-05,0.00010063336947885262,0.00022839956107169562,0.1,0.1767766952966369,1.0,0.8,0.2333452377915607,"{'positive': 1, 'negative': 0, 'neutral': 0}",0.0,0.0,1.0,0.0
USDT,2023-09-23,0.99993,1.00007,0.99992,1.00007,1.00008,0.9998994999999999,0.9996182,1.0000089262728673,0.9998991075631775,0.0001098187096898462,0.00011862328996115083,-8.804580271304632e-06,60.335195530725976,0.9998994999999999,0.0002679449080005907,1.0004353898160012,0.9993636101839988,0.0001400098006860695,0.00010498859595885696,0.0002212214135071171,0.1,0.1767766952966369,1.0,0.8,0.2333452377915607,"{'positive': 1, 'negative': 0, 'neutral': 0}",0.0,0.0,1.0,0.0
USDT,2023-09-24,1.00007,1.00016,0.99997,1.00004,1.0000514285714286,0.9999155,0.999641,1.0000137068462724,0.9999095440399791,0.00010416280629332864,0.00011573119322758639,-1.1568386934257755e-05,62.0689655172449,0.9999155,0.00026621073970436364,1.0004479214794086,0.9993830785205913,-2.999790014701631e-05,8.050371395528545e-05,0.00022103494228793542,0.1,0.1767766952966369,1.0,0.8,0.2333452377915607,"{'positive': 1, 'negative': 0, 'neutral': 0}",0.0,0.0,1.0,0.0
USDT,2023-09-25,1.00004,1.00017,0.9991,0.99995,1.0000214285714286,0.9999375,0.99967,1.0000039057929997,0.9999125407777585,9.13650152412071e-05,0.00011085795763031054,-1.9492942389103435e-05,57.627118644068325,0.9999375,0.00024852988814693414,1.0004345597762938,0.9994404402237062,-8.999640014406562e-05,8.165068336501545e-05,0.00022194350800556144,0.0,0.1767766952966369,1.0,0.0,0.2333452377915607,"{'neutral': 1, 'negative': 0, 'positive': 0}",0.0,0.0,1.0,0.0
USDT,2023-09-26,0.99994,0.99995,0.99934,0.99957,0.9999399999999999,0.9999465000000001,0.9996848,0.9999371510556151,0.9998871673868134,4.99836688017119e-05,9.868309986459082e-05,-4.8699431062878916e-05,41.145833333332796,0.9999465000000001,0.00023024643556804068,1.000406992871136,0.999486007128864,-0.00038001900095008256,0.00015486620111099258,0.00023303269701114763,0.0,0.1767766952966369,1.0,0.0,0.2333452377915607,"{'neutral': 1, 'negative': 0, 'positive': 0}",0.0,0.0,1.0,0.0
USDT,2023-09-27,0.99957,0.99958,0.99898,0.99926,0.9998257142857143,0.999935,0.9996729999999999,0.9998329739701358,0.9998407105433458,-7.736573209959907e-06,7.739916524968067e-05,-8.513573845964058e-05,25.77319587628807,0.999935,0.00025828380970352346,1.000451567619407,0.999418432380593,-0.00031013335734353387,0.00017731291746467335,0.00023980644768220607,0.0,0.1767766952966369,1.0,0.0,0.2333452377915607,"{'neutral': 1, 'negative': 0, 'positive': 0}",0.0,0.0,1.0,0.0
USDT,2023-09-28,0.99926,1.00003,0.99897,0.99998,0.9998285714285714,0.999941,0.99969,0.9998555933593457,0.9998510282808757,4.56507847002019e-06,6.283234789374858e-05,-5.826726942372839e-05,43.96887159533191,0.999941,0.0002578432817311733,1.0004566865634623,0.9994253134365376,0.0007205331945638882,0.00036267704737359083,0.00024287927700166335,-0.05,0.07071067811865477,2.0,0.285,0.40305086527633205,"{'negative': 1, 'neutral': 1, 'positive': 0}",0.0,0.0,1.0,0.0
USDT,2023-09-29,0.99997,1.00002,0.99971,0.99989,0.9998228571428571,0.9999505,0.999709,0.9998608866886771,0.9998539150748849,6.971613792261522e-06,5.1660201073451173e-05,-4.468858728118965e-05,48.290598290596584,0.9999505,0.0002519288747521473,1.0004543577495042,0.9994466422504956,-9.000180003604363e-05,0.00036429004803064107,0.000241215060525788,-0.05,0.07071067811865477,2.0,0.285,0.40305086527633205,"{'negative': 1, 'neutral': 1, 'positive': 0}",0.0,0.0,1.0,0.0
USDT,2023-09-30,0.99989,1.00021,0.99985,1.0002,0.9998414285714284,0.9999794999999999,0.999735,0.9999130579673422,0.9998795509952637,3.350697207848974e-05,4.802955527445889e-05,-1.4522583195969152e-05,52.17391304347922,0.9999794999999999,0.00024517394477590986,1.0004698478895517,0.9994891521104481,0.00031003410375141094,0.0003809103246966728,0.000246775261350851,-0.05,0.07071067811865477,2.0,0.285,0.40305086527633205,"{'negative': 1, 'neutral': 1, 'positive': 0}",0.0,0.0,1.0,0.0
USDT,2023-10-01,1.00019,1.0002,0.99997,1.00011,0.9998514285714285,1.0000010000000001,0.9997484,0.9999433567415973,0.9998966212919108,4.6735449686474695e-05,4.777073415686206e-05,-1.0352844703873633e-06,47.36842105263229,1.0000010000000001,0.000236218008220094,1.0004734360164402,0.9995285639835599,-8.998200359922048e-05,0.0003828563885835899,0.00023580990228657729,-0.05,0.07071067811865477,2.0,0.285,0.40305086527633205,"{'negative': 1, 'neutral': 1, 'positive': 0}",0.0,0.0,1.0,0.0
USDT,2023-10-02,1.00011,1.00092,0.99977,1.00029,0.9999,1.0000200000000001,0.9997699999999999,0.9999966864736592,0.999925760455473,7.092601818625699e-05,5.2401790962741046e-05,1.8524227223515944e-05,52.52918287937698,1.0000200000000001,0.00024367795839474652,1.0005073559167896,0.9995326440832106,0.0001799802021775765,0.00038469079792473733,0.00022684585825697044,-0.1,0.07071067811865477,1.0,0.55,0.40305086527633205,"{'negative': 1, 'neutral': 0, 'positive': 0}",0.0,0.0,1.0,0.0
USDT,2023-10-03,1.00029,1.0003,0.9999,0.99999,0.99996,1.0000095,0.9997928,0.999995657785404,0.9999305189402528,6.51388451512469e-05,5.494920180044222e-05,1.0189643350804684e-05,47.368421052631575,1.0000095,0.00024001041652192763,1.0004895208330438,0.9995294791669561,-0.0002999130252225868,0.00037075319603169953,0.00023354382693774683,0.3,0.07071067811865477,1.0,0.5,0.40305086527633205,"{'positive': 1, 'negative': 0, 'neutral': 0}",0.0,0.0,1.0,0.0
USDT,2023-10-04,1.00002,1.00019,0.9998,1.00005,1.0000728571428572,0.9999974999999999,0.9998158,1.0000040181261112,0.999939369389123,6.464873698819318e-05,5.6889108837992415e-05,7.759628150200764e-06,49.82332155477307,0.9999974999999999,0.00023108155324382996,1.0004596631064875,0.9995353368935123,6.000060000599383e-05,0.0003336971875947422,0.00023287258879849018,0.3,0.07071067811865477,1.0,0.5,0.40305086527633205,"{'positive': 1, 'negative': 0, 'neutral': 0}",0.0,0.0,1.0,0.0
USDT,2023-10-05,1.00004,1.00042,0.99992,1.00027,1.0001142857142857,1.0000125,0.9998436,1.0000449384144017,0.9999638605454843,8.107786891742297e-05,6.172686085387854e-05,1.9351008063544432e-05,55.25423728813692,1.0000125,0.00023881009860749549,1.000490120197215,0.999534879802785,0.00021998900054986947,0.00021394352806749806,0.00023202858418057575,0.3,0.07071067811865477,1.0,0.5,0.40305086527633205,"{'positive': 1, 'negative': 0, 'neutral': 0}",0.0,0.0,1.0,0.0
USDT,2023-10-06,1.00028,1.00056,0.99982,1.00041,1.0001885714285714,1.0000285,0.9998632,1.000101101735263,0.9999969079124854,0.00010419382277759848,7.022025323862252e-05,3.397356953897595e-05,57.843137254903525,1.0000285,0.0002544814129021655,1.0005374628258044,0.9995195371741956,0.00013996221020318167,0.00020796799481697842,0.00023126434387286095,0.3,0.07071067811865477,1.0,0.5,0.40305086527633205,"{'positive': 1, 'negative': 0, 'neutral': 0}",0.0,0.0,1.0,0.0
USDT,2023-10-07,1.00041,1.00065,1.0004,1.00057,1.0002414285714287,1.0000449999999999,0.9998846,1.000173239929838,1.0000393591782273,0.00013388075161069324,8.295235291303667e-05,5.0928398697656566e-05,58.11688311688347,1.0000449999999999,0.0002784827312741478,1.0006019654625482,0.9994880345374516,0.00015993442688500004,0.00018621090627360805,0.00023211063495695762,0.3,0.07071067811865477,1.0,0.5,0.40305086527633205,"{'positive': 1, 'negative': 0, 'neutral': 0}",0.0,0.0,1.0,0.0
USDT,2023-10-08,1.00058,1.00077,1.00044,1.00057,1.0003071428571428,1.0000655000000003,0.9999011999999999,1.000234279940632,1.000078665905766,0.00015561403486596959,9.748468930362326e-05,5.812934556234633e-05,58.68852459016389,1.0000655000000003,0.0003015307438928944,1.0006685614877862,0.9994624385122145,0.0,0.0001776147142656297,0.00022341008185374362,0.3,0.07071067811865477,1.0,0.5,0.40305086527633205,"{'positive': 1, 'negative': 0, 'neutral': 0}",0.0,0.0,1.0,0.0
USDT,2023-10-09,1.00056,1.00057,1.00006,1.00021,1.0002957142857143,1.000069,0.9999064,1.0002305445651503,1.0000883943571908,0.00014215020795949052,0.00010641779303479672,3.5732414924693795e-05,53.91566265060364,1.000069,0.00030284441035128293,1.0006746888207028,0.9994633111792975,-0.0003597949168973047,0.00022936639667708866,0.00023189090794989192,0.3,0.07071067811865477,1.0,0.5,0.40305086527633205,"{'positive': 1, 'negative': 0, 'neutral': 0}",0.0,0.0,1.0,0.0
USDT,2023-10-10,1.00021,1.00032,0.9999,1.00011,1.0003128571428572,1.0000715,0.9999115999999999,1.0002119992474348,1.0000899947751767,0.00012200447225807487,0.00010953512887945236,1.2469343378622511e-05,58.88157894737182,1.0000715,0.00030297255397141,1.0006774451079428,0.9994655548920571,-9.99790044090565e-05,0.00019771648961600363,0.00023220729681250863,0.035,0.04949747468305833,2.0,0.8,0.28284271247461906,"{'neutral': 1, 'positive': 1, 'negative': 0}",0.0,0.0,1.0,0.0
USDT,2023-10-11,1.0001,1.00031,0.99958,0.99971,1.0002642857142858,1.000059,0.9999128,1.0001347685939832,1.0000618470140525,7.292157993066262e-05,0.00010221241908969442,-2.92908391590318e-05,57.18849840255621,1.000059,0.00031281237025779284,1.0006846247405157,0.9994333752594844,-0.0003999560048395523,0.0002504919918842938,0.0002441062597983489,0.27,0.04949747468305833,1.0,0.42,0.28284271247461906,"{'positive': 1, 'negative': 0, 'neutral': 0}",0.0,0.0,1.0,0.0
USDT,2023-10-12,0.99972,0.99989,0.99947,0.99963,1.0001728571428572,1.0000440000000002,0.9999092,1.0000571118872166,1.000029858346345,2.7253540871630122e-05,8.722064344608157e-05,-5.9967102574451446e-05,42.9718875502003,1.0000440000000002,0.00032622885095719075,1.0006964577019146,0.9993915422980858,-8.002320672995111e-05,0.00022079292571479874,0.00024061350224972134,0.0,0.04949747468305833,1.0,0.0,0.28284271247461906,"{'neutral': 1, 'negative': 0, 'positive': 0}",0.0,0.0,1.0,0.0
USDT,2023-10-13,0.99962,0.99979,0.99938,0.99978,1.000082857142857,1.0000295000000001,0.999915,1.0000144792891832,1.0000113503206898,3.128968493415485e-06,7.040230845554836e-05,-6.727333996213287e-05,47.84313725490264,1.0000295000000001,0.0003314160210164043,1.000692332042033,0.9993666679579674,0.00015005552054248028,0.00022258144641463097,0.00023592033916821443,-0.13,0.04949747468305833,1.0,0.58,0.28284271247461906,"{'negative': 1, 'neutral': 0, 'positive': 0}",0.0,0.0,1.0,0.0
USDT,2023-10-14,0.99978,1.00002,0.99971,0.99994,0.9999928571428571,1.0000244999999999,0.9999250000000001,1.0000030209370012,1.0000060651117497,-3.0441747485010495e-06,5.571301181473848e-05,-5.875718656323953e-05,44.583333333333755,1.0000244999999999,0.0003320030913569386,1.0006885061827138,0.999360493817286,0.00016003520774576785,0.00022260030728803976,0.00023732724667933084,0.14,0.15556349186104046,2.0,0.445,0.24748737341529162,"{'positive': 2, 'negative': 0, 'neutral': 0}",0.0,0.0,1.0,0.0
USDT,2023-10-15,0.99994,1.00006,0.99987,1.00004,0.999917142857143,1.000029,0.9999368,1.0000087100236164,1.0000085788071758,1.312164406019889e-07,4.4596652739911186e-05,-4.44654362993092e-05,48.547717842323095,1.000029,0.00033154978992132084,1.0006920995798427,0.9993659004201574,0.00010000600035997564,0.00023233211571893497,0.00023081260982852202,0.14,0.15556349186104046,2.0,0.445,0.24748737341529162,"{'positive': 2, 'negative': 0, 'neutral': 0}",0.0,0.0,1.0,0.0
USDT,2023-10-16,1.00004,1.0005,0.99983,1.00041,0.9999457142857143,1.0000710000000002,0.9999544,1.00007044694306,1.000038313710348,3.213323271200608e-05,4.2103968734330167e-05,-9.97073602232409e-06,52.30769230769487,1.0000710000000002,0.00032345015077890426,1.000717900301558,0.9994240996984424,0.0003699852005920601,0.0002468674203041359,0.00023955310935687673,0.0,0.15556349186104046,1.0,0.0,0.24748737341529162,"{'neutral': 1, 'negative': 0, 'positive': 0}",0.0,0.0,1.0,0.0
USDT,2023-10-17,1.00042,1.00065,1.00025,1.00037,0.9999828571428572,1.0001265,0.999972,1.000116532028743,1.000062883065137,5.364896360604554e-05,4.4412967708673245e-05,9.235995897372296e-06,58.1196581196571,1.0001265,0.0002673313536987073,1.0006611627073974,0.9995918372926025,-3.998360672130552e-05,0.0002426655417213865,0.00023825132332622352,0.0,0.15556349186104046,1.0,0.0,0.24748737341529162,"{'neutral': 1, 'negative': 0, 'positive': 0}",0.0,0.0,1.0,0.0
USDT,2023-10-18,1.00037,1.00059,1.00008,1.00021,1.0000542857142858,1.0001380000000002,0.9999726,1.0001309117166288,1.0000737806158677,5.713110076110972e-05,4.6956594319160545e-05,1.0174506441949176e-05,53.27868852458919,1.0001380000000002,0.00026563924891683454,1.000669278497834,0.9996067215021666,-0.00015994082189585423,0.00017928941757598145,0.0002396704116432796,0.0,0.15556349186104046,1.0,0.0,0.24748737341529162,"{'neutral': 1, 'negative': 0, 'positive': 0}",0.0,0.0,1.0,0.0
USDT,2023-10-19,1.00022,1.00052,1.00005,1.0004,1.0001642857142856,1.0001635,0.9999806,1.0001723099140705,1.0000979450146923,7.436489937817647e-05,5.243825533096373e-05,2.1926644047212744e-05,52.69709543568411,1.0001635,0.0002650575906374439,1.0006936151812749,0.9996333848187251,0.00018996010837724064,0.00017007689332782362,0.0002420686330168161,0.0,0.15556349186104046,1.0,0.0,0.24748737341529162,"{'neutral': 1, 'negative': 0, 'positive': 0}",0.0,0.0,1.0,0.0
USDT,2023-10-20,1.0004,1.0009,1.00018,1.00042,1.0002557142857145,1.0001745000000002,0.9999914,1.0002104160811365,1.0001218009395298,8.861514160662942e-05,5.967363258609687e-05,2.894150902053255e-05,50.218340611355146,1.0001745000000002,0.0002711471731595318,1.0007167943463193,0.9996322056536812,1.9992003198909813e-05,0.00017206666227021468,0.0002414931663876349,0.0,0.15556349186104046,1.0,0.0,0.24748737341529162,"{'neutral': 1, 'negative': 0, 'positive': 0}",0.0,0.0,1.0,0.0
USDT,2023-10-21,1.00041,1.00052,1.00019,1.00049,1.0003342857142858,1.0001935,1.0000114,1.0002534289917309,1.0001490749440092,0.00010435404772168866,6.860971561321523e-05,3.574433210847343e-05,48.1818181818214,1.0001935,0.00027957251208295873,1.000752645024166,0.9996343549758341,6.997061234281787e-05,0.00016942932572756953,0.0002407671582163446,0.0,0.15556349186104046,1.0,0.0,0.24748737341529162,"{'neutral': 1, 'negative': 0, 'positive': 0}",0.0,0.0,1.0,0.0
USDT,2023-10-22,1.00049,1.00065,1.00028,1.00034,1.0003771428571429,1.000196,1.0000204,1.0002667476083877,1.0001632175407493,0.00010353006763841321,7.559378601825483e-05,2.7936281620158384e-05,45.106382978724575,1.000196,0.0002807021272616505,1.0007574042545233,0.9996345957454768,-0.00014992653599743555,0.00018932562519421582,0.00024257509089159197,0.0,0.15556349186104046,1.0,0.0,0.24748737341529162,"{'neutral': 1, 'negative': 0, 'positive': 0}",0.0,0.0,1.0,0.0
USDT,2023-10-23,1.00034,1.00071,1.00011,1.00052,1.0003928571428573,1.0002225,1.0000343999999999,1.0003057095147896,1.0001896458710642,0.0001160636437254059,8.368775755968505e-05,3.237588616572084e-05,57.14285714285714,1.0002225,0.00028521229403767406,1.0007929245880753,0.9996520754119247,0.00017993882080102885,0.0001424120818496535,0.00024340020494510487,0.0,0.15556349186104046,1.0,0.0,0.24748737341529162,"{'neutral': 1, 'negative': 0, 'positive': 0}",0.0,0.0,1.0,0.0
USDT,2023-10-24,1.00052,1.00063,0.998,0.99988,1.000322857142857,1.0002140000000002,1.0000376,1.0002402157432835,1.0001667091398743,7.350660340921245e-05,8.165152672959054e-05,-8.14492332037809e-06,45.75645756457498,1.0002140000000002,0.00029304930434230324,1.0008000986086847,0.9996279013913155,-0.0006396673729661684,0.0002877317929994215,0.0002711578272667058,0.1,0.15556349186104046,1.0,0.4,0.24748737341529162,"{'positive': 1, 'negative': 0, 'neutral': 0}",0.0,0.0,1.0,0.0
USDT,2023-10-25,0.99988,1.00045,0.99978,1.00023,1.0003257142857143,1.0002119999999999,1.000052,1.0002386440904707,1.0001713973517354,6.724673873526044e-05,7.877056913072452e-05,-1.1523830395464079e-05,59.77443609022411,1.0002119999999999,0.00029278337606808565,1.000797566752136,0.9996264332478637,0.00035004200504062943,0.0003234916749026458,0.0002782276844281277,-0.11,0.15556349186104046,1.0,0.39,0.24748737341529162,"{'negative': 1, 'neutral': 0, 'positive': 0}",0.0,0.0,1.0,0.0
USDT,2023-10-26,1.00024,1.00034,0.9999,1.00001,1.00027,1.000192,1.0000644,1.0002034680765521,1.0001594419923476,4.402608420450704e-05,7.182167214548103e-05,-2.7795587940973983e-05,56.78571428571479,1.000192,0.00029220756868463584,1.0007764151373693,0.9996075848626307,-0.00021994941163516746,0.00032107865075131105,0.0002719671776068481,0.0,0.15556349186104046,1.0,0.0,0.24748737341529162,"{'neutral': 1, 'negative': 0, 'positive': 0}",0.0,0.0,1.0,0.0
USDT,2023-10-27,1.0,1.00025,0.99999,1.00022,1.0002414285714285,1.0001745000000002,1.0000790000000002,1.0002060114493903,1.0001639277706922,4.208367869806828e-05,6.587407345599849e-05,-2.3790394757930203e-05,57.692307692309036,1.0001745000000002,0.0002785389513284211,1.000731577902657,0.9996174220973434,0.00020999790002096397,0.0003362145492550997,0.00026707993573427347,-0.03,0.15556349186104046,1.0,0.26,0.24748737341529162,"{'negative': 1, 'neutral': 0, 'positive': 0}",0.0,0.0,1.0,0.0
USDT,2023-10-28,1.00023,1.00026,1.00004,1.00016,1.0001942857142858,1.000154,1.000085,1.0001989327648686,1.0001636368247149,3.529594015372339e-05,5.9758446795543474e-05,-2.446250664182008e-05,53.985507246374304,1.000154,0.0002625261892435577,1.0006790523784872,0.9996289476215129,-5.998680290353331e-05,0.0003334466729382998,0.0002336194405631497,-0.03,0.15556349186104046,1.0,0.26,0.24748737341529162,"{'negative': 1, 'neutral': 0, 'positive': 0}",0.0,0.0,1.0,0.0
USDT,2023-10-29,1.00017,1.00043,1.00007,1.00035,1.0001957142857143,1.0001609999999999,1.000098,1.0002221738779657,1.0001774415043656,4.4732373600142594e-05,5.67532321564633e-05,-1.2020858556320707e-05,55.43859649122776,1.0001609999999999,0.0002659422177779086,1.0006928844355556,0.999629115564444,0.00018996960486328263,0.0003406440404773926,0.00023523754465930275,-0.03,0.15556349186104046,1.0,0.26,0.24748737341529162,"{'negative': 1, 'neutral': 0, 'positive': 0}",0.0,0.0,1.0,0.0
USDT,2023-10-30,1.00036,1.00053,1.0,1.00033,1.0001685714285713,1.000172,1.0001122,1.000238762512125,1.000188742133672,5.0020378453030645e-05,5.5406661415776774e-05,-5.386282962746129e-06,48.39999999999879,1.000172,0.0002682614593359276,1.0007085229186719,0.9996354770813282,-1.9993002449258945e-05,0.0003314444274450589,0.00022860519339091103,0.24666666666666667,0.4605793453177566,3.0,0.5066666666666667,0.2983845393671283,"{'positive': 2, 'negative': 1, 'neutral': 0}",0.0,0.0,1.0,0.0
USDT,2023-10-31,1.00034,1.00051,1.00017,1.00042,1.0002457142857144,1.0002075,1.000127,1.0002666452025673,1.0002058723459926,6.0772856574686784e-05,5.647990044755878e-05,4.2929561271280045e-06,50.98039215686454,1.0002075,0.00025028142062960416,1.000708062841259,0.9997069371587407,8.997030979784881e-05,0.00019214688850420524,0.0002284052582465676,0.24666666666666667,0.4605793453177566,3.0,0.5066666666666667,0.2983845393671283,"{'positive': 2, 'negative': 1, 'neutral': 0}",0.0,0.0,1.0,0.0
USDT,2023-11-01,1.00042,1.00056,1.00005,1.00031,1.000257142857143,1.0002415,1.000135,1.000273315171403,1.0002135855055487,5.9729665854213465e-05,5.712985352888972e-05,2.599812325323747e-06,51.99999999999911,1.0002415,0.0002107698920791865,1.0006630397841583,0.9998199602158416,-0.00010995381939593596,0.0001590767162732448,0.00022711077698931033,-0.0033333333333333335,0.005773502691896258,3.0,0.12666666666666668,0.2193931022920578,"{'neutral': 2, 'negative': 1, 'positive': 0}",0.0,0.0,1.0,0.0
USDT,2023-11-02,1.00031,1.00071,1.00002,1.00013,1.0002742857142857,1.000259,1.0001336,1.0002512666834948,1.0002073939866192,4.387269687566864e-05,5.4478422198245503e-05,-1.0605725322576866e-05,44.57831325301436,1.000259,0.00018315653367573313,1.0006253130673515,0.9998926869326485,-0.0001799442172927268,0.0001498281939771145,0.00022264757221604722,-0.08,0.005773502691896258,1.0,0.64,0.2193931022920578,"{'negative': 1, 'neutral': 0, 'positive': 0}",0.0,0.0,1.0,0.0
USDT,2023-11-03,1.00012,1.00049,1.00005,1.00039,1.0002985714285715,1.0002815,1.0001356000000001,1.0002726102706494,1.0002209203579806,5.16899126687953e-05,5.392072029235546e-05,-2.2308076235601616e-06,49.450549450546006,1.0002815,0.00016899937725417687,1.0006194987545085,0.9999435012454917,0.00025996620439339146,0.0001612986310410066,0.00022730504797541275,-0.08,0.005773502691896258,1.0,0.64,0.2193931022920578,"{'negative': 1, 'neutral': 0, 'positive': 0}",0.0,0.0,1.0,0.0
USDT,2023-11-04,1.00039,1.00071,1.00027,1.00058,1.0003585714285714,1.0003085,1.0001478,1.0003199009982418,1.000247518849982,7.238214825977529e-05,5.7613005885839436e-05,1.4769142373935856e-05,51.57894736841921,1.0003085,0.00017150341422612683,1.0006515068284523,0.9999654931715478,0.0001899259288877797,0.0001670897740934328,0.00022641808424596157,-0.08,0.005773502691896258,1.0,0.64,0.2193931022920578,"{'negative': 1, 'neutral': 0, 'positive': 0}",0.0,0.0,1.0,0.0
USDT,2023-11-05,1.00058,1.00121,1.00052,1.0008,1.000422857142857,1.000328,1.000162,1.0003937623831276,1.0002884433796129,0.00010531900351473666,6.715420541161888e-05,3.816479810311778e-05,57.87671232876361,1.000328,0.00020294152654509476,1.0007338830530903,0.9999221169469099,0.00021987247396504372,0.0001712959569278067,0.00022845630387204456,-0.08,0.005773502691896258,1.0,0.64,0.2193931022920578,"{'negative': 1, 'neutral': 0, 'positive': 0}",0.0,0.0,1.0,0.0
USDT,2023-11-06,1.00079,1.00088,1.00004,1.00028,1.0004157142857142,1.0003235,1.0001628,1.000376260478031,1.000287817944086,8.844253394513224e-05,7.141187111832156e-05,1.703066282681068e-05,46.31901840490825,1.0003235,0.00020295903148078028,1.0007294180629616,0.9999175819370384,-0.0005195843325338512,0.0002811218435583701,0.000246371232446015,0.0,0.0,2.0,0.0,0.0,"{'neutral': 2, 'negative': 0, 'positive': 0}",0.0,0.0,1.0,0.0
USDT,2023-11-07,1.00028,1.00056,1.00004,1.00046,1.0004214285714286,1.0003360000000001,1.0001688,1.000389143481411,1.0003005721704499,8.857131096107196e-05,7.484375908687164e-05,1.3727551874200323e-05,60.35714285714041,1.0003360000000001,0.00020329910564076853,1.0007425982112816,0.9999294017887186,0.00017994961410794375,0.00028826679419779956,0.00024879254482210406,0.0,0.0,2.0,0.0,0.0,"{'neutral': 2, 'negative': 0, 'positive': 0}",0.0,0.0,1.0,0.0
USDT,2023-11-08,1.00046,1.00051,0.99997,1.00022,1.0004085714285715,1.000327,1.0001704,1.0003631214073476,1.0002946038615277,6.851754581993497e-05,7.357851643348431e-05,-5.060970613549341e-06,49.81412639405496,1.000327,0.00020429854325324914,1.0007355970865064,0.9999184029134934,-0.00023988965076049418,0.00030086690174626333,0.00024378631654814944,0.0,0.0,2.0,0.0,0.0,"{'neutral': 2, 'negative': 0, 'positive': 0}",0.0,0.0,1.0,0.0
USDT,2023-11-09,1.00022,1.00066,1.00001,1.00019,1.000417142857143,1.0003155,1.000173,1.0003364873446787,1.0002868554273405,4.963191733819983e-05,6.878919661442741e-05,-1.9157279276227584e-05,53.59999999999638,1.0003155,0.00020525914310462915,1.0007260182862092,0.9999049817137906,-2.9993401451822166e-05,0.0002921974377316872,0.00024312698146059905,0.2,0.28284271247461906,2.0,0.35,0.49497474683058323,"{'neutral': 1, 'positive': 1, 'negative': 0}",0.0,0.0,1.0,0.0
USDT,2023-11-10,1.00019,1.00061,0.99998,1.00052,1.0004357142857143,1.0003170000000001,1.0001841999999999,1.000364720060882,1.0003041253956857,6.059466519636736e-05,6.71502903308154e-05,-6.555625134448039e-06,55.725190839692914,1.0003170000000001,0.0002067059952193542,1.0007304119904388,0.9999035880095614,0.0003299373119109994,0.00030321840214650973,0.00023790848203383264,0.2,0.28284271247461906,2.0,0.35,0.49497474683058323,"{'neutral': 1, 'positive': 1, 'negative': 0}",0.0,0.0,1.0,0.0
USDT,2023-11-11,1.00051,1.00074,1.00018,1.00025,1.0003885714285714,1.0003125,1.0001906,1.0003470708207463,1.0003001161071163,4.6954713629920874e-05,6.31111749906365e-05,-1.615646136071562e-05,51.590106007069515,1.0003125,0.00020715808872159757,1.0007268161774432,0.9998981838225568,-0.00026985967296999647,0.00030965216042637346,0.0002433170709073288,0.2,0.28284271247461906,2.0,0.35,0.49497474683058323,"{'neutral': 1, 'positive': 1, 'negative': 0}",0.0,0.0,1.0,0.0
USDT,2023-11-12,1.00024,1.0007,1.00012,1.00041,1.0003328571428571,1.000307,1.0001974,1.000356752232939,1.0003082556547374,4.849657820171771e-05,6.018825563285274e-05,-1.1691677431135032e-05,51.07142857142761,1.000307,0.00020277288315709635,1.0007125457663142,0.9999014542336858,0.00015996000999751736,0.0003017713781018436,0.00024350529323500695,0.2,0.28284271247461906,2.0,0.35,0.49497474683058323,"{'neutral': 1, 'positive': 1, 'negative': 0}",0.0,0.0,1.0,0.0
USDT,2023-11-13,1.0004,1.00084,1.00009,1.00028,1.0003328571428571,1.000327,1.0002022,1.0003449441971022,1.0003061626432754,3.878155382674997e-05,5.590691527163219e-05,-1.712536144488222e-05,49.14089347079238,1.000327,0.0001764593289554529,1.000679918657911,0.9999740813420891,-0.00012994672184396538,0.000229123233563565,0.0002435524967575766,0.02666666666666667,0.06429100507328636,3.0,0.3466666666666667,0.30171730698343,"{'negative': 1, 'neutral': 1, 'positive': 1}",0.0,0.0,1.0,0.0
USDT,2023-11-14,1.00029,1.00041,0.99985,1.00013,1.0002857142857144,1.0003220000000002,1.0002058,1.0003118758590865,1.0002931135585884,1.876230049813188e-05,4.847799231693213e-05,-2.9715691818800254e-05,45.117845117842904,1.0003220000000002,0.00018071786687262668,1.0006834357337455,0.9999605642662549,-0.00014995801175676782,0.00021968033173787167,0.0002446883878863002,-0.07,0.06429100507328636,1.0,0.51,0.30171730698343,"{'negative': 1, 'neutral': 0, 'positive': 0}",0.0,0.0,1.0,0.0
USDT,2023-11-15,1.00014,1.00058,1.0,1.00053,1.00033,1.0003480000000002,1.0002250000000001,1.000345433419227,1.0003106607023966,3.477271683038907e-05,4.573693721962352e-05,-1.0964220389234449e-05,53.374233128832806,1.0003480000000002,0.00017059030649520422,1.0006891806129907,1.0000068193870097,0.0003999480067591321,0.0002561787531473044,0.0002462937512659044,-0.07,0.06429100507328636,1.0,0.51,0.30171730698343,"{'negative': 1, 'neutral': 0, 'positive': 0}",0.0,0.0,1.0,0.0
USDT,2023-11-16,1.00051,1.00061,0.99993,1.00011,1.0003185714285714,1.0003425,1.000242,1.000309212893192,1.0002957969466635,1.3415946528594347e-05,3.927273908141769e-05,-2.5856792552823342e-05,49.71428571428698,1.0003425,0.00017660169289474467,1.0006957033857895,0.9999892966142104,-0.0004197775179153318,0.00031142357067730475,0.00025811139737270836,-0.09333333333333334,0.16165807537309523,3.0,0.14333333333333334,0.24826061575153907,"{'neutral': 2, 'negative': 1, 'positive': 0}",0.0,0.0,1.0,0.0
USDT,2023-11-17,1.00011,1.0004,0.99994,1.00034,1.0002928571428573,1.0003515,1.0002492,1.0003139493711626,1.0002990712469106,1.4878124251938019e-05,3.4393816115521755e-05,-1.9515691863583736e-05,49.27953890490074,1.0003515,0.0001713191851382654,1.0006941383702765,1.0000088616297236,0.00022997470278274257,0.0002950236936428667,0.00026003942506860753,-0.09333333333333334,0.16165807537309523,3.0,0.14333333333333334,0.24826061575153907,"{'neutral': 2, 'negative': 1, 'positive': 0}",0.0,0.0,1.0,0.0
USDT,2023-11-18,1.00034,1.0006,1.00022,1.00049,1.000327142857143,1.0003585000000002,1.0002612,1.0003410340832914,1.00031321411751,2.7819965781494815e-05,3.307904604871637e-05,-5.2590802672215515e-06,48.68804664723128,1.0003585000000002,0.00017409238332930174,1.0007066847666588,1.0000103152333415,0.00014994901733422772,0.00027936433199324175,0.0002591558152725056,-0.09333333333333334,0.16165807537309523,3.0,0.14333333333333334,0.24826061575153907,"{'neutral': 2, 'negative': 1, 'positive': 0}",0.0,0.0,1.0,0.0
USDT,2023-11-19,1.00049,1.0007,1.0004,1.00044,1.0003314285714286,1.0003639999999998,1.000266,1.0003562596089388,1.000322605664361,3.365394457777171e-05,3.319402575452744e-05,4.5991882324427226e-07,44.47852760736294,1.0003639999999998,0.00017488041037598434,1.0007137608207517,1.000014239179248,-4.9975511999256206e-05,0.00027485915788710255,0.0002593126998579286,-0.09333333333333334,0.16165807537309523,3.0,0.14333333333333334,0.24826061575153907,"{'neutral': 2, 'negative': 1, 'positive': 0}",0.0,0.0,1.0,0.0
USDT,2023-11-20,1.00044,1.00099,1.00035,1.00069,1.0003900000000001,1.0003775000000001,1.0002776,1.0004076042844867,1.0003498200595935,5.7784224893220326e-05,3.8112065582266015e-05,1.967215931095431e-05,56.85618729097014,1.0003775000000001,0.0001892610284253968,1.000756022056851,0.9999989779431494,0.0002498900483787203,0.00028135221360083446,0.00026302404789094294,-0.075,0.10606601717798213,2.0,0.175,0.24748737341529162,"{'negative': 1, 'neutral': 1, 'positive': 0}",0.0,0.0,1.0,0.0
USDT,2023-11-21,1.00069,1.0007,1.00009,1.00039,1.0004271428571427,1.0003815,1.0002796,1.0004048959330272,1.0003527963514756,5.209958155161232e-05,4.090956877613528e-05,1.119001277547704e-05,48.87459807073947,1.0003815,0.00018860359441963566,1.0007587071888393,1.0000042928111608,-0.0002997931427316525,0.00030460083037607327,0.00026748665530151676,0.15666666666666665,0.2713546265191241,3.0,0.3766666666666667,0.3458805188693537,"{'neutral': 2, 'positive': 1, 'negative': 0}",0.0,0.0,1.0,0.0
USDT,2023-11-22,1.00038,1.0004,0.99993,1.0003,1.0003942857142858,1.00039,1.0002858000000001,1.0003887580971769,1.0003488855106255,3.987258655135939e-05,4.07021723311801e-05,-8.295857798207087e-07,51.35135135134872,1.00039,0.00018032135068320594,1.0007506427013664,1.0000293572986334,-8.996491368362669e-05,0.0002604359080039159,0.00026581881775487447,0.15666666666666665,0.2713546265191241,3.0,0.3766666666666667,0.3458805188693537,"{'neutral': 2, 'positive': 1, 'negative': 0}",0.0,0.0,1.0,0.0
USDT,2023-11-23,1.00031,1.00045,1.00011,1.00014,1.0003985714285715,1.0003775000000001,1.0002875999999998,1.0003504876206881,1.0003334125098384,1.7075110849695818e-05,3.5976760034883244e-05,-1.8901649185187426e-05,49.19093851132882,1.0003775000000001,0.00018878768368783556,1.0007550753673757,0.9999999246326244,-0.00015995201439567008,0.00020965855111009996,0.00023960234463947017,-0.075,0.31819805153394637,2.0,0.26,0.12727922061357852,"{'negative': 1, 'positive': 1, 'neutral': 0}",0.0,0.0,1.0,0.0
USDT,2023-11-24,1.00014,1.00093,1.00008,1.00079,1.000462857142857,1.000388,1.000298,1.000418104909813,1.000367233805406,5.0871104407157475e-05,3.895562890933809e-05,1.1915475497819386e-05,53.95894428152466,1.000388,0.00020572337082035036,1.0007994467416408,0.9999765532583593,0.0006499090127383145,0.00031739215349731956,0.0002597419073555657,-0.075,0.31819805153394637,2.0,0.26,0.12727922061357852,"{'negative': 1, 'positive': 1, 'neutral': 0}",0.0,0.0,1.0,0.0
USDT,2023-11-25,1.0008,1.00084,1.00038,1.00059,1.0004771428571428,1.0003775,1.0003016,1.0004445503083035,1.0003837350050055,6.0815303297934165e-05,4.332756378705731e-05,1.7487739510876855e-05,55.089820359281354,1.0003775,0.00018820132008210254,1.0007539026401642,1.0000010973598357,-0.000199842124721461,0.00032898305778488287,0.00025913010587338845,-0.075,0.31819805153394637,2.0,0.26,0.12727922061357852,"{'negative': 1, 'positive': 1, 'neutral': 0}",0.0,0.0,1.0,0.0
USDT,2023-11-26,1.00059,1.0006,1.00024,1.00038,1.0004685714285715,1.0003825,1.0002978,1.0004346194916414,1.000383458337968,5.116115367331808e-05,4.489428176430947e-05,6.266871909008613e-06,49.55752212389421,1.0003825,0.0001867978080470149,1.000756095616094,1.000008904383906,-0.00020987617305789907,0.0003395727595980565,0.0002598165154198851,-0.075,0.31819805153394637,2.0,0.26,0.12727922061357852,"{'negative': 1, 'positive': 1, 'neutral': 0}",0.0,0.0,1.0,0.0
USDT,2023-11-27,1.00037,1.0004,0.9999,1.00002,1.0003728571428572,1.0003605,1.0002868,1.0003708318775426,1.0003565354981185,1.429637942407247e-05,3.8774701296262075e-05,-2.4478321872189605e-05,46.40883977900387,1.0003605,0.0002024449243794073,1.0007653898487587,0.9999556101512411,-0.0003598632519643541,0.00034044382538078673,0.0002680553816747428,0.0,0.31819805153394637,1.0,0.0,0.12727922061357852,"{'neutral': 1, 'negative': 0, 'positive': 0}",0.0,0.0,1.0,0.0
USDT,2023-11-28,1.00002,1.00075,0.99992,1.00058,1.0004000000000002,1.0003785,1.0002942,1.00040301158869,1.000373088424184,2.9923164506007183e-05,3.70043939382111e-05,-7.0812294322039165e-06,55.58312655086867,1.0003785,0.00020527965530137683,1.0007890593106028,0.9999679406893973,0.0005599888002241205,0.0004037233196413586,0.00028527782188210216,0.0,0.31819805153394637,1.0,0.0,0.12727922061357852,"{'neutral': 1, 'negative': 0, 'positive': 0}",0.0,0.0,1.0,0.0
USDT,2023-11-29,1.00058,1.0007,0.99999,1.00012,1.0003742857142857,1.000375,1.0002944,1.000359471344276,1.0003543411335036,5.130210772419375e-06,3.0629557305052754e-05,-2.549934653263338e-05,44.98777506112516,1.000375,0.00020922161515741478,1.000793443230315,0.9999565567696852,-0.00045973335465443466,0.0004438090516857039,0.00029777352663143603,0.2,0.31819805153394637,1.0,0.25,0.12727922061357852,"{'positive': 1, 'negative': 0, 'neutral': 0}",0.0,0.0,1.0,0.0
USDT,2023-11-30,1.00013,1.00023,0.99998,1.00016,1.0003771428571429,1.000357,1.0003034,1.0003287834451566,1.0003399454939848,-1.1162048828117221e-05,2.227123607841876e-05,-3.343328490653598e-05,50.67385444743764,1.000357,0.0002115631050230329,1.000780126210046,0.9999338737899539,3.9995200576070644e-05,0.0004401419285356395,0.0002973520856499482,0.2,0.31819805153394637,1.0,0.25,0.12727922061357852,"{'positive': 1, 'negative': 0, 'neutral': 0}",0.0,0.0,1.0,0.0
USDT,2023-12-01,1.00017,1.00045,1.0001,1.0004,1.0003214285714286,1.0003645,1.0003188,1.0003397398382095,1.0003443939759118,-4.654137702342354e-06,1.6886161322266537e-05,-2.154029902460889e-05,50.80645161290236,1.0003645,0.00021022481709534463,1.0007849496341907,0.9999440503658095,0.0002399616061430354,0.000359618199211665,0.00030009041754035785,0.2,0.31819805153394637,1.0,0.25,0.12727922061357852,"{'positive': 1, 'negative': 0, 'neutral': 0}",0.0,0.0,1.0,0.0
USDT,2023-12-02,1.00039,1.0005,1.00027,1.00046,1.0003028571428572,1.000367,1.0003324,1.0003582414015617,1.0003529573851035,5.284016458162455e-06,1.4565732349445722e-05,-9.281715891283267e-06,49.586776859501505,1.000367,0.00021108990361213284,1.0007891798072244,0.9999448201927758,5.997600959606331e-05,0.00035563849826773726,0.0002982368927348886,0.2,0.31819805153394637,1.0,0.25,0.12727922061357852,"{'positive': 1, 'negative': 0, 'neutral': 0}",0.0,0.0,1.0,0.0
USDT,2023-12-03,1.00045,1.00053,1.00028,1.00036,1.0003,1.000371,1.0003408,1.0003585119551677,1.000353479060281,5.032894886625172e-06,1.2659164856881613e-05,-7.626269970256441e-06,48.91304347825995,1.000371,0.00021011024684205914,1.000791220493684,0.9999507795063158,-9.995402115026142e-05,0.00034812781365813945,0.000295100758537482,0.2,0.31819805153394637,1.0,0.25,0.12727922061357852,"{'positive': 1, 'negative': 0, 'neutral': 0}",0.0,0.0,1.0,0.0
USDT,2023-12-04,1.00035,1.0005,0.99994,1.00005,1.0003042857142856,1.000367,1.0003410000000001,1.0003110485774496,1.0003309991298899,-1.9950552440306524e-05,6.137221397443987e-06,-2.608777383775051e-05,41.44385026738072,1.000367,0.00021562882347274457,1.0007982576469454,0.9999357423530545,-0.0003098884401613322,0.0003400026037039277,0.00029804674088314764,0.2,0.31819805153394637,1.0,0.25,0.12727922061357852,"{'positive': 1, 'negative': 0, 'neutral': 0}",0.0,0.0,1.0,0.0
USDT,2023-12-05,1.00004,1.00023,0.99985,1.00012,1.0002385714285713,1.0003464999999998,1.0003351999999999,1.0002816564886112,1.000315369564713,-3.371307610167129e-05,-1.8328381023790693e-06,-3.1880237999292223e-05,46.15384615384615,1.0003464999999998,0.00021878311788194304,1.0007840662357637,0.999908933764236,6.999650017469605e-05,0.00024319817026364216,0.00029517088817288174,0.2,0.31819805153394637,1.0,0.25,0.12727922061357852,"{'positive': 1, 'negative': 0, 'neutral': 0}",0.0,0.0,1.0,0.0
USDT,2023-12-06,1.00012,1.00029,0.9998,1.00011,1.0002371428571428,1.0003465,1.00033,1.0002552477980557,1.0003001570043637,-4.490920630795259e-05,-1.0448111743493774e-05,-3.446109456445881e-05,47.23032069970959,1.0003465,0.00021878311788194304,1.0007840662357639,0.9999089337642362,-9.998800143851128e-06,0.00017018882293664934,0.0002798505352195552,0.03,0.13,3.0,0.39666666666666667,0.18339392937971896,"{'positive': 2, 'negative': 1, 'neutral': 0}",0.0,0.0,1.0,0.0
USDT,2023-12-07,1.00011,1.0004,0.99993,1.00035,1.0002642857142858,1.000347,1.0003328,1.0002698250598934,1.0003038490781146,-3.4024018221279206e-05,-1.5163293039050862e-05,-1.8860725182228346e-05,52.99145299145369,1.000347,0.0002187789079524829,1.0007845578159051,0.9999094421840952,0.00023997360290373138,0.00019348833332595567,0.0002814331735377267,0.04,0.13,1.0,0.04,0.18339392937971896,"{'positive': 1, 'negative': 0, 'neutral': 0}",0.0,0.0,1.0,0.0
USDT,2023-12-08,1.00034,1.00045,0.99889,1.00033,1.0002542857142858,1.0003389999999999,1.0003314,1.0002790827429866,1.0003057861834395,-2.6703440452857663e-05,-1.7471322521812225e-05,-9.232117931045438e-06,42.01388888888667,1.0003389999999999,0.00021618461904642845,1.0007713692380926,0.999906630761907,-1.9993002449258945e-05,0.0001692668233319894,0.00027790908004540993,-0.10800000000000001,0.28691462144686875,5.0,0.42000000000000004,0.2949576240750525,"{'negative': 2, 'neutral': 2, 'positive': 1}",0.0,0.0,1.0,0.0
USDT,2023-12-09,1.00033,1.0004,1.0002,1.00026,1.0002257142857143,1.0003300000000002,1.0003282,1.0002761469363732,1.0003023946142957,-2.6247677922475177e-05,-1.9226593601944815e-05,-7.0210843205303615e-06,43.999999999997094,1.0003300000000002,0.00021550430460138024,1.000761008609203,0.9998989913907974,-6.997690762045039e-05,0.00016743145266572918,0.00027817200320692114,-0.10800000000000001,0.28691462144686875,5.0,0.42000000000000004,0.2949576240750525,"{'negative': 2, 'neutral': 2, 'positive': 1}",0.0,0.0,1.0,0.0
USDT,2023-12-10,1.00027,1.00037,0.9999,1.00003,1.0001785714285716,1.000297,1.000319,1.0002382781769312,1.000282217235459,-4.393905852784208e-05,-2.416908658712427e-05,-1.976997194071781e-05,43.682310469312625,1.000297,0.00020787394975302695,1.0007127478995061,0.999881252100494,-0.0002299402155439001,0.00018314192651113523,0.0002741903065333719,-0.10800000000000001,0.28691462144686875,5.0,0.42000000000000004,0.2949576240750525,"{'negative': 2, 'neutral': 2, 'positive': 1}",0.0,0.0,1.0,0.0
USDT,2023-12-11,1.00003,1.00034,0.99903,0.99954,1.0001057142857144,1.0002545,1.0003030000000002,1.0001308507650957,1.0002272381809807,-9.63874158850242e-05,-3.861275244670426e-05,-5.777466343831994e-05,41.72413793103519,1.0002545,0.00026648738498159937,1.0007874747699632,0.9997215252300369,-0.000489985300440976,0.0002322697117285857,0.00028398050187251753,-0.02,0.28691462144686875,1.0,0.65,0.2949576240750525,"{'negative': 1, 'neutral': 0, 'positive': 0}",0.0,0.0,1.0,0.0
USDT,2023-12-12,0.99953,0.99988,0.99905,0.99955,1.0000242857142856,1.000217,1.0002836000000002,1.000041489108927,1.000177072389797,-0.00013558328086982208,-5.8006858131327824e-05,-7.757642273849425e-05,28.085106382976832,1.000217,0.00030910907636488014,1.0008352181527296,0.9995987818472701,1.0004602116975292e-05,0.00022717151123810174,0.00028195006340187885,-0.02,0.28691462144686875,1.0,0.65,0.2949576240750525,"{'negative': 1, 'neutral': 0, 'positive': 0}",0.0,0.0,1.0,0.0
USDT,2023-12-13,0.99956,1.00023,0.9992,1.00023,1.0000414285714285,1.0002214999999999,1.0002906,1.0000704907844769,1.0001809929535157,-0.0001105021690388508,-6.850592031283242e-05,-4.1996248726018374e-05,52.14007782101313,1.0002214999999999,0.0003085837769665503,1.000838667553933,0.9996043324460667,0.0006803061377618214,0.00036893720097938684,0.00030938305942713817,-0.07,0.28691462144686875,1.0,0.13,0.2949576240750525,"{'negative': 1, 'neutral': 0, 'positive': 0}",0.0,0.0,1.0,0.0
USDT,2023-12-14,1.00023,1.00034,0.99991,1.00016,1.0000142857142857,1.00019,1.0002892,1.0000842614330188,1.000179437919922,-9.517648690327007e-05,-7.384003363091996e-05,-2.1336453272350115e-05,50.0,1.00019,0.000278151795052857,1.0007463035901056,0.9996336964098942,-6.998390370216434e-05,0.00035612149495186046,0.00030840382761785354,-0.07,0.28691462144686875,1.0,0.13,0.2949576240750525,"{'negative': 1, 'neutral': 0, 'positive': 0}",0.0,0.0,1.0,0.0
USDT,2023-12-15,1.00016,1.00036,0.99945,1.00009,0.99998,1.000165,1.0002908,1.0000851442894774,1.0001728128888168,-8.766859933939664e-05,-7.66057467726153e-05,-1.106285256678133e-05,43.62139917695272,1.000165,0.0002623276377207726,1.0006896552754416,0.9996403447245584,-6.998880179176492e-05,0.00035645683450335325,0.00029924251016569535,-0.07,0.28691462144686875,1.0,0.13,0.2949576240750525,"{'negative': 1, 'neutral': 0, 'positive': 0}",0.0,0.0,1.0,0.0
USDT,2023-12-16,1.0001,1.00018,0.99902,0.99919,0.9998271428571428,1.0001055,1.0002701999999999,0.9999474297834039,1.0001000119340895,-0.00015258215068558734,-9.180102755520971e-05,-6.0781123130377625e-05,30.58103975535016,1.0001055,0.00033569213658464774,1.0007768842731695,0.9994341157268308,-0.0008999190072892516,0.0004851320653689312,0.0003326360088846582,-0.07,0.28691462144686875,1.0,0.13,0.2949576240750525,"{'negative': 1, 'neutral': 0, 'positive': 0}",0.0,0.0,1.0,0.0
USDT,2023-12-17,0.9992,0.99928,0.99796,0.99897,0.9996757142857142,1.000053,1.0002464,0.9997970559705726,1.0000163073463793,-0.00021925137580669496,-0.00011729109720550677,-0.00010196027860118819,29.498525073744588,1.000053,0.0004210275650889683,1.000895055130178,0.9992109448698221,-0.00022017834445897666,0.00048488728574853603,0.00033062218159787615,0.1,0.28691462144686875,1.0,0.31,0.2949576240750525,"{'positive': 1, 'negative': 0, 'neutral': 0}",0.0,0.0,1.0,0.0
USDT,2023-12-18,0.99897,0.99974,0.99876,0.9997,0.9996985714285714,1.000009,1.0002334,0.9997821242827922,0.9999928771725733,-0.0002107528897811184,-0.0001359834557206291,-7.47694340604893e-05,45.40682414698025,1.000009,0.00040886106253770527,1.0008267221250753,0.9991912778749246,0.0007307526752555749,0.0005569772905706294,0.0003583146653111242,0.32999999999999996,0.38183766184073564,2.0,0.65,0.21213203435596428,"{'positive': 2, 'negative': 0, 'neutral': 0}",0.0,0.0,1.0,0.0
USDT,2023-12-19,0.99971,0.99984,0.99929,0.99949,0.99969,0.9999775,1.0002166000000001,0.9997371820854396,0.999955627011642,-0.00021844492620237688,-0.00015247574981697867,-6.596917638539821e-05,42.025316455697165,0.9999775,0.00042385294127547066,1.0008252058825509,0.9991297941174491,-0.0002100630189056929,0.0005639995196835507,0.00035986859376912887,0.32999999999999996,0.38183766184073564,2.0,0.65,0.21213203435596428,"{'positive': 2, 'negative': 0, 'neutral': 0}",0.0,0.0,1.0,0.0
USDT,2023-12-20,0.99949,1.0003,0.99945,1.00004,0.9996628571428572,0.9999714999999998,1.000209,0.9997837694569104,0.9999618768626315,-0.00017810740572110628,-0.0001576020809978042,-2.0505324723302075e-05,49.220489977728136,0.9999714999999998,0.0004219787348551716,1.0008154574697101,0.9991275425302895,0.0005502806431281204,0.0005391281919868671,0.00037194735313917304,0.32999999999999996,0.38183766184073564,2.0,0.65,0.21213203435596428,"{'positive': 2, 'negative': 0, 'neutral': 0}",0.0,0.0,1.0,0.0
USDT,2023-12-21,1.00003,1.0002,0.99975,1.00019,0.9996671428571429,0.9999610000000001,1.0002065999999998,0.9998462664635396,0.999978774872807,-0.0001325084092673734,-0.00015258334665171804,2.007493738434465e-05,48.181818181816354,0.9999610000000001,0.0004132782929296045,1.0007875565858593,0.9991344434141409,0.00014999400023985032,0.0005426060384052255,0.0003694031595444689,0.32999999999999996,0.38183766184073564,2.0,0.65,0.21213203435596428,"{'positive': 2, 'negative': 0, 'neutral': 0}",0.0,0.0,1.0,0.0
USDT,2023-12-22,1.00019,1.00087,0.9999,1.00079,0.999767142857143,0.9999775,1.0002198,0.9999914562383797,1.0000388656229695,-4.7409384589802706e-05,-0.00013154855423933498,8.413916964953227e-05,54.61847389558362,0.9999775,0.0004399745806491,1.0008574491612983,0.9990975508387018,0.0005998860216560598,0.0005847333035558224,0.00038516959387989246,0.32999999999999996,0.38183766184073564,2.0,0.65,0.21213203435596428,"{'positive': 2, 'negative': 0, 'neutral': 0}",0.0,0.0,1.0,0.0
USDT,2023-12-23,1.0008,1.001,1.00027,1.0005,0.9999542857142858,0.9999844999999998,1.000222,1.0000696937401674,1.0000730237249718,-3.3299848043455427e-06,-0.0001059048403523371,0.00010257485554799155,52.307692307692434,0.9999844999999998,0.00044743097090234834,1.0008793619418046,0.9990896380581952,-0.00028977108084626835,0.0004378446263473558,0.0003879384428897389,0.32999999999999996,0.38183766184073564,2.0,0.65,0.21213203435596428,"{'positive': 2, 'negative': 0, 'neutral': 0}",0.0,0.0,1.0,0.0
USDT,2023-12-24,1.0005,1.00079,1.00026,1.00066,1.0001957142857143,1.0000149999999999,1.0002236,1.000160510087834,1.000116503449048,4.400663878589839e-05,-7.592254452469001e-05,0.0001199291833105884,56.140350877193896,1.0000149999999999,0.00047223433081079367,1.0009594686616214,0.9990705313383783,0.00015992003998022142,0.0004009033403826396,0.0003700609396763815,0.32999999999999996,0.38183766184073564,2.0,0.65,0.21213203435596428,"{'positive': 2, 'negative': 0, 'neutral': 0}",0.0,0.0,1.0,0.0
USDT,2023-12-25,1.00064,1.00066,0.99999,1.00022,1.00027,1.0000200000000001,1.0002119999999999,1.0001696623820133,1.0001241698602297,4.549252178365215e-05,-5.163953126302158e-05,9.713205304667373e-05,56.692913385827595,1.0000200000000001,0.00047393092994044714,1.000967861859881,0.9990721381401192,-0.0004397097915376236,0.00040691414505632044,0.0003769593514100536,0.32999999999999996,0.38183766184073564,2.0,0.65,0.21213203435596428,"{'positive': 2, 'negative': 0, 'neutral': 0}",0.0,0.0,1.0,0.0
USDT,2023-12-26,1.00021,1.00029,0.99936,0.9999,1.0003285714285715,1.0000095,1.0002044,1.0001281758617035,1.0001075646853979,2.0611176305695977e-05,-3.718938974927807e-05,5.780056605497405e-05,53.24675324675268,1.0000095,0.0004741582569881124,1.0009578165139763,0.9990611834860238,-0.0003199296154846598,0.00042156824721811207,0.00037947591046626395,0.32999999999999996,0.38183766184073564,2.0,0.65,0.21213203435596428,"{'positive': 2, 'negative': 0, 'neutral': 0}",0.0,0.0,1.0,0.0
USDT,2023-12-27,0.9999,1.00077,0.99957,1.00062,1.0004114285714285,1.000023,1.0002076,1.0002038411137493,1.0001455228568499,5.8318256899392296e-05,-1.8087860419543998e-05,7.640611731893629e-05,53.59116022099519,1.000023,0.0004880045297853852,1.0009990090595708,0.9990469909404294,0.0007200720072007005,0.00045788878359785635,0.0003965622236550742,0.32999999999999996,0.38183766184073564,2.0,0.65,0.21213203435596428,"{'positive': 2, 'negative': 0, 'neutral': 0}",0.0,0.0,1.0,0.0
USDT,2023-12-28,1.00061,1.00088,1.00006,1.00043,1.0004457142857144,1.000028,1.0002118,1.000238634788557,1.000166595237824,7.203955073298296e-05,-6.237818903860704e-08,7.210192892202157e-05,52.432432432432094,1.000028,0.000491812972621118,1.0010116259452422,0.9990443740547577,-0.00018988227299088223,0.0004675102163727156,0.0003848156801795539,0.32999999999999996,0.38183766184073564,2.0,0.65,0.21213203435596428,"{'positive': 2, 'negative': 0, 'neutral': 0}",0.0,0.0,1.0,0.0
USDT,2023-12-29,1.00043,1.00074,0.99976,1.0002,1.0003614285714286,1.000025,1.0002119999999999,1.0002326909749328,1.000169069664652,6.362131028092577e-05,1.267435950495427e-05,5.09469507759715e-05,50.963222416813004,1.000025,0.0004905045737610686,1.0010060091475221,0.9990439908524779,-0.00022990114250864835,0.00040063714847072803,0.00037767041818961535,0.32999999999999996,0.38183766184073564,2.0,0.65,0.21213203435596428,"{'positive': 2, 'negative': 0, 'neutral': 0}",0.0,0.0,1.0,0.0
USDT,2023-12-30,1.0002,1.00022,0.99981,0.99997,1.0002857142857144,1.000022,1.000201,1.0001922769787894,1.0001543237635666,3.7953215222819026e-05,1.7730130648527222e-05,2.0223084574291803e-05,57.73809523809434,1.000022,0.0004906558446947922,1.0010033116893895,0.9990406883106104,-0.00022995400919811892,0.00039613359896008895,0.0003799609899168538,0.32999999999999996,0.38183766184073564,2.0,0.65,0.21213203435596428,"{'positive': 2, 'negative': 0, 'neutral': 0}",0.0,0.0,1.0,0.0
USDT,2023-12-31,0.99997,1.00009,0.99939,0.99975,1.0001557142857143,1.0000325,1.000191,1.0001242343666679,1.0001243738551542,-1.3948848631706312e-07,1.4156206821558365e-05,-1.4295695307875428e-05,57.73809523809434,1.0000325,0.00048196827809623554,1.0009964365561925,0.9990685634438077,-0.00022000660019805274,0.00038433359650913467,0.00037896171929528146,0.32999999999999996,0.38183766184073564,2.0,0.65,0.21213203435596428,"{'positive': 2, 'negative': 0, 'neutral': 0}",0.0,0.0,1.0,0.0
USDT,2024-01-01,0.99975,1.00027,0.99956,1.00019,1.0001514285714286,1.0000645000000001,1.0001866,1.0001343521564112,1.0001292350510687,5.11710534256693e-06,1.234838652576008e-05,-7.2312811831931495e-06,55.15789473684032,1.0000645000000001,0.0004693273462447494,1.0010031546924896,0.9991258453075106,0.0004401100275066572,0.0004091908282300275,0.000388029897303594,0.32999999999999996,0.38183766184073564,2.0,0.65,0.21213203435596428,"{'positive': 2, 'negative': 0, 'neutral': 0}",0.0,0.0,1.0,0.0
USDT,2024-01-02,1.00019,1.00116,1.00014,1.00037,1.0002185714285716,1.0000715,1.0001884,1.0001706056708095,1.0001470694917303,2.3536179079242103e-05,1.4585945036456485e-05,8.950234042785619e-06,59.32203389830401,1.0000715,0.0004729557117760148,1.001017411423552,0.999125588576448,0.00017996580649692895,0.0003879794654922415,0.0003891294457848668,0.32999999999999996,0.38183766184073564,2.0,0.65,0.21213203435596428,"{'positive': 2, 'negative': 0, 'neutral': 0}",0.0,0.0,1.0,0.0
USDT,2024-01-03,1.00037,1.01263,1.00008,1.00039,1.0001857142857142,1.000083,1.0001936,1.000204358644531,1.0001650643441946,3.929430033644543e-05,1.9527616096454274e-05,1.9766684239991157e-05,54.17661097851814,1.000083,0.00047799031044624165,1.0010389806208926,0.9991270193791075,1.9992602736884635e-05,0.00026113213640696094,0.00038469438806340887,0.32999999999999996,0.38183766184073564,2.0,0.65,0.21213203435596428,"{'positive': 2, 'negative': 0, 'neutral': 0}",0.0,0.0,1.0,0.0
USDT,2024-01-04,1.00039,1.00154,1.00037,1.00119,1.0002942857142858,1.0001380000000002,1.0002068,1.0003559957761416,1.0002409855038839,0.00011501027225779836,3.8624147328723096e-05,7.638612492907526e-05,60.33057851239652,1.0001380000000002,0.0005383170656743507,1.0012146341313488,0.9990613658686515,0.00079968812163278,0.0003953121476334138,0.00041071494159261915,0.32999999999999996,0.38183766184073564,2.0,0.65,0.21213203435596428,"{'positive': 2, 'negative': 0, 'neutral': 0}",0.0,0.0,1.0,0.0
USDT,2024-01-05,1.00118,1.00125,1.00047,1.00079,1.0003785714285713,1.0002179999999998,1.0002204000000001,1.0004227656567353,1.0002816532443368,0.00014111241239844752,5.912180034266798e-05,8.199061205577953e-05,50.0,1.0002179999999998,0.0005080571870384667,1.0012341143740768,0.9992018856259229,-0.0003995245657666402,0.00042369655485761763,0.0004182974668007842,0.32999999999999996,0.38183766184073564,2.0,0.65,0.21213203435596428,"{'positive': 2, 'negative': 0, 'neutral': 0}",0.0,0.0,1.0,0.0
USDT,2024-01-06,1.00079,1.00096,1.00047,1.0006,1.0004685714285713,1.0002995000000001,1.0002256,1.000450032478776,1.000305234485497,0.0001447979932789334,7.625703892992107e-05,6.854095434901232e-05,51.10132158590286,1.0002995000000001,0.00042051941570581147,1.0011405388314119,0.9994584611685885,-0.00018985001848548233,0.0004189836012566046,0.0004179612776959261,0.32999999999999996,0.38183766184073564,2.0,0.65,0.21213203435596428,"{'positive': 2, 'negative': 0, 'neutral': 0}",0.0,0.0,1.0,0.0
USDT,2024-01-07,1.0006,1.00079,1.00028,1.00064,1.0005957142857143,1.0003465,1.0002286,1.000479258251272,1.0003300319310158,0.00014922632025626825,9.08508951951905e-05,5.837542506107775e-05,49.773755656107134,1.0003465,0.0004021164403715368,1.0011507328807432,0.999542267119257,3.9976014391429615e-05,0.00039791081941255454,0.0004179641383087016,0.32999999999999996,0.38183766184073564,2.0,0.65,0.21213203435596428,"{'positive': 2, 'negative': 0, 'neutral': 0}",0.0,0.0,1.0,0.0
USDT,2024-01-08,1.00064,1.00112,1.00027,1.00089,1.0006957142857142,1.0004165,1.0002376000000002,1.0005424492895378,1.0003715110472369,0.00017093824230096644,0.0001068683646163457,6.406987768462074e-05,57.91962174940763,1.0004165,0.0003653444662033266,1.0011471889324066,0.9996858110675934,0.0002498401023345309,0.00037902329312981386,0.0004199170731596782,0.32999999999999996,0.38183766184073564,2.0,0.65,0.21213203435596428,"{'positive': 2, 'negative': 0, 'neutral': 0}",0.0,0.0,1.0,0.0
USDT,2024-01-09,1.00089,1.0009,1.0,1.00031,1.0006871428571429,1.0004300000000002,1.0002300000000002,1.000506687860378,1.0003669546733676,0.00013973318701054893,0.00011344132909518635,2.629185791536258e-05,54.565701559019956,1.0004300000000002,0.000355557383089686,1.0011411147661795,0.9997188852338208,-0.000579484259009555,0.00045366662913793254,0.00043180331754587027,0.32999999999999996,0.38183766184073564,2.0,0.65,0.21213203435596428,"{'positive': 2, 'negative': 0, 'neutral': 0}",0.0,0.0,1.0,0.0
USDT,2024-01-10,1.00031,1.00063,0.99999,1.00025,1.000667142857143,1.000433,1.0002271999999999,1.0004671974203199,1.0003582913642293,0.00010890605609059634,0.00011253427449426836,-3.628218403672019e-06,45.1697127937342,1.000433,0.0003536739504061502,1.0011403479008123,0.9997256520991876,-5.9981405764131246e-05,0.0004538370541984207,0.00042167215841468154,0.32999999999999996,0.38183766184073564,2.0,0.65,0.21213203435596428,"{'positive': 2, 'negative': 0, 'neutral': 0}",0.0,0.0,1.0,0.0
USDT,2024-01-11,1.00025,1.00081,0.99933,1.00006,1.0005057142857143,1.0003965000000001,1.0002224,1.0004045516633475,1.0003361957076198,6.835595572773911e-05,0.00010369861074096252,-3.5342655013223404e-05,45.1697127937342,1.0003965000000001,0.0003525586924428342,1.001101617384886,0.9996913826151145,-0.000189952511872149,0.00027479651905033966,0.0004234734888925596,0.32999999999999996,0.38183766184073564,2.0,0.65,0.21213203435596428,"{'positive': 2, 'negative': 0, 'neutral': 0}",0.0,0.0,1.0,0.0
USDT,2024-01-12,1.00006,1.00026,0.99874,0.99938,1.0003042857142856,1.0003405,1.0002072000000002,1.0002469283305249,1.0002653663959442,-1.8438065419346117e-05,7.92712755089008e-05,-9.770934092824692e-05,40.42056074766473,1.0003405,0.0004181094669508576,1.0011767189339018,0.9995042810660983,-0.0006799592024477885,0.0003301793128249869,0.0004228356238574355,0.32999999999999996,0.38183766184073564,2.0,0.65,0.21213203435596428,"{'positive': 2, 'negative': 0, 'neutral': 0}",0.0,0.0,1.0,0.0
USDT,2024-01-13,0.99939,1.0,0.99933,0.99976,1.0001842857142857,1.0002955,1.0001866,1.0001720162796748,1.0002279318480964,-5.5915568421660566e-05,5.223390672278853e-05,-0.0001081494751444491,47.62979683972871,1.0002955,0.0004301710186674311,1.0011558420373348,0.9994351579626651,0.0003802357461626382,0.0003970275896125159,0.0004292444492791286,0.32999999999999996,0.38183766184073564,2.0,0.65,0.21213203435596428,"{'positive': 2, 'negative': 0, 'neutral': 0}",0.0,0.0,1.0,0.0
USDT,2024-01-14,0.99976,0.99994,0.99921,0.99952,1.0000242857142858,1.0002605,1.0001652,1.0000717060828017,1.0001754924519413,-0.00010378636913954686,2.1029851550321456e-05,-0.00012481622068986832,47.41573033707804,1.0002605,0.00046379980939644774,1.001188099618793,0.9993329003812071,-0.00024005761382728252,0.00039231327229301456,0.0004311385568860237,0.32999999999999996,0.38183766184073564,2.0,0.65,0.21213203435596428,"{'positive': 2, 'negative': 0, 'neutral': 0}",0.0,0.0,1.0,0.0
USDT,2024-01-15,0.99952,0.99968,0.99905,0.99908,0.9997657142857144,1.0002194999999998,1.0001392,0.9999191359162168,1.0000943448629085,-0.00017520894669165177,-1.8217908098073187e-05,-0.00015699103859357857,37.52808988764188,1.0002194999999998,0.0005290057705748885,1.0012775115411496,0.99916148845885,-0.0004402113014246867,0.00035733028960234525,0.000406193861314159,0.32999999999999996,0.38183766184073564,2.0,0.65,0.21213203435596428,"{'positive': 2, 'negative': 0, 'neutral': 0}",0.0,0.0,1.0,0.0
USDT,2024-01-16,0.99908,0.99999,0.9987,0.99984,0.9996985714285714,1.0001805000000001,1.0001356,0.9999069611598758,1.000075504502693,-0.00016854334281724004,-4.828299504190656e-05,-0.00012026034777533348,44.73161033797207,1.0001805000000001,0.0005266725238769,1.001233845047754,0.9991271549522464,0.000760699843856294,0.0004907864462205394,0.00042709798799817604,0.32999999999999996,0.38183766184073564,2.0,0.65,0.21213203435596428,"{'positive': 2, 'negative': 0, 'neutral': 0}",0.0,0.0,1.0,0.0
USDT,2024-01-17,0.99985,0.9999,0.99879,0.999,0.9995200000000001,1.000109,1.000104,0.999767428673741,0.9999958375024935,-0.00022840882875252433,-8.430816178403012e-05,-0.0001441006669684942,38.11965811965954,1.000109,0.0005848697561145666,1.0012787395122291,0.9989392604877708,-0.0008401344215074324,0.0005709519424100039,0.0004343438251692541,0.32999999999999996,0.38183766184073564,2.0,0.65,0.21213203435596428,"{'positive': 2, 'negative': 0, 'neutral': 0}",0.0,0.0,1.0,0.0
USDT,2024-01-18,0.999,0.99918,0.99768,0.99899,0.9993671428571428,1.0000485,1.0000814,0.9996478242623963,0.9999213310208274,-0.00027350675843107464,-0.00012214788111343904,-0.0001513588773176356,28.260869565217874,1.0000485,0.0006353637582533518,1.0013192275165066,0.9987777724834932,-1.0010010009997572e-05,0.0005743899122736177,0.0004329102468889395,0.32999999999999996,0.38183766184073564,2.0,0.65,0.21213203435596428,"{'positive': 2, 'negative': 0, 'neutral': 0}",0.0,0.0,1.0,0.0
USDT,2024-01-19,0.99899,1.0001,0.9983,0.99901,0.9993142857142857,1.0000005,1.0000584000000001,0.9995496974527969,0.9998538250192845,-0.00030412756648767747,-0.00015854381818828674,-0.00014558374829939073,30.982905982904825,1.0000005,0.0006765350965625159,1.001353570193125,0.998647429806875,2.002022042257856e-05,0.0005262262092730507,0.00041958740299549664,0.32999999999999996,0.38183766184073564,2.0,0.65,0.21213203435596428,"{'positive': 2, 'negative': 0, 'neutral': 0}",0.0,0.0,1.0,0.0
USDT,2024-01-20,0.99901,0.99942,0.99897,0.99918,0.9992314285714287,0.999972,1.000034,0.9994928209215973,0.999803912054893,-0.0003110911332957489,-0.00018905328120977918,-0.0001220378520859697,34.76394849785396,0.999972,0.000699267285721922,1.0013705345714439,0.9985734654285561,0.00017016846678208353,0.0005028889262433628,0.00041990894450938973,0.32999999999999996,0.38183766184073564,2.0,0.65,0.21213203435596428,"{'positive': 2, 'negative': 0, 'neutral': 0}",0.0,0.0,1.0,0.0
USDT,2024-01-21,0.99918,0.99959,0.99917,0.99937,0.9992099999999999,0.9999309999999999,1.0000122,0.9994739253951977,0.9997717704211972,-0.00029784502599949914,-0.0002108116301677232,-8.703339583177594e-05,36.79833679833651,0.9999309999999999,0.0007097731290882361,1.0013505462581764,0.9985114537418235,0.0001901559278609799,0.0005067393882152078,0.00040499277630051293,0.32999999999999996,0.38183766184073564,2.0,0.65,0.21213203435596428,"{'positive': 2, 'negative': 0, 'neutral': 0}",0.0,0.0,1.0,0.0
USDT,2024-01-22,0.99937,0.99945,0.99859,0.99893,0.9991885714285713,0.999859,0.9999835999999999,0.9993902445651673,0.9997094170566642,-0.0003191724914968219,-0.00023248380243354294,-8.668868906327898e-05,30.399999999998414,0.999859,0.0007354690590915956,1.0013299381181833,0.9983880618818168,-0.00044027737474605644,0.0005067484916747806,0.00040901287981853166,0.32999999999999996,0.38183766184073564,2.0,0.65,0.21213203435596428,"{'positive': 2, 'negative': 0, 'neutral': 0}",0.0,0.0,1.0,0.0
USDT,2024-01-23,0.99893,0.99935,0.99842,0.99911,0.9990842857142856,0.999795,0.9999647999999999,0.9993471300166801,0.9996650157932075,-0.0003178857765274712,-0.0002495641972523286,-6.83215792751426e-05,36.956521739130174,0.999795,0.0007424887027580132,1.001279977405516,0.998310022594484,0.00018019280630277024,0.0003919295418276308,0.0004093921070881816,0.32999999999999996,0.38183766184073564,2.0,0.65,0.21213203435596428,"{'positive': 2, 'negative': 0, 'neutral': 0}",0.0,0.0,1.0,0.0
USDT,2024-01-24,0.99911,0.99963,0.99887,0.99947,0.9991514285714286,0.999709,0.9999518000000001,0.999366033091037,0.9996505701788959,-0.00028453708785891596,-0.0002565587753736461,-2.7978312485269874e-05,42.04081632652911,0.999709,0.0006683120922673497,1.0010456241845347,0.9983723758154652,0.00036032068540992057,0.0002549929328442055,0.00040929518703016957,0.32999999999999996,0.38183766184073564,2.0,0.65,0.21213203435596428,"{'positive': 2, 'negative': 0, 'neutral': 0}",0.0,0.0,1.0,0.0
USDT,2024-01-25,0.99948,1.00045,0.99914,0.99946,0.9992185714285714,0.9996425,0.9999388,0.9993804895385698,0.9996364538693481,-0.00025596433077823555,-0.000256439886454564,4.755556763284623e-07,43.64406779661035,0.9996425,0.0006194723986351917,1.0008814447972705,0.9984035552027296,-1.0005302810478511e-05,0.0002549926952242877,0.00040548589710557014,0.32999999999999996,0.38183766184073564,2.0,0.65,0.21213203435596428,"{'positive': 2, 'negative': 0, 'neutral': 0}",0.0,0.0,1.0,0.0
USDT,2024-01-26,0.99946,1.00035,0.99908,0.99979,0.9993299999999999,0.999602,0.9999275999999999,0.9994434911480207,0.9996478276568038,-0.0002043365087831539,-0.000246019210920282,4.168270213712809e-05,54.691075514873496,0.999602,0.0005787154559770103,1.000759430911954,0.998444569088046,0.0003301782962799038,0.00027181524928923846,0.0003869515630446683,0.32999999999999996,0.38183766184073564,2.0,0.65,0.21213203435596428,"{'positive': 2, 'negative': 0, 'neutral': 0}",0.0,0.0,1.0,0.0
USDT,2024-01-27,0.99978,1.00001,0.99965,0.99999,0.9994457142857142,0.9995695000000001,0.9999208,0.9995275694329406,0.9996731737562998,-0.00014560432335919415,-0.00022593623340806443,8.033191004887027e-05,52.744630071599936,0.9995695000000001,0.0005338684541674488,1.000637236908335,0.9985017630916652,0.00020004200882195455,0.00027312066746696566,0.0003878598218788161,0.32999999999999996,0.38183766184073564,2.0,0.65,0.21213203435596428,"{'positive': 2, 'negative': 0, 'neutral': 0}",0.0,0.0,1.0,0.0
USDT,2024-01-28,0.99999,1.00003,0.99975,0.99984,0.9995128571428572,0.999517,0.9999124,0.9995756356740266,0.9996855312558331,-0.00010989558180651837,-0.00020272810308775524,9.283252128123687e-05,53.9024390243902,0.999517,0.00044067054173746895,1.000398341083475,0.9986356589165251,-0.0001500015000150956,0.0002875651027835845,0.0003866026522945034,0.32999999999999996,0.38183766184073564,2.0,0.65,0.21213203435596428,"{'positive': 2, 'negative': 0, 'neutral': 0}",0.0,0.0,1.0,0.0
USDT,2024-01-29,0.99985,1.00006,0.99957,1.0,0.9996657142857144,0.9995015,0.9999118,0.9996409224934072,0.9997088252368825,-6.790274347534542e-05,-0.00017576303116527327,0.00010786028768992786,62.04188481675455,0.9995015,0.0004160753348252536,1.0003336506696505,0.9986693493303496,0.00016002560409678068,0.00018062687263464011,0.00038557388988781584,0.32999999999999996,0.38183766184073564,2.0,0.65,0.21213203435596428,"{'positive': 2, 'negative': 0, 'neutral': 0}",0.0,0.0,1.0,0.0
USDT,2024-01-30,1.00001,1.00014,0.9964,0.99999,0.9997914285714284,0.9994885,0.9999207999999998,0.9996946267251907,0.9997296529971135,-3.502627192275565e-05,-0.00014761567931676975,0.0001125894073940141,52.44299674267262,0.9994885,0.00039498534288257063,1.0002784706857653,0.9986985293142349,-9.99999999995449e-06,0.0001899144084309164,0.000383321523228864,0.32999999999999996,0.38183766184073564,2.0,0.65,0.21213203435596428,"{'positive': 2, 'negative': 0, 'neutral': 0}",0.0,0.0,1.0,0.0
USDT,2024-01-31,0.99999,1.00013,0.99907,0.99944,0.9997871428571428,0.9994575000000001,0.9999185999999999,0.9996554533828537,0.9997081972195495,-5.274383669584548e-05,-0.0001286413107925849,7.589747409673941e-05,57.91366906474811,0.9994575000000001,0.00037139672367328733,1.0002002934473466,0.9987147065526535,-0.0005500055000550175,0.00028859508424243247,0.0003874426548412535,0.32999999999999996,0.38183766184073564,2.0,0.65,0.21213203435596428,"{'positive': 2, 'negative': 0, 'neutral': 0}",0.0,0.0,1.0,0.0
USDT,2024-02-01,0.99944,0.99985,0.99886,0.99971,0.9998228571428571,0.999474,0.9999082,0.999663845170107,0.9997083307588421,-4.4485588735154735e-05,-0.00011181016638109887,6.732457764594413e-05,61.84210526315679,0.999474,0.000375084551924069,1.000224169103848,0.9987238308961518,0.00027015128471941097,0.0003065328854466225,0.00038943205281516933,0.32999999999999996,0.38183766184073564,2.0,0.65,0.21213203435596428,"{'positive': 2, 'negative': 0, 'neutral': 0}",0.0,0.0,1.0,0.0
USDT,2024-02-02,0.99971,0.99972,0.99907,0.99947,0.9997771428571428,0.9994595000000001,0.9998944000000001,0.9996340228362444,0.9996906766285575,-5.665379231312162e-05,-0.00010077889156750342,4.41250992543818e-05,57.05521472392629,0.9994595000000001,0.0003690025674386328,1.0001975051348773,0.9987214948651227,-0.00024006962018985334,0.0002906117319351614,0.00039135651211925606,0.32999999999999996,0.38183766184073564,2.0,0.65,0.21213203435596428,"{'positive': 2, 'negative': 0, 'neutral': 0}",0.0,0.0,1.0,0.0
USDT,2024-02-03,0.99946,0.99966,0.99928,0.99966,0.9997300000000001,0.9994664999999999,0.9998857999999999,0.999638019322976,0.9996884042857014,-5.0384962725358307e-05,-9.07001057990744e-05,4.031514307371609e-05,57.31707317073188,0.9994664999999999,0.0003715299095949938,1.00020955981919,0.9987234401808099,0.00019010075339931376,0.0002892317221396633,0.0003614429175411058,0.32999999999999996,0.38183766184073564,2.0,0.65,0.21213203435596428,"{'positive': 2, 'negative': 0, 'neutral': 0}",0.0,0.0,1.0,0.0
USDT,2024-02-04,0.99966,0.99972,0.9993,0.99957,0.9996914285714286,0.9994910000000001,0.9998933999999999,0.9996275548117489,0.9996796335978716,-5.207878612267791e-05,-8.29758418637951e-05,3.089705574111719e-05,53.14465408804979,0.9994910000000001,0.0003606996126498395,1.0002123992252998,0.9987696007747005,-9.003061040757654e-05,0.0002865519622160079,0.0003555178995715193,0.32999999999999996,0.38183766184073564,2.0,0.65,0.21213203435596428,"{'positive': 2, 'negative': 0, 'neutral': 0}",0.0,0.0,1.0,0.0
USDT,2024-02-05,0.99958,0.99958,0.99848,0.99869,0.9995042857142857,0.9994335,0.9998878000000001,0.9994833156099414,0.9996063274054366,-0.00012301179549523145,-9.098303259008237e-05,-3.2028762905149074e-05,46.68508287292809,0.9994335,0.00039240520147514497,1.0002183104029503,0.9986486895970497,-0.0008803785627820027,0.00040973311027134464,0.00038651662873603464,0.32999999999999996,0.38183766184073564,2.0,0.65,0.21213203435596428,"{'positive': 2, 'negative': 0, 'neutral': 0}",0.0,0.0,1.0,0.0
USDT,2024-02-06,0.99869,0.99986,0.99848,0.99968,0.99946,0.9994675000000001,0.9998874,0.9995135747468735,0.9996117846346636,-9.820988779007944e-05,-9.24284036300818e-05,-5.7814841599976475e-06,56.433408577877415,0.9994675000000001,0.0003821941502175416,1.000231888300435,0.9987031116995649,0.000991298601167534,0.0006084776140647198,0.00043169284130018497,0.32999999999999996,0.38183766184073564,2.0,0.65,0.21213203435596428,"{'positive': 2, 'negative': 0, 'neutral': 0}",0.0,0.0,1.0,0.0
USDT,2024-02-07,0.99969,1.0,0.99903,0.9998,0.9995114285714285,0.999508,0.9998935999999999,0.9995576401704315,0.9996257265135774,-6.808634314592332e-05,-8.755999153325011e-05,1.947364838732679e-05,53.9379474940338,0.999508,0.0003717044667013605,1.0002514089334027,0.9987645910665972,0.00012003841229191181,0.0005669184005863885,0.0004294161084857096,0.32999999999999996,0.38183766184073564,2.0,0.65,0.21213203435596428,"{'positive': 2, 'negative': 0, 'neutral': 0}",0.0,0.0,1.0,0.0
USDT,2024-02-08,0.99979,1.00041,0.99956,1.00021,0.9995828571428572,0.999568,0.999897,0.9996580032211343,0.9996690060310902,-1.1002809955917847e-05,-7.224855521778366e-05,6.124574526186581e-05,58.16993464052263,0.999568,0.0003837433353268839,1.0003354866706538,0.9988005133293463,0.00041008201640324593,0.0005782631879913882,0.0004242225137053397,0.32999999999999996,0.38183766184073564,2.0,0.65,0.21213203435596428,"{'positive': 2, 'negative': 0, 'neutral': 0}",0.0,0.0,1.0,0.0
USDT,2024-02-09,1.00021,1.00094,0.99978,1.00058,0.9997414285714286,0.999638,0.9999048,0.9997998488794213,0.9997364870658243,6.33618135970071e-05,-4.512648145482551e-05,0.00010848829505183261,58.53131749460052,0.999638,0.00043368191112765135,1.0005053638222554,0.9987706361777448,0.00036992231631360895,0.0005693651603743389,0.0004294684828168298,0.32999999999999996,0.38183766184073564,2.0,0.65,0.21213203435596428,"{'positive': 2, 'negative': 0, 'neutral': 0}",0.0,0.0,1.0,0.0
USDT,2024-02-10,1.00059,1.00082,1.00021,1.00029,0.9998314285714286,0.999684,0.9998948,0.9998752567441257,0.9997774880239114,9.776872021427518e-05,-1.6547441121005374e-05,0.00011431616133528055,53.17796610169313,0.999684,0.0004521574016078512,1.0005883148032158,0.9987796851967843,-0.0002898318974995373,0.0005933475861979339,0.00043146320626130706,0.32999999999999996,0.38183766184073564,2.0,0.65,0.21213203435596428,"{'positive': 2, 'negative': 0, 'neutral': 0}",0.0,0.0,1.0,0.0
USDT,2024-02-11,1.00029,1.00059,1.00013,1.00029,0.9999342857142857,0.999752,0.9998906,0.9999390633988756,0.999815451873992,0.0001236115248836045,1.1484352079916601e-05,0.0001121271728036879,54.92341356673875,0.999752,0.00043472435312175,1.0006214487062435,0.9988825512937565,0.0,0.0005897557255707556,0.00041148812475605797,0.32999999999999996,0.38183766184073564,2.0,0.65,0.21213203435596428,"{'positive': 2, 'negative': 0, 'neutral': 0}",0.0,0.0,1.0,0.0
USDT,2024-02-12,1.00029,1.00064,0.99989,1.00044,1.0001842857142855,0.9998185000000002,0.9998862,1.0000161305682793,0.9998617146981408,0.00015441587013853564,4.007065569164041e-05,0.00011434521444689524,54.82456140350837,0.9998185000000002,0.0004330707369438207,1.000684641473888,0.9989523585261125,0.00014995651261151544,0.00040215007858195305,0.00040685939397994093,0.32999999999999996,0.38183766184073564,2.0,0.65,0.21213203435596428,"{'positive': 2, 'negative': 0, 'neutral': 0}",0.0,0.0,1.0,0.0
USDT,2024-02-13,1.00043,1.00074,1.0,1.00039,1.0002857142857142,0.9998644999999999,0.9998896,1.0000736489423903,0.999900846942723,0.0001728019996672936,6.661692448677105e-05,0.00010618507518052255,54.34782608695437,0.9998644999999999,0.0004428552692616378,1.0007502105385233,0.9989787894614767,-4.997800967587729e-05,0.00024370528127194843,0.0004040963368518047,0.32999999999999996,0.38183766184073564,2.0,0.65,0.21213203435596428,"{'positive': 2, 'negative': 0, 'neutral': 0}",0.0,0.0,1.0,0.0
USDT,2024-02-14,1.0004,1.00103,1.00001,1.00093,1.0004471428571429,0.999938,0.9999102,1.0002053952589456,0.9999770805025213,0.0002283147564242638,9.89564908742696e-05,0.0001293582655499942,66.23093681917094,0.999938,0.0004915025298827677,1.0009210050597654,0.9989549949402344,0.0005397894821022042,0.0002952328743926571,0.0004044620444121745,0.32999999999999996,0.38183766184073564,2.0,0.65,0.21213203435596428,"{'positive': 2, 'negative': 0, 'neutral': 0}",0.0,0.0,1.0,0.0
USDT,2024-02-15,1.00094,1.0011,1.00014,1.00087,1.0005414285714285,0.999992,0.9999152000000001,1.0003076421421848,1.0000432226875198,0.0002644194546650436,0.0001320490836324244,0.00013237037103261916,63.24200913241689,0.999992,0.0005320427367450961,1.0010560854734902,0.9989279145265098,-5.994425184596697e-05,0.00028242504030792567,0.00038272716992749224,0.32999999999999996,0.38183766184073564,2.0,0.65,0.21213203435596428,"{'positive': 2, 'negative': 0, 'neutral': 0}",0.0,0.0,1.0,0.0
USDT,2024-02-16,1.00086,1.00123,1.00027,1.00077,1.0005685714285715,1.000031,0.999922,1.0003787741203103,1.0000970580439998,0.0002817160763104454,0.00016198248216802862,0.00011973359414241676,65.33018867924201,1.000031,0.000559754645533959,1.0011505092910677,0.9989114907089319,-9.991307562418061e-05,0.0002610154809087434,0.00034655441141792593,0.32999999999999996,0.38183766184073564,2.0,0.65,0.21213203435596428,"{'positive': 2, 'negative': 0, 'neutral': 0}",0.0,0.0,1.0,0.0
USDT,2024-02-17,1.00076,1.00082,1.00019,1.00022,1.0005585714285714,1.0000499999999999,0.9999224,1.0003543473325702,1.0001061648555554,0.00024818247701485774,0.00017922248113739445,6.895999587746329e-05,56.08695652173959,1.0000499999999999,0.0005593793553545103,1.001168758710709,0.9989312412892909,-0.0005495768258438893,0.00032436469350214064,0.00036383350022702445,0.32999999999999996,0.38183766184073564,2.0,0.65,0.21213203435596428,"{'positive': 2, 'negative': 0, 'neutral': 0}",0.0,0.0,1.0,0.0
USDT,2024-02-18,1.00022,1.0004,1.00007,1.00011,1.0005328571428571,1.0000555,0.9999252,1.0003167554352517,1.000106448940329,0.00021030649492259634,0.00018543928389443484,2.4867211028161502e-05,55.84415584415609,1.0000555,0.000559402641956936,1.001174305283914,0.9989366947160861,-0.00010997580532290385,0.00032645892197763753,0.00036486563286469996,0.32999999999999996,0.38183766184073564,2.0,0.65,0.21213203435596428,"{'positive': 2, 'negative': 0, 'neutral': 0}",0.0,0.0,1.0,0.0
USDT,2024-02-19,1.00011,1.00034,1.0,1.00024,1.0005042857142856,1.000068,0.999935,1.0003049469067513,1.0001163416114158,0.00018860529533548664,0.0001860724861826452,2.5328091528414322e-06,70.02583979327923,1.000068,0.0005606537537713062,1.0011893075075426,0.9989466924924574,0.0001299857015728545,0.00032475115852606323,0.0003644324535926707,0.32999999999999996,0.38183766184073564,2.0,0.65,0.21213203435596428,"{'positive': 2, 'negative': 0, 'neutral': 0}",0.0,0.0,1.0,0.0
USDT,2024-02-20,1.00023,1.00039,0.99975,1.00019,1.0004757142857144,1.0001054999999999,0.999935,1.000287262767251,1.000121797788348,0.00016546497890290723,0.00018195098472669762,-1.648600582379039e-05,58.70307167235129,1.0001054999999999,0.0005411826717933437,1.0011878653435866,0.9990231346564132,-4.9988002879364224e-05,0.00032475126861849693,0.0003635525304518417,0.32999999999999996,0.38183766184073564,2.0,0.65,0.21213203435596428,"{'positive': 2, 'negative': 0, 'neutral': 0}",0.0,0.0,1.0,0.0
USDT,2024-02-21,1.0002,1.00024,0.99981,1.0,1.0003428571428572,1.00012,0.9999275999999999,1.0002430684953663,1.000112775729952,0.00013029276541431933,0.00017161934086422196,-4.132657544990263e-05,53.33333333333235,1.00012,0.0005338637713449214,1.0011877275426897,0.9990522724573101,-0.00018996390685765974,0.00020808461146336018,0.0003552258827261458,0.32999999999999996,0.38183766184073564,2.0,0.65,0.21213203435596428,"{'positive': 2, 'negative': 0, 'neutral': 0}",0.0,0.0,1.0,0.0
USDT,2024-02-22,1.0,1.00013,0.99929,0.99968,1.000172857142857,1.0001305,0.9999134,1.0001564425730023,1.0000807182684741,7.572430452817969e-05,0.0001524403335970135,-7.671602906883382e-05,40.89347079037912,1.0001305,0.0005223476862224709,1.001175195372445,0.9990858046275551,-0.00031999999999998696,0.00021598088638804093,0.00035991997998302696,0.32999999999999996,0.38183766184073564,2.0,0.65,0.21213203435596428,"{'positive': 2, 'negative': 0, 'neutral': 0}",0.0,0.0,1.0,0.0
USDT,2024-02-23,0.99967,1.0,0.99891,0.99986,1.000042857142857,1.0001405,0.9998868000000001,1.0001108360233095,1.0000643687671056,4.646725620394143e-05,0.0001312457181183991,-8.477846191445767e-05,36.764705882354384,1.0001405,0.0005147250160464892,1.001169950032093,0.9991110499679071,0.00018005761843786772,0.0002537293575423461,0.00035550414612864605,0.32999999999999996,0.38183766184073564,2.0,0.65,0.21213203435596428,"{'positive': 2, 'negative': 0, 'neutral': 0}",0.0,0.0,1.0,0.0
USDT,2024-02-24,0.99987,1.0,0.99965,0.99999,1.00001,1.0001615,0.9998708,1.0000922458658774,1.0000588599695421,3.338589633528066e-05,0.00011167375376177542,-7.828785742649476e-05,44.140625000003844,1.0001615,0.00049853759826203,1.001158575196524,0.9991644248034759,0.00013001820254832097,0.0001878621716901548,0.0003561094781590545,0.32999999999999996,0.38183766184073564,2.0,0.65,0.21213203435596428,"{'positive': 2, 'negative': 0, 'neutral': 0}",0.0,0.0,1.0,0.0
USDT,2024-02-25,0.99999,1.00003,0.9998,0.99995,0.9999871428571429,1.0002245,0.9998577999999999,1.0000703618865117,1.0000507962680947,1.9565618416983455e-05,9.325212669281704e-05,-7.368650827583358e-05,43.4615384615417,1.0002245,0.0003643519842950437,1.0009532039685902,0.99949579603141,-4.00004000040699e-05,0.00018491201868839498,0.0003512906338731892,0.32999999999999996,0.38183766184073564,2.0,0.65,0.21213203435596428,"{'positive': 2, 'negative': 0, 'neutral': 0}",0.0,0.0,1.0,0.0
USDT,2024-02-26,0.99995,1.00099,0.99981,1.00065,1.0000457142857144,1.000273,0.999858,1.0001595369808944,1.0000951817297172,6.435525117720609e-05,8.747275158969485e-05,-2.3117500412488766e-05,53.33333333333357,1.000273,0.0003524216972182842,1.0009778433944365,0.9995681566055634,0.0007000350017500878,0.0003311411438748669,0.0003720888688489769,0.32999999999999996,0.38183766184073564,2.0,0.65,0.21213203435596428,"{'positive': 2, 'negative': 0, 'neutral': 0}",0.0,0.0,1.0,0.0
USDT,2024-02-27,1.00064,1.00118,1.00019,1.0004,1.0000757142857142,1.0003030000000002,0.9998481999999999,1.000196531291526,1.0001177608608494,7.877043067661127e-05,8.573228740707814e-05,-6.961856730466873e-06,50.149253731344245,1.0003030000000002,0.0003351527539192575,1.0009733055078387,0.9996326944921616,-0.00024983760555652434,0.0003501335653329302,0.00037412171140482176,0.32999999999999996,0.38183766184073564,2.0,0.65,0.21213203435596428,"{'positive': 2, 'negative': 0, 'neutral': 0}",0.0,0.0,1.0,0.0
USDT,2024-02-28,1.0004,1.00152,1.00021,1.0007,1.0001757142857142,1.0003274999999998,0.9998559999999999,1.0002739880159066,1.0001608896859717,0.00011309832993489088,9.12054959126407e-05,2.1892834022250188e-05,46.30225080385591,1.0003274999999998,0.00034573910156992767,1.0010189782031396,0.99963602179686,0.0002998800479807606,0.000347776463308107,0.00037680475557514553,0.32999999999999996,0.38183766184073564,2.0,0.65,0.21213203435596428,"{'positive': 2, 'negative': 0, 'neutral': 0}",0.0,0.0,1.0,0.0
USDT,2024-02-29,1.0007,1.00124,0.99961,1.00059,1.0003057142857144,1.000328,0.9998627999999999,1.0003226052442287,1.000192675635159,0.0001299296090697677,9.89503185440661e-05,3.097929052570159e-05,45.56962025316692,1.000328,0.0003461304895961428,1.0010202609791925,0.9996357390208078,-0.00010992305386214873,0.00031279511564953453,0.0003775510178111775,0.32999999999999996,0.38183766184073564,2.0,0.65,0.21213203435596428,"{'positive': 2, 'negative': 0, 'neutral': 0}",0.0,0.0,1.0,0.0
USDT,2024-03-01,1.00058,1.00139,1.00009,1.00077,1.0004357142857143,1.000352,0.9998769999999999,1.000391435206655,1.000235440402925,0.0001559948037299641,0.0001103592155812457,4.56355881487184e-05,50.0,1.000352,0.0003597308936247264,1.0010714617872494,0.9996325382127504,0.0001798938626209612,0.0003127907568780918,0.00036277699548018286,0.32999999999999996,0.38183766184073564,2.0,0.65,0.21213203435596428,"{'positive': 2, 'negative': 0, 'neutral': 0}",0.0,0.0,1.0,0.0
USDT,2024-03-02,1.00077,1.00141,1.00051,1.00098,1.0005771428571428,1.0003864999999998,0.9999089999999999,1.0004819836364003,1.0002905929656714,0.00019139067072893035,0.00012656550661078265,6.482516411814769e-05,63.1034482758603,1.0003864999999998,0.00038562696733148864,1.0011577539346628,0.9996152460653369,0.00020983842441335554,0.0003142426959236597,0.0003616481176306582,0.32999999999999996,0.38183766184073564,2.0,0.65,0.21213203435596428,"{'positive': 2, 'negative': 0, 'neutral': 0}",0.0,0.0,1.0,0.0
USDT,2024-03-03,1.00098,1.001,1.00034,1.00045,1.0006485714285713,1.000387,0.9999228000000001,1.0004770630769542,1.0003024008941401,0.00017466218281403378,0.00013618484185143288,3.8477340962600904e-05,55.1204819277113,1.000387,0.0003857064605665227,1.001158412921133,0.9996155870788669,-0.0005294811085135853,0.00040320609217441,0.00037312050782192417,0.32999999999999996,0.38183766184073564,2.0,0.65,0.21213203435596428,"{'positive': 2, 'negative': 0, 'neutral': 0}",0.0,0.0,1.0,0.0
USDT,2024-03-04,1.00045,1.00198,1.00033,1.0011,1.0007128571428572,1.0004225,0.9999543999999999,1.0005728995266536,1.000361482309389,0.00021141721726469775,0.00015123131693408587,6.018590033061188e-05,61.1979166666682,1.0004225,0.0004173711588610893,1.0012572423177222,0.9995877576822778,0.00064970763156591,0.00039037493529553614,0.00038890641201994264,0.32999999999999996,0.38183766184073564,2.0,0.65,0.21213203435596428,"{'positive': 2, 'negative': 0, 'neutral': 0}",0.0,0.0,1.0,0.0
USDT,2024-03-05,1.00109,1.00207,0.9996,1.00069,1.000754285714286,1.0004104999999999,0.9999866000000001,1.0005909149840915,1.0003858169531379,0.0002050980309535877,0.00016200465973798624,4.309337121560146e-05,55.95238095238328,1.0004104999999999,0.0004052870977683332,1.0012210741955365,0.9995999258044632,-0.00040954949555493947,0.0004156443734419818,0.0003971071920584508,0.32999999999999996,0.38183766184073564,2.0,0.65,0.21213203435596428,"{'positive': 2, 'negative': 0, 'neutral': 0}",0.0,0.0,1.0,0.0
USDT,2024-03-06,1.00069,1.0023,0.99991,1.0005,1.0007257142857144,1.0003920000000002,0.9999997999999999,1.000576928063462,1.000394274956609,0.000182653106852948,0.0001661343491609786,1.6518757691969395e-05,55.952380952380324,1.0003920000000002,0.00039141578382587177,1.0011748315676519,0.9996091684323484,-0.00018986899039674654,0.00040600682465394196,0.0003603907047762619,0.32999999999999996,0.38183766184073564,2.0,0.65,0.21213203435596428,"{'positive': 2, 'negative': 0, 'neutral': 0}",0.0,0.0,1.0,0.0
USDT,2024-03-07,1.0005,1.00217,1.00016,1.00143,1.0008457142857143,1.0004250000000001,1.0000483999999998,1.0007081698998523,1.0004709953301936,0.00023717456965877126,0.00018034239326053715,5.6832176398234114e-05,68.19126819126815,1.0004250000000001,0.0004486060281132943,1.0013222120562266,0.9995277879437735,0.0009295352323839268,0.0005394229715855476,0.0003550260697816769,0.32999999999999996,0.38183766184073564,2.0,0.65,0.21213203435596428,"{'positive': 2, 'negative': 0, 'neutral': 0}",0.0,0.0,1.0,0.0
USDT,2024-03-08,1.00143,1.00352,1.00056,1.00277,1.0011314285714286,1.0005525,1.000124,1.0010253745306443,1.0006412919724015,0.00038408255824284865,0.00022109042625699946,0.00016299213198584918,74.37185929648203,1.0005525,0.0006865464679611977,1.0019255929359223,0.9991794070640776,0.0013380865362531136,0.0007111440720918389,0.00042506365029037596,0.32999999999999996,0.38183766184073564,2.0,0.65,0.21213203435596428,"{'positive': 2, 'negative': 0, 'neutral': 0}",0.0,0.0,1.0,0.0
USDT,2024-03-09,1.00278,1.00278,1.00166,1.00194,1.0012685714285714,1.0006439999999999,1.0001826,1.0011660861413145,1.0007374925670385,0.00042859357427604827,0.00026259105586080926,0.00016600251841523901,64.6176911544232,1.0006439999999999,0.0007440104696748049,1.0021320209393494,0.9991559790606502,-0.0008277072509148553,0.0008280505710873589,0.0004529806087666059,0.32999999999999996,0.38183766184073564,2.0,0.65,0.21213203435596428,"{'positive': 2, 'negative': 0, 'neutral': 0}",0.0,0.0,1.0,0.0
USDT,2024-03-10,1.00195,1.0026,1.00135,1.00146,1.001412857142857,1.000705,1.0002282,1.0012113036580355,1.0007910116361467,0.00042029202188875736,0.0002941312490663989,0.00012616077282235846,60.61884669479638,1.000705,0.0007590055821418694,1.0022230111642836,0.9991869888357162,-0.0004790706030302072,0.0008214788056026941,0.0004592788416705752,0.32999999999999996,0.38183766184073564,2.0,0.65,0.21213203435596428,"{'positive': 2, 'negative': 0, 'neutral': 0}",0.0,0.0,1.0,0.0
USDT,2024-03-11,1.00149,1.00159,0.99995,1.0002,1.0012842857142858,1.0007055,1.0002448,1.001055718479876,1.0007472329964322,0.0003084854834438655,0.0002970020959418922,1.1483387501973284e-05,47.066492829204236,1.0007055,0.0007586516779519821,1.002222803355904,0.9991881966440961,-0.0012581630819004097,0.0009346120147945579,0.0005133339299201648,0.32999999999999996,0.38183766184073564,2.0,0.65,0.21213203435596428,"{'positive': 2, 'negative': 0, 'neutral': 0}",0.0,0.0,1.0,0.0
USDT,2024-03-12,1.00019,1.0009,0.99977,1.00007,1.0011957142857142,1.000709,1.0002676000000001,1.000904069482972,1.000697067589289,0.00020700189368305644,0.00027900205549012506,-7.200016180706863e-05,47.814569536424145,1.000709,0.0007553800019902061,1.0022197600039804,0.9991982399960196,-0.00012997400519887403,0.0009265189641206105,0.0005138570702935554,0.32999999999999996,0.38183766184073564,2.0,0.65,0.21213203435596428,"{'positive': 2, 'negative': 0, 'neutral': 0}",0.0,0.0,1.0,0.0
USDT,2024-03-13,1.00007,1.0017,0.9999,1.00049,1.0011942857142857,1.0007495,1.0002952,1.0008403664855918,1.0006817292493417,0.00015863723625009207,0.00025492909164211847,-9.629185539202639e-05,48.63102998696333,1.0007495,0.0007181003815156999,1.0021857007630313,0.9993132992369685,0.0004199706020580063,0.0009438709738733537,0.0005190432921376607,0.32999999999999996,0.38183766184073564,2.0,0.65,0.21213203435596428,"{'positive': 2, 'negative': 0, 'neutral': 0}",0.0,0.0,1.0,0.0
USDT,2024-03-14,1.0005,1.00099,0.99804,0.99965,1.0009400000000002,1.000739,1.0002988000000002,1.0006572331801162,1.0006053048605017,5.192831961453592e-05,0.00021432893723660198,-0.00016240061762206606,44.40476190476165,1.000739,0.0007331683227690272,1.0022053366455381,0.999272663354462,-0.0008395886015852838,0.0008883892076295193,0.0005413022947752926,0.32999999999999996,0.38183766184073564,2.0,0.65,0.21213203435596428,"{'positive': 2, 'negative': 0, 'neutral': 0}",0.0,0.0,1.0,0.0
USDT,2024-03-15,0.99964,1.00027,0.99871,1.00009,1.000557142857143,1.000744,1.0003114,1.0005699665370213,1.0005671341300941,2.8324069272223085e-06,0.00017202963117472607,-0.00016919722424750376,46.073903002309436,1.000744,0.0007281150863604173,1.0022002301727209,0.9992877698272793,0.00044015405391872875,0.0006541837084446681,0.0005380162183390688,0.32999999999999996,0.38183766184073564,2.0,0.65,0.21213203435596428,"{'positive': 2, 'negative': 0, 'neutral': 0}",0.0,0.0,1.0,0.0
USDT,2024-03-16,1.00009,1.00012,0.99883,0.99941,1.0001957142857143,1.000717,1.0003038000000002,1.0003915101467105,1.0004814204908279,-8.99103441174276e-05,0.00011964163611629534,-0.00020955198023372295,41.401971522453636,1.000717,0.0007680261783068404,1.0022530523566138,0.9991809476433864,-0.0006799388055074296,0.0006396284288601173,0.0005510417845778075,0.32999999999999996,0.38183766184073564,2.0,0.65,0.21213203435596428,"{'positive': 2, 'negative': 0, 'neutral': 0}",0.0,0.0,1.0,0.0
USDT,2024-03-17,0.99943,0.99971,0.99829,0.99946,0.99991,1.0006575,1.0002932,1.0002482008933704,1.0004057597137295,-0.00015755882035906055,6.420154482122416e-05,-0.0002217603651802847,44.2774566473986,1.0006575,0.0008179620053178724,1.0022934240106358,0.9990215759893643,5.0029517415284275e-05,0.000654433654533923,0.0005512394596145587,0.32999999999999996,0.38183766184073564,2.0,0.65,0.21213203435596428,"{'positive': 2, 'negative': 0, 'neutral': 0}",0.0,0.0,1.0,0.0
USDT,2024-03-18,0.99949,1.00001,0.99837,0.99994,0.9998728571428571,1.0006344999999999,1.0002952,1.0002007853713135,1.000371258994194,-0.00017047362288047374,1.7266511280884584e-05,-0.00018774013416135833,43.16037735849031,1.0006344999999999,0.0008319316457475923,1.002298363291495,0.9989706367085047,0.0004802593400436983,0.0005443332955158791,0.0005507039326383257,0.32999999999999996,0.38183766184073564,2.0,0.65,0.21213203435596428,"{'positive': 2, 'negative': 0, 'neutral': 0}",0.0,0.0,1.0,0.0
USDT,2024-03-19,0.99994,1.0001,0.99855,0.99912,0.9997371428571429,1.0005555000000002,1.0002776,1.0000345106988038,1.0002785731427721,-0.00024406244396835142,-3.4999279768962616e-05,-0.0002090631641993888,41.16985376827863,1.0005555000000002,0.0008977953992897861,1.0023510907985798,0.9987599092014205,-0.0008200492029522,0.0006210566085983751,0.0005701029432944577,0.32999999999999996,0.38183766184073564,2.0,0.65,0.21213203435596428,"{'positive': 2, 'negative': 0, 'neutral': 0}",0.0,0.0,1.0,0.0
USDT,2024-03-20,0.99912,1.00043,0.99907,0.99999,0.9996657142857143,1.0005255,1.0002776,1.000027662898988,1.0002571973544188,-0.0002295344554308354,-7.390631490133718e-05,-0.00015562814052949822,47.33542319749268,1.0005255,0.0009065636390334292,1.0023386272780668,0.9987123727219331,0.0008707662743214772,0.0007058501416756915,0.0005929827054436916,0.32999999999999996,0.38183766184073564,2.0,0.65,0.21213203435596428,"{'positive': 2, 'negative': 0, 'neutral': 0}",0.0,0.0,1.0,0.0
USDT,2024-03-21,0.99999,1.0011,0.99935,0.99977,0.9996828571428571,1.0004754999999999,1.0002842,0.9999880224529898,1.000221108661499,-0.00023308620850914785,-0.00010574229362289931,-0.00012734391488624855,40.63205417607213,1.0004754999999999,0.0009198482426533006,1.0023151964853065,0.9986358035146933,-0.0002200022000220514,0.0006279889563610491,0.0005942073656357808,0.32999999999999996,0.38183766184073564,2.0,0.65,0.21213203435596428,"{'positive': 2, 'negative': 0, 'neutral': 0}",0.0,0.0,1.0,0.0
USDT,2024-03-22,0.99976,1.00022,0.99965,1.00022,0.9997014285714287,1.0004375,1.0002944,1.000023711306376,1.000221026538425,-0.00019731523204913337,-0.00012405688130814614,-7.325835074098723e-05,34.002509410289704,1.0004375,0.000913586771747733,1.0022646735434955,0.9986103264565046,0.00045010352381047447,0.0006291157332917612,0.0005991356924166927,0.32999999999999996,0.38183766184073564,2.0,0.65,0.21213203435596428,"{'positive': 2, 'negative': 0, 'neutral': 0}",0.0,0.0,1.0,0.0
USDT,2024-03-23,1.00021,1.00026,0.99998,1.0,0.9997857142857144,1.000415,1.000305,1.0000200634130874,1.0002046542022454,-0.0001845907891580012,-0.00013616366287811716,-4.842712627988404e-05,36.82065217391314,1.000415,0.0009187892490932506,1.0022525784981866,0.9985774215018135,-0.0002199516106458077,0.000564699902134677,0.000597526132128897,0.32999999999999996,0.38183766184073564,2.0,0.65,0.21213203435596428,"{'positive': 2, 'negative': 0, 'neutral': 0}",0.0,0.0,1.0,0.0
USDT,2024-03-24,1.0,1.0005,0.99974,0.99994,0.9998542857142858,1.000357,1.0003106000000002,1.0000077459649201,1.0001850501872642,-0.00017730422234407683,-0.0001443917747713091,-3.291244757276773e-05,39.04899135446737,1.000357,0.0009098415131144113,1.0021766830262289,0.9985373169737711,-5.999999999994898e-05,0.0005673428692638956,0.0005967888247113977,0.32999999999999996,0.38183766184073564,2.0,0.65,0.21213203435596428,"{'positive': 2, 'negative': 0, 'neutral': 0}",0.0,0.0,1.0,0.0
USDT,2024-03-25,0.99994,1.00079,0.99992,1.00015,0.9998842857142858,1.0003300000000002,1.0003222,1.0000296312010863,1.0001824538770965,-0.00015282267601013366,-0.000146077955019074,-6.744720991059649e-06,49.57555178268352,1.0003300000000002,0.0009074487081558713,1.0021448974163119,0.9985151025836885,0.00021001260075603767,0.000543359899120443,0.0005975548791309137,0.32999999999999996,0.38183766184073564,2.0,0.65,0.21213203435596428,"{'positive': 2, 'negative': 0, 'neutral': 0}",0.0,0.0,1.0,0.0
USDT,2024-03-26,1.00015,1.00038,0.99596,1.00001,1.0000114285714286,1.0003055,1.0003486,1.0000266110163039,1.0001696795158301,-0.00014306849952627765,-0.00014547606392051476,2.407564394237108e-06,49.491525423729264,1.0003055,0.0009092302991438359,1.0021239605982877,0.9984870394017124,-0.00013997900314954848,0.00041059051821580204,0.0005980959716417594,0.32999999999999996,0.38183766184073564,2.0,0.65,0.21213203435596428,"{'positive': 2, 'negative': 0, 'neutral': 0}",0.0,0.0,1.0,0.0
USDT,2024-03-27,1.00002,1.00013,0.99918,0.99964,0.9999614285714287,1.000216,1.0003478000000001,0.999967132398411,1.000130443996139,-0.00016331159772797754,-0.0001490431706820073,-1.4268427045970234e-05,42.73504273504194,1.000216,0.000880355191497845,1.0019767103829957,0.9984552896170042,-0.00036999630003708983,0.0002846308232031794,0.0005868436276241924,0.32999999999999996,0.38183766184073564,2.0,0.65,0.21213203435596428,"{'positive': 2, 'negative': 0, 'neutral': 0}",0.0,0.0,1.0,0.0
USDT,2024-03-28,0.99963,1.00037,0.9992,1.00021,1.0000242857142858,1.000088,1.000356,1.0000044966448092,1.000136337033462,-0.0001318403886527708,-0.00014560261427616001,1.3762225623389202e-05,55.01792114695322,1.000088,0.0006437930364052547,1.0013755860728106,0.9988004139271895,0.0005702052738987273,0.0003541647135524357,0.0005954543819236392,0.32999999999999996,0.38183766184073564,2.0,0.65,0.21213203435596428,"{'positive': 2, 'negative': 0, 'neutral': 0}",0.0,0.0,1.0,0.0
USDT,2024-03-29,1.00021,1.00055,0.99938,1.00048,1.0000614285714284,1.0000149999999999,1.0003614,1.0000776510071463,1.0001617935495017,-8.41425423554476e-05,-0.00013331059989201753,4.9168057536569924e-05,53.60443622920597,1.0000149999999999,0.0004862368927070137,1.0009874737854139,0.9990425262145859,0.00026994331190444143,0.0003268292824184704,0.0005949486897927966,0.32999999999999996,0.38183766184073564,2.0,0.65,0.21213203435596428,"{'positive': 2, 'negative': 0, 'neutral': 0}",0.0,0.0,1.0,0.0
USDT,2024-03-30,1.00048,1.00086,1.00031,1.00039,1.000117142857143,0.9999615000000002,1.0003576,1.0001257046983545,1.00017869773102,-5.299303266559363e-05,-0.00011724708644673276,6.425405378113913e-05,60.165975103731824,0.9999615000000002,0.0003618268705480263,1.0006851537410961,0.9992378462589041,-8.995682072621136e-05,0.00031319276503279797,0.0005948409250508539,0.32999999999999996,0.38183766184073564,2.0,0.65,0.21213203435596428,"{'positive': 2, 'negative': 0, 'neutral': 0}",0.0,0.0,1.0,0.0
USDT,2024-03-31,1.00037,1.00044,0.99981,1.00012,1.0001428571428572,0.9999575,1.0003542,1.0001248270524539,1.0001743497509445,-4.952269849067825e-05,-0.00010370220885552186,5.4179510364843605e-05,56.54761904761711,0.9999575,0.0003594861098818119,1.0006764722197636,0.9992385277802365,-0.0002698947410509911,0.00033538280159397285,0.0005956489762772565,0.32999999999999996,0.38183766184073564,2.0,0.65,0.21213203435596428,"{'positive': 2, 'negative': 0, 'neutral': 0}",0.0,0.0,1.0,0.0
USDT,2024-04-01,1.00012,1.0007,0.99976,1.00038,1.0001757142857142,0.9999730000000001,1.000356,1.0001640844289994,1.0001895831027265,-2.5498673727142318e-05,-8.806150182984596e-05,6.256282810270364e-05,54.56431535269638,0.9999730000000001,0.0003710880162838619,1.0007151760325679,0.9992308239674323,0.00025996880374368203,0.0003404501340434563,0.0005963901571110672,0.32999999999999996,0.38183766184073564,2.0,0.65,0.21213203435596428,"{'positive': 2, 'negative': 0, 'neutral': 0}",0.0,0.0,1.0,0.0
USDT,2024-04-02,1.00037,1.00105,0.99952,1.0004,1.0002314285714287,0.9999684999999999,1.0003552,1.0002003791322303,1.0002051695395615,-4.790407331256574e-06,-7.140728293012809e-05,6.661687559887151e-05,65.92039800994732,0.9999684999999999,0.000364984138138433,1.0006984682762767,0.999238531723723,1.9992402886748195e-05,0.0003321801258899774,0.0005885843814856496,0.32999999999999996,0.38183766184073564,2.0,0.65,0.21213203435596428,"{'positive': 2, 'negative': 0, 'neutral': 0}",0.0,0.0,1.0,0.0
USDT,2024-04-03,1.0004,1.0009,0.99984,1.00029,1.0003242857142856,1.0000005,1.0003532,1.0002141669580409,1.0002114532773718,2.713680669064189e-06,-5.6583090210289634e-05,5.929677087935382e-05,54.60122699386197,1.0000005,0.00036364347785611706,1.0007277869557123,0.9992732130442878,-0.00010995601759300477,0.0002882705229982098,0.000575804472649273,0.32999999999999996,0.38183766184073564,2.0,0.65,0.21213203435596428,"{'positive': 2, 'negative': 0, 'neutral': 0}",0.0,0.0,1.0,0.0
USDT,2024-04-04,1.00029,1.00059,0.99964,1.00024,1.0003285714285715,1.000008,1.0003394,1.0002181412721884,1.0002135678494184,4.573422770048907e-06,-4.4351787614221926e-05,4.892521038427083e-05,57.605177993525835,1.000008,0.0003671167891584484,1.000742233578317,0.9992737664216831,-4.998550420365344e-05,0.00019843034699657387,0.000571287675110376,0.32999999999999996,0.38183766184073564,2.0,0.65,0.21213203435596428,"{'positive': 2, 'negative': 0, 'neutral': 0}",0.0,0.0,1.0,0.0
USDT,2024-04-05,1.00024,1.00065,0.99983,1.00034,1.0003085714285713,1.0000544999999998,1.0003288,1.000236888768775,1.0002229331939059,1.395557486905119e-05,-3.26903151175673e-05,4.664588998661849e-05,52.18978102189562,1.0000544999999998,0.00034565688804115744,1.000745813776082,0.9993631862239175,9.99760057585064e-05,0.00016867558422651327,0.0005706760376309608,0.32999999999999996,0.38183766184073564,2.0,0.65,0.21213203435596428,"{'positive': 2, 'negative': 0, 'neutral': 0}",0.0,0.0,1.0,0.0
USDT,2024-04-06,1.00033,1.00054,1.00011,1.00025,1.0002885714285714,1.000094,1.0003184,1.000238905881271,1.0002249381425055,1.3967738765607862e-05,-2.335870434093227e-05,3.7326443106540136e-05,54.78927203065253,1.000094,0.0003181922623652753,1.0007303845247306,0.9994576154752695,-8.99694104004034e-05,0.00016867645479160684,0.0005427683289318747,0.32999999999999996,0.38183766184073564,2.0,0.65,0.21213203435596428,"{'positive': 2, 'negative': 0, 'neutral': 0}",0.0,0.0,1.0,0.0
USDT,2024-04-07,1.00025,1.00044,0.99993,1.00009,1.0002842857142857,1.0001015,1.0003158,1.0002159972841524,1.0002149427245421,1.0545596103028743e-06,-1.8476051550685244e-05,1.9530611160988118e-05,52.76752767527396,1.0001015,0.00031613246730088164,1.0007337649346018,0.9994692350653982,-0.00015996000999762838,0.00014498347540224386,0.00047656510372366727,0.32999999999999996,0.38183766184073564,2.0,0.65,0.21213203435596428,"{'positive': 2, 'negative': 0, 'neutral': 0}",0.0,0.0,1.0,0.0
USDT,2024-04-08,1.00009,1.00021,0.99958,0.99994,1.0002214285714286,1.0001425,1.0003124,1.0001735361635136,1.0001945765967983,-2.1040433284769122e-05,-1.898892789750202e-05,-2.0515053872671016e-06,46.03773584905617,1.0001425,0.00022099952378502375,1.00058449904757,0.9997005009524299,-0.00014998650121478274,9.444418968356849e-05,0.00045596280025701145,0.32999999999999996,0.38183766184073564,2.0,0.65,0.21213203435596428,"{'positive': 2, 'negative': 0, 'neutral': 0}",0.0,0.0,1.0,0.0
USDT,2024-04-09,0.99994,1.00036,0.99945,0.99955,1.0001,1.0001205,1.0002986,1.000077607522973,1.0001468301822207,-6.922265924780291e-05,-2.90356741675622e-05,-4.018698508024071e-05,42.06896551724175,1.0001205,0.000256093630158975,1.000632687260318,0.999608312739682,-0.00039002340140403824,0.0001470197296666957,0.00045346744544581255,0.32999999999999996,0.38183766184073564,2.0,0.65,0.21213203435596428,"{'positive': 2, 'negative': 0, 'neutral': 0}",0.0,0.0,1.0,0.0
USDT,2024-04-10,0.99954,1.00012,0.99934,0.99997,1.0000542857142858,1.0001305,1.0002942,1.0000610525194387,1.0001337316502044,-7.267913076569599e-05,-3.7764365487188955e-05,-3.491476527850703e-05,55.59322033898371,1.0001305,0.0002453670720360704,1.0006212341440721,0.9996397658559278,0.0004201890850883405,0.00025256745325677736,0.00040156160177180745,0.32999999999999996,0.38183766184073564,2.0,0.65,0.21213203435596428,"{'positive': 2, 'negative': 0, 'neutral': 0}",0.0,0.0,1.0,0.0
USDT,2024-04-11,0.99997,1.00008,0.99965,1.00007,1.00003,1.0001229999999999,1.0002956,1.0000624290549096,1.0001290107872263,-6.658173231666176e-05,-4.352783885308352e-05,-2.305389346357824e-05,47.177419354838165,1.0001229999999999,0.0002447791701612594,1.0006125583403225,0.9996334416596774,0.00010000300008994323,0.0002584353902038843,0.000401339756716692,0.32999999999999996,0.38183766184073564,2.0,0.65,0.21213203435596428,"{'positive': 2, 'negative': 0, 'neutral': 0}",0.0,0.0,1.0,0.0
USDT,2024-04-12,1.00008,1.0004,0.99899,1.00029,1.000022857142857,1.0001375,1.0003078,1.0000974399695388,1.0001409359140985,-4.349594455965722e-05,-4.352145999439826e-05,2.551543474104529e-08,46.090534979420994,1.0001375,0.00024569718212199616,1.0006288943642438,0.999646105635756,0.00021998460107774953,0.0002716906438582652,0.00039574679822156636,0.32999999999999996,0.38183766184073564,2.0,0.65,0.21213203435596428,"{'positive': 2, 'negative': 0, 'neutral': 0}",0.0,0.0,1.0,0.0
USDT,2024-04-13,1.0003,1.00332,1.00009,1.00081,1.0001028571428572,1.000181,1.0003268,1.0002070645896097,1.0001904962167578,1.6568372851910596e-05,-3.150349342513649e-05,4.8071866277047086e-05,57.34265734265922,1.000181,0.00028306406200242004,1.0007471281240048,0.9996148718759952,0.0005198492437195057,0.0003318102806136358,0.0003743267543506327,0.32999999999999996,0.38183766184073564,2.0,0.65,0.21213203435596428,"{'positive': 2, 'negative': 0, 'neutral': 0}",0.0,0.0,1.0,0.0
USDT,2024-04-14,1.00081,1.00131,0.998,1.0003,1.0001328571428572,1.0001885,1.000333,1.0002213623450544,1.000198607608109,2.2754736945351794e-05,-2.0651847351038835e-05,4.340658429639063e-05,52.90322580645284,1.0001885,0.0002841844286956571,1.0007568688573913,0.9996201311426086,-0.0005095872343402474,0.00039436943929688624,0.00037933387609860976,0.32999999999999996,0.38183766184073564,2.0,0.65,0.21213203435596428,"{'positive': 2, 'negative': 0, 'neutral': 0}",0.0,0.0,1.0,0.0
USDT,2024-04-15,1.0003,1.00118,1.00016,1.00017,1.0001657142857143,1.0001965,1.0003374,1.0002134604458153,1.0001964885260268,1.6971919788444367e-05,-1.3127093923142196e-05,3.0099013711586565e-05,46.46464646464536,1.0001965,0.0002811307057643813,1.0007587614115288,0.9996342385884712,-0.00012996101169648888,0.0003929156335607196,0.00035765748154894167,0.32999999999999996,0.38183766184073564,2.0,0.65,0.21213203435596428,"{'positive': 2, 'negative': 0, 'neutral': 0}",0.0,0.0,1.0,0.0
USDT,2024-04-16,1.00016,1.0009,1.00013,1.0002,1.0002585714285714,1.0002245,1.0003284000000001,1.0002113896079976,1.0001967486352101,1.4640972787471895e-05,-7.573480581019378e-06,2.2214453368491272e-05,46.644295302013525,1.0002245,0.00024881773087377987,1.0007221354617477,0.9997268645382525,2.9994900866858742e-05,0.00034694372639114076,0.0003576286121037671,0.32999999999999996,0.38183766184073564,2.0,0.65,0.21213203435596428,"{'positive': 2, 'negative': 0, 'neutral': 0}",0.0,0.0,1.0,0.0
USDT,2024-04-17,1.0002,1.00056,0.99983,0.99989,1.000247142857143,1.0002085,1.0003182,1.000161945052921,1.0001740265140835,-1.2081461162383178e-05,-8.47507669729214e-06,-3.606384465091039e-06,43.710691823899545,1.0002085,0.0002598435765029768,1.000728187153006,0.9996888128469941,-0.00030993801239753704,0.0003418725236579807,0.0003519764481499931,0.32999999999999996,0.38183766184073564,2.0,0.65,0.21213203435596428,"{'positive': 2, 'negative': 0, 'neutral': 0}",0.0,0.0,1.0,0.0
USDT,2024-04-18,0.99989,1.00074,0.99983,1.0003,1.0002799999999998,1.0001995000000001,1.0003102,1.0001831842755486,1.0001833578834107,-1.7360786208620027e-07,-6.814782930250951e-06,6.641175068164751e-06,50.847457627117954,1.0001995000000001,0.0002529712903148645,1.0007054425806299,0.9996935574193704,0.000410045104961565,0.0003769883052828602,0.000323872425720726,0.32999999999999996,0.38183766184073564,2.0,0.65,0.21213203435596428,"{'positive': 2, 'negative': 0, 'neutral': 0}",0.0,0.0,1.0,0.0
USDT,2024-04-19,1.0003,1.00083,0.99999,1.00031,1.000282857142857,1.0001954999999998,1.0003046,1.0002026943870026,1.000192738780936,9.955606066647249e-06,-3.460705130871312e-06,1.3416311197518562e-05,49.565217391304714,1.0001954999999998,0.0002504201733033223,1.0006963403466065,0.9996946596533931,9.997000899764075e-06,0.00036786568937501827,0.00028326287113834045,0.32999999999999996,0.38183766184073564,2.0,0.65,0.21213203435596428,"{'positive': 2, 'negative': 0, 'neutral': 0}",0.0,0.0,1.0,0.0
USDT,2024-04-20,1.00033,1.00048,1.00019,1.0003,1.0002099999999998,1.0002045,1.0002952,1.0002176644813099,1.0002006840564222,1.698042488773588e-05,6.275208728501265e-07,1.6352904014885752e-05,50.74183976260953,1.0002045,0.0002507981995179518,1.0007060963990357,0.999702903600964,-9.996900960818067e-06,0.00029005478290651315,0.00027994032086029597,0.32999999999999996,0.38183766184073564,2.0,0.65,0.21213203435596428,"{'positive': 2, 'negative': 0, 'neutral': 0}",0.0,0.0,1.0,0.0
USDT,2024-04-21,1.0003,1.00044,1.00002,1.00017,1.0001914285714286,1.000194,1.000279,1.0002103314841853,1.000198411163354,1.1920320831304565e-05,2.8860808645410146e-06,9.03423996676355e-06,51.1976047904204,1.000194,0.0002474373924799323,1.0006888747849598,0.9996991252150401,-0.00012996101169648888,0.00022236241396155095,0.00026885778734872046,0.32999999999999996,0.38183766184073564,2.0,0.65,0.21213203435596428,"{'positive': 2, 'negative': 0, 'neutral': 0}",0.0,0.0,1.0,0.0
USDT,2024-04-22,1.00017,1.00066,0.99998,1.00029,1.0002085714285713,1.0001885,1.0002758,1.000222588178926,1.000205195521624,1.7392657301940062e-05,5.787396152020825e-06,1.1605261149919237e-05,55.287009063441964,1.0001885,0.0002438134533601289,1.0006761269067201,0.9997008730932797,0.00011997960346721293,0.00022155579389954977,0.0002664921902005835,0.32999999999999996,0.38183766184073564,2.0,0.65,0.21213203435596428,"{'positive': 2, 'negative': 0, 'neutral': 0}",0.0,0.0,1.0,0.0
USDT,2024-04-23,1.00029,1.00061,0.99997,0.99998,1.0001771428571429,1.000173,1.0002534,1.0001852669206297,1.000188514371874,-3.247451244359212e-06,3.9804266727448175e-06,-7.227877917104029e-06,56.65634674922525,1.000173,0.00024685602033631835,1.0006667120406727,0.9996792879593274,-0.0003099101260634063,0.0002532544692057313,0.00027258248105601403,0.32999999999999996,0.38183766184073564,2.0,0.65,0.21213203435596428,"{'positive': 2, 'negative': 0, 'neutral': 0}",0.0,0.0,1.0,0.0
USDT,2024-04-24,0.99998,1.00016,0.99908,0.99908,1.0000614285714287,1.0001149999999999,1.0002212,1.0000152258559174,1.0001064021961796,-9.117634026223342e-05,-1.505092671425083e-05,-7.61254135479826e-05,38.00539083557835,1.0001149999999999,0.0003464633344885199,1.0008079266689769,0.9994220733310228,-0.0009000180003599922,0.00041069074883910245,0.000315279286651271,0.32999999999999996,0.38183766184073564,2.0,0.65,0.21213203435596428,"{'positive': 2, 'negative': 0, 'neutral': 0}",0.0,0.0,1.0,0.0
USDT,2024-04-25,0.99908,0.99986,0.99908,0.99942,0.9999357142857143,1.000069,1.0001996000000002,0.9999236526473148,1.0000555575890553,-0.0001319049417405349,-3.842172971950765e-05,-9.348321202102725e-05,41.77215189873346,1.000069,0.0003749231500732583,1.0008188463001466,0.9993191536998536,0.0003403130880410554,0.0003964104413866078,0.0003219223843480728,0.32999999999999996,0.38183766184073564,2.0,0.65,0.21213203435596428,"{'positive': 2, 'negative': 0, 'neutral': 0}",0.0,0.0,1.0,0.0
USDT,2024-04-26,1.0001,1.0011,0.999,0.9999,0.9998771428571429,1.0000515,1.000169,0.9999200137784972,1.0000440348046808,-0.00012402102618369604,-5.554158901234533e-05,-6.847943717135071e-05,45.36817102137903,1.0000515,0.00037419773837943425,1.000799895476759,0.9993031045232412,0.00048027856156585,0.00045825902514790376,0.0003273944215623976,0.32999999999999996,0.38183766184073564,2.0,0.65,0.21213203435596428,"{'positive': 2, 'negative': 0, 'neutral': 0}",0.0,0.0,1.0,0.0
USDT,2024-04-27,0.9999,1.0004,0.9986,0.9991,0.9997057142857143,1.0000019999999998,1.0000955999999999,0.9997938578125746,0.9999741063006304,-0.00018024848805586746,-8.048296882104976e-05,-9.97655192348177e-05,30.95768374164821,1.0000019999999998,0.00043013584150277133,1.0008622716830053,0.9991417283169943,-0.000800080008000803,0.0005351732227324843,0.00034163551132729633,0.32999999999999996,0.38183766184073564,2.0,0.65,0.21213203435596428,"{'positive': 2, 'negative': 0, 'neutral': 0}",0.0,0.0,1.0,0.0
USDT,2024-04-28,0.9993,1.0026,0.9983,0.9994,0.9995957142857143,0.9999750000000001,1.0000448,0.9997332643029477,0.9999315799079912,-0.00019831560504346424,-0.00010404949606553267,-9.426610897793157e-05,39.485981308410956,0.9999750000000001,0.0004506895302441657,1.0008763790604884,0.9990736209395117,0.00030027024321888085,0.0005646128121131198,0.0003426183927877202,0.32999999999999996,0.38183766184073564,2.0,0.65,0.21213203435596428,"{'positive': 2, 'negative': 0, 'neutral': 0}",0.0,0.0,1.0,0.0
USDT,2024-04-29,0.9993,1.0016,0.9989,1.0,0.9995542857142857,0.9999974999999999,1.0000156,0.9997743005640327,0.9999366480629548,-0.00016234749892207745,-0.00011570909663684162,-4.663840228523583e-05,48.210526315789444,0.9999974999999999,0.000439447919239884,1.0008763958384796,0.9991186041615201,0.0006003602161297472,0.0006233465995859696,0.0003615252971732203,0.32999999999999996,0.38183766184073564,2.0,0.65,0.21213203435596428,"{'positive': 2, 'negative': 0, 'neutral': 0}",0.0,0.0,1.0,0.0
USDT,2024-04-30,0.99964,0.99988,0.99841,0.99869,0.99937,0.9999335,0.9999854,0.9996074850926431,0.9998443037619952,-0.00023681866935210127,-0.00013993101117989356,-9.688765817220772e-05,37.479270315091306,0.9999335,0.0005279580825050215,1.0009894161650101,0.99887758383499,-0.0013100000000000334,0.0007880377616016962,0.00043034092381284087,0.32999999999999996,0.38183766184073564,2.0,0.65,0.21213203435596428,"{'positive': 2, 'negative': 0, 'neutral': 0}",0.0,0.0,1.0,0.0
USDT,2024-05-01,0.9987,0.99919,0.99832,0.9985,0.9992871428571428,0.9998549999999999,0.999954,0.999437102770698,0.9997447257055511,-0.0003076229348530912,-0.0001734693959145331,-0.00013415353893855812,38.24027072758123,0.9998549999999999,0.0006159759052349375,1.00108695181047,0.9986230481895301,-0.00019024922648658293,0.0007236007871929374,0.0004270829589222306,0.32999999999999996,0.38183766184073564,2.0,0.65,0.21213203435596428,"{'positive': 2, 'negative': 0, 'neutral': 0}",0.0,0.0,1.0,0.0
USDT,2024-05-02,0.9985,1.00016,0.9985,1.00005,0.9993771428571429,0.9998429999999999,0.9999452,0.999531394652129,0.999767338616251,-0.00023594396412196517,-0.00018596430955601951,-4.997965456594565e-05,48.226950354610906,0.9998429999999999,0.0006093577292082523,1.0010617154584165,0.9986242845415835,0.00155232849273923,0.0009509805415971919,0.0005190354287876761,0.32999999999999996,0.38183766184073564,2.0,0.65,0.21213203435596428,"{'positive': 2, 'negative': 0, 'neutral': 0}",0.0,0.0,1.0,0.0
USDT,2024-05-03,1.00004,1.0019,0.99981,1.00042,0.9994514285714285,0.9998235,0.9999606,0.9996681031671861,0.9998156839039362,-0.00014758073675003036,-0.0001782875949948217,3.0706858244791344e-05,50.742240215924795,0.9998235,0.0005824293497146846,1.0009883586994293,0.9986586413005706,0.0003699815009250429,0.0009443348592080436,0.0005232762994134115,0.32999999999999996,0.38183766184073564,2.0,0.65,0.21213203435596428,"{'positive': 2, 'negative': 0, 'neutral': 0}",0.0,0.0,1.0,0.0
USDT,2024-05-04,1.00043,1.00043,0.99998,1.00009,0.9995928571428572,0.999813,0.9999606,0.9997330103722344,0.9998360036147557,-0.00010299324252127651,-0.00016322872450011267,6.0235481978836164e-05,48.641655886157544,0.999813,0.0005752354209489945,1.000963470841898,0.9986625291581019,-0.00032986145818769685,0.0008867066565298887,0.0005267637796015029,0.32999999999999996,0.38183766184073564,2.0,0.65,0.21213203435596428,"{'positive': 2, 'negative': 0, 'neutral': 0}",0.0,0.0,1.0,0.0
USDT,2024-05-05,1.0001,1.0002,0.99996,1.00012,0.9996957142857142,0.9998104999999999,0.9999747999999999,0.9997925472380444,0.999857040384033,-6.449314598855338e-05,-0.00014348160879780082,7.898846280924744e-05,49.67234600262054,0.9998104999999999,0.0005737088478888489,1.0009579176957777,0.9986630823042222,2.9997300242889935e-05,0.000884539577505352,0.0005264383517384343,0.32999999999999996,0.38183766184073564,2.0,0.65,0.21213203435596428,"{'positive': 2, 'negative': 0, 'neutral': 0}",0.0,0.0,1.0,0.0
USDT,2024-05-06,1.00012,1.0002,0.99978,1.00001,0.9996971428571427,0.9998009999999999,0.9999858,0.9998260015091145,0.9998683707259565,-4.2369216841975366e-05,-0.00012325913040663573,8.088991356466037e-05,48.162729658793715,0.9998009999999999,0.0005684688576747042,1.0009379377153493,0.9986640622846505,-0.00010998680158369467,0.0008583597776828098,0.0005265595520868075,0.32999999999999996,0.38183766184073564,2.0,0.65,0.21213203435596428,"{'positive': 2, 'negative': 0, 'neutral': 0}",0.0,0.0,1.0,0.0
USDT,2024-05-07,1.00001,1.00013,0.99981,0.99997,0.99988,0.9998049999999999,0.9999863999999999,0.9998481551230969,0.99987589882033,-2.7743697233129083e-05,-0.00010415604377193441,7.641234653880533e-05,49.93197278911595,0.9998049999999999,0.0005694087423197698,1.0009438174846395,0.9986661825153604,-3.999960000400371e-05,0.0006417871100155851,0.0005258196863531007,0.32999999999999996,0.38183766184073564,2.0,0.65,0.21213203435596428,"{'positive': 2, 'negative': 0, 'neutral': 0}",0.0,0.0,1.0,0.0
USDT,2024-05-08,0.99998,1.00007,0.99963,0.99969,1.00005,0.9997745,0.9999978,0.9998238235656973,0.9998621285373426,-3.830497164525326e-05,-9.098582934659819e-05,5.268085770134493e-05,54.531946508172275,0.9997745,0.0005577159718924728,1.000889931943785,0.9986590680562151,-0.0002800084002521075,0.0006513173879415553,0.0005275984553196893,0.32999999999999996,0.38183766184073564,2.0,0.65,0.21213203435596428,"{'positive': 2, 'negative': 0, 'neutral': 0}",0.0,0.0,1.0,0.0
USDT,2024-05-09,0.99969,0.99995,0.99938,0.99984,1.00002,0.9997510000000001,0.9999948000000001,0.9998263122478978,0.9998604893864284,-3.4177138530600004e-05,-7.962409118339855e-05,4.544695265279855e-05,53.21100917431169,0.9997510000000001,0.0005436901207574996,1.000838380241515,0.998663619758485,0.00015004651441952177,0.00024321478680486324,0.0005233174824931822,0.32999999999999996,0.38183766184073564,2.0,0.65,0.21213203435596428,"{'positive': 2, 'negative': 0, 'neutral': 0}",0.0,0.0,1.0,0.0
USDT,2024-05-10,0.99984,1.0,0.99947,0.9997,0.9999171428571428,0.9997210000000001,0.9999933999999999,0.9998068795943751,0.99984860128373,-4.172168935490106e-05,-7.204361081769906e-05,3.0321921462798002e-05,48.38709677419372,0.9997210000000001,0.0005281337550269657,1.000777267510054,0.9986647324899461,-0.00014002240358446105,0.00016827915573440068,0.0005181380132930791,0.32999999999999996,0.38183766184073564,2.0,0.65,0.21213203435596428,"{'positive': 2, 'negative': 0, 'neutral': 0}",0.0,0.0,1.0,0.0
USDT,2024-05-11,0.9997,0.99979,0.99946,0.99978,0.9998728571428571,0.9997014999999999,0.9999845999999999,0.9998027442721635,0.9998435197071573,-4.077543499381164e-05,-6.578997565292157e-05,2.501454065910993e-05,56.204379562044,0.9997014999999999,0.0005177814515990344,1.000737062903198,0.9986659370968018,8.002400720208414e-05,0.0001459461029844433,0.0005180060732268066,0.32999999999999996,0.38183766184073564,2.0,0.65,0.21213203435596428,"{'positive': 2, 'negative': 0, 'neutral': 0}",0.0,0.0,1.0,0.0
USDT,2024-05-12,0.99978,0.99979,0.99946,0.99957,0.9997942857142856,0.9996655000000001,0.9999759999999999,0.9997669374610615,0.9998232589881086,-5.6321527047153985e-05,-6.389628593176806e-05,7.574758884614077e-06,51.57699443413731,0.9996655000000001,0.0004994151843476317,1.0006643303686953,0.9986666696313048,-0.00021004621016629255,0.00015358606805638102,0.0005173852515916496,0.32999999999999996,0.38183766184073564,2.0,0.65,0.21213203435596428,"{'positive': 2, 'negative': 0, 'neutral': 0}",0.0,0.0,1.0,0.0
USDT,2024-05-13,0.99957,1.0,0.99949,0.99989,0.9997771428571429,0.999661,0.9999749999999998,0.9997858701593597,0.9998282027667673,-4.2332607407602474e-05,-5.9583550226934946e-05,1.7250942819332472e-05,48.92367906066482,0.999661,0.0004968310101762802,1.0006546620203527,0.9986673379796475,0.0003201376591934757,0.00021333996371553456,0.0005113982797092936,0.32999999999999996,0.38183766184073564,2.0,0.65,0.21213203435596428,"{'positive': 2, 'negative': 0, 'neutral': 0}",0.0,0.0,1.0,0.0
USDT,2024-05-14,0.99989,0.9999,0.99921,0.99964,0.9997299999999999,0.999689,0.9999647999999999,0.9997634285963813,0.9998142618210808,-5.0833224699453616e-05,-5.783348512143868e-05,7.000260421985064e-06,61.728395061728804,0.999689,0.0004777788522109901,1.000644557704422,0.998733442295578,-0.0002500275030252741,0.00023112142878701806,0.0005051716998975624,0.32999999999999996,0.38183766184073564,2.0,0.65,0.21213203435596428,"{'positive': 2, 'negative': 0, 'neutral': 0}",0.0,0.0,1.0,0.0
USDT,2024-05-15,0.99964,1.00079,0.99937,1.00059,0.9998585714285715,0.9997475,0.9999764,0.9998905934277074,0.9998717239084082,1.8869519299191673e-05,-4.2492884237312615e-05,6.136240353650429e-05,71.72557172557168,0.9997475,0.0005134083734568937,1.0007743167469139,0.9987206832530863,0.0009503421231644715,0.00041732569217888427,0.0005348342045610944,0.32999999999999996,0.38183766184073564,2.0,0.65,0.21213203435596428,"{'positive': 2, 'negative': 0, 'neutral': 0}",0.0,0.0,1.0,0.0
USDT,2024-05-16,1.00059,1.0006,0.99978,1.00009,0.9998942857142856,0.999757,0.9999853999999999,0.9999212713619062,0.9998878925077853,3.337885412091346e-05,-2.73185365656674e-05,6.069739068658086e-05,50.53191489361456,0.999757,0.0005181150045459209,1.0007932300090918,0.9987207699909082,-0.0004997051739474845,0.0004794107477340133,0.0005429741378842173,0.32999999999999996,0.38183766184073564,2.0,0.65,0.21213203435596428,"{'positive': 2, 'negative': 0, 'neutral': 0}",0.0,0.0,1.0,0.0
USDT,2024-05-17,1.00009,1.0018,0.99997,1.00035,0.9999871428571429,0.9998195000000001,0.9999882,0.9999872296139206,0.9999221226923938,6.510692152683628e-05,-8.833444947166666e-06,7.394036647400295e-05,49.04109589041086,0.9998195000000001,0.0005100203814695723,1.0008395407629391,0.9987994592370609,0.00025997660210586027,0.0004787972567175137,0.0005418525814496414,0.32999999999999996,0.38183766184073564,2.0,0.65,0.21213203435596428,"{'positive': 2, 'negative': 0, 'neutral': 0}",0.0,0.0,1.0,0.0
USDT,2024-05-18,1.00034,1.00047,1.00007,1.00017,1.000042857142857,0.999858,0.9999819999999999,1.000015348134856,0.9999404839744387,7.486416041724286e-05,7.90607612571524e-06,6.695808429152762e-05,51.14285714285819,0.999858,0.0005057313620558598,1.0008694627241117,0.9988465372758883,-0.0001799370220423313,0.0004899201807648578,0.0005377288856259025,0.32999999999999996,0.38183766184073564,2.0,0.65,0.21213203435596428,"{'positive': 2, 'negative': 0, 'neutral': 0}",0.0,0.0,1.0,0.0
USDT,2024-05-19,1.00018,1.00019,0.99991,0.99993,1.0000942857142856,0.9998545,0.9999728,1.0000022176525705,0.9999397073837395,6.25102688309731e-05,1.8826914666766815e-05,4.3683354164206285e-05,47.43935309973187,0.9998545,0.0005049385059365271,1.000864377011873,0.9988446229881269,-0.00023995920693486994,0.0004927479707323241,0.0005394352168154518,0.32999999999999996,0.38183766184073564,2.0,0.65,0.21213203435596428,"{'positive': 2, 'negative': 0, 'neutral': 0}",0.0,0.0,1.0,0.0
USDT,2024-05-20,0.99994,1.00063,0.99987,1.00038,1.0001642857142856,0.999939,0.999978,1.0000603380137134,0.9999723216516107,8.801636210276076e-05,3.26648041539656e-05,5.5351557948795156e-05,54.56790123456705,0.999939,0.0004365884489132992,1.0008121768978266,0.9990658231021734,0.0004500315022051282,0.0005067941798489275,0.0005460080094806368,0.32999999999999996,0.38183766184073564,2.0,0.65,0.21213203435596428,"{'positive': 2, 'negative': 0, 'neutral': 0}",0.0,0.0,1.0,0.0
USDT,2024-05-21,1.00038,1.00041,0.99937,0.99974,1.0001785714285716,1.000001,0.9999652,1.0000110552423729,0.9999551126403803,5.594260199259793e-05,3.732036372169207e-05,1.862223827090586e-05,47.52688172042975,1.000001,0.0002822447613389551,1.0005654895226779,0.999436510477322,-0.0006397568923809382,0.0005657975462251072,0.0005580822610660256,0.32999999999999996,0.38183766184073564,2.0,0.65,0.21213203435596428,"{'positive': 2, 'negative': 0, 'neutral': 0}",0.0,0.0,1.0,0.0
USDT,2024-05-22,0.99974,1.0004,0.99955,0.99958,1.0000342857142857,0.9999775,0.9999488,0.9999447390512386,0.9999273265188706,1.7412532367977462e-05,3.333879745094915e-05,-1.592626508297169e-05,48.785871964680666,0.9999775,0.00029712437593883243,1.0005717487518777,0.9993832512481223,-0.00016004161081872859,0.00038711072560601947,0.000558102687868888,0.32999999999999996,0.38183766184073564,2.0,0.65,0.21213203435596428,"{'positive': 2, 'negative': 0, 'neutral': 0}",0.0,0.0,1.0,0.0
USDT,2024-05-23,0.99957,1.0002,0.9988,0.99936,0.9999300000000001,0.9999245,0.9999302,0.9998547791972019,0.9998853023322877,-3.052313508578042e-05,2.056641094360324e-05,-5.108954602938365e-05,44.78260869565355,0.9999245,0.0003083653848386341,1.0005412307696773,0.9993077692303227,-0.00022009243882425977,0.00035761579049309767,0.0005567526455072819,0.32999999999999996,0.38183766184073564,2.0,0.65,0.21213203435596428,"{'positive': 2, 'negative': 0, 'neutral': 0}",0.0,0.0,1.0,0.0
USDT,2024-05-24,0.99937,0.99995,0.9991,0.99988,0.9998628571428572,0.9999140000000001,0.999923,0.9998586593207093,0.999884909566933,-2.6250246223713525e-05,1.1203079510139886e-05,-3.745332573385341e-05,51.80722891566204,0.9999140000000001,0.0003059996560685701,1.0005259993121371,0.9993020006878629,0.0005203330131282602,0.00041131815933959293,0.0005395080864210107,0.32999999999999996,0.38183766184073564,2.0,0.65,0.21213203435596428,"{'positive': 2, 'negative': 0, 'neutral': 0}",0.0,0.0,1.0,0.0
USDT,2024-05-25,0.99988,0.99996,0.99957,0.9998,0.9998100000000001,0.999898,0.9999122,0.9998496348098309,0.9998786199693824,-2.8985159551520034e-05,3.1654316978079016e-06,-3.2150591249327935e-05,50.200803212851575,0.999898,0.00030301294055818273,1.0005040258811164,0.9992919741188836,-8.000960115206457e-05,0.00040847191184723497,0.0005365357334911605,0.32999999999999996,0.38183766184073564,2.0,0.65,0.21213203435596428,"{'positive': 2, 'negative': 0, 'neutral': 0}",0.0,0.0,1.0,0.0
USDT,2024-05-26,0.99979,0.9999,0.99931,0.99972,0.99978,0.9998834999999999,0.9999016000000001,0.9998296909929338,0.9998668703420208,-3.717934908697984e-05,-4.9035244591496475e-06,-3.227582462783019e-05,51.54639175257815,0.9998834999999999,0.00030430723747118586,1.0004921144749424,0.9992748855250575,-8.001600320062252e-05,0.0004006554263982216,0.0005294067462649175,0.32999999999999996,0.38183766184073564,2.0,0.65,0.21213203435596428,"{'positive': 2, 'negative': 0, 'neutral': 0}",0.0,0.0,1.0,0.0
USDT,2024-05-27,0.99962,0.99962,0.9989,0.99898,0.9995799999999999,0.9998340000000001,0.9998794,0.9996989693017132,0.9998011762426119,-0.00010220694089868587,-2.4364207747056895e-05,-7.784273315162898e-05,41.36622390891962,0.9998340000000001,0.0003641341569411023,1.0005622683138824,0.9991057316861179,-0.000740207258032366,0.0004153078945887769,0.0005264138679116971,0.32999999999999996,0.38183766184073564,2.0,0.65,0.21213203435596428,"{'positive': 2, 'negative': 0, 'neutral': 0}",0.0,0.0,1.0,0.0
USDT,2024-05-28,0.99898,0.9993,0.99859,0.99868,0.9994285714285713,0.9997835,0.9998541999999999,0.9995422047937573,0.9997181261505665,-0.0001759213568092166,-5.467563755948884e-05,-0.00012124571924972778,40.97744360902385,0.9997835,0.00044599120836131634,1.0006754824167228,0.9988915175832774,-0.00030030631243860295,0.00037306788231053603,0.0005258682629936849,0.32999999999999996,0.38183766184073564,2.0,0.65,0.21213203435596428,"{'positive': 2, 'negative': 0, 'neutral': 0}",0.0,0.0,1.0,0.0
USDT,2024-05-29,0.99868,0.99945,0.99868,0.9989,0.9993314285714285,0.9997365,0.9998411999999999,0.9994434040562562,0.9996575242134875,-0.00021412015723132338,-8.656454149385576e-05,-0.00012755561573746764,31.590413943355955,0.9997365,0.0004873372873277349,1.0007111745746555,0.9987618254253445,0.0002202907838346757,0.00039844515667486897,0.0005147716921134346,0.32999999999999996,0.38183766184073564,2.0,0.65,0.21213203435596428,"{'positive': 2, 'negative': 0, 'neutral': 0}",0.0,0.0,1.0,0.0
USDT,2024-05-30,0.99889,0.99982,0.99866,0.99965,0.9993728571428573,0.9997339999999999,0.9998348,0.9994751880476014,0.9996569668643402,-0.00018177881673886453,-0.00010560739654285752,-7.617142019600702e-05,45.45454545454691,0.9997339999999999,0.00048766252355816837,1.0007093250471162,0.9987586749528836,0.0007508259084993973,0.0005036233602486554,0.00047493954475832847,0.32999999999999996,0.38183766184073564,2.0,0.65,0.21213203435596428,"{'positive': 2, 'negative': 0, 'neutral': 0}",0.0,0.0,1.0,0.0
USDT,2024-05-31,0.99964,0.99994,0.99849,0.99881,0.9992200000000001,0.9996855,0.9998096,0.9993728514248935,0.9995942285780928,-0.00022137715319925366,-0.00012876134787413675,-9.261580532511692e-05,35.793357933578974,0.9996855,0.0005293041609301974,1.0007441083218604,0.9986268916781396,-0.0008402941029360678,0.0005486021640616243,0.000499622391225103,0.32999999999999996,0.38183766184073564,2.0,0.65,0.21213203435596428,"{'positive': 2, 'negative': 0, 'neutral': 0}",0.0,0.0,1.0,0.0
USDT,2024-06-01,0.99882,0.99923,0.99879,0.99911,0.9991214285714286,0.9996625,0.999786,0.9993324127441406,0.9995583597945303,-0.00022594705038969654,-0.0001481984883772487,-7.774856201244783e-05,40.43321299639071,0.9996625,0.0005443670878708954,1.0007512341757419,0.9985737658242582,0.00030035742533618404,0.0005752077084643102,0.00041078174613025614,0.32999999999999996,0.38183766184073564,2.0,0.65,0.21213203435596428,"{'positive': 2, 'negative': 0, 'neutral': 0}",0.0,0.0,1.0,0.0
USDT,2024-06-02,0.99911,0.9997,0.9987,0.99947,0.9990857142857142,0.9996414999999998,0.9997592000000001,0.9993535800142729,0.9995518146245651,-0.000198234610292225,-0.00015820571276024397,-4.002889753198103e-05,45.93639575971725,0.9996414999999998,0.0005432288943164448,1.0007279577886328,0.9985550422113669,0.00036032068540992057,0.0006010601464358278,0.0004104600085376593,0.32999999999999996,0.38183766184073564,2.0,0.65,0.21213203435596428,"{'positive': 2, 'negative': 0, 'neutral': 0}",0.0,0.0,1.0,0.0
USDT,2024-06-03,0.99945,0.99992,0.99917,0.99983,0.9992071428571428,0.9996510000000001,0.9997498,0.9994268753966924,0.9995724209486714,-0.00014554555197898722,-0.00015567368060399262,1.0128128625005404e-05,45.0628366247752,0.9996510000000001,0.0005448601945639236,1.0007407203891279,0.9985612796108723,0.0003601909011776705,0.000525163103625426,0.00041249845509680943,0.32999999999999996,0.38183766184073564,2.0,0.65,0.21213203435596428,"{'positive': 2, 'negative': 0, 'neutral': 0}",0.0,0.0,1.0,0.0
USDT,2024-06-04,0.99983,1.00003,0.99956,1.0,0.9993957142857143,0.9996214999999999,0.9997463999999999,0.9995150484125859,0.999604093470992,-8.904505840612309e-05,-0.00014234795616441872,5.330289775829563e-05,52.54901960784351,0.9996214999999999,0.0005059256758804185,1.0006333513517607,0.9986096486482391,0.0001700289049137993,0.0004911705510995323,0.00041374050335792387,0.32999999999999996,0.38183766184073564,2.0,0.65,0.21213203435596428,"{'positive': 2, 'negative': 0, 'neutral': 0}",0.0,0.0,1.0,0.0
USDT,2024-06-05,1.0,1.00018,0.99947,1.0001,0.9995671428571429,0.9996220000000001,0.9997444,0.9996050409644958,0.9996408272879556,-3.57863234597966e-05,-0.0001210356296234943,8.52493061636977e-05,55.15873015872977,0.9996220000000001,0.000506417759769338,1.0006348355195387,0.9986091644804614,9.999999999998899e-05,0.0004919894729775233,0.00041366040759132516,0.32999999999999996,0.38183766184073564,2.0,0.65,0.21213203435596428,"{'positive': 2, 'negative': 0, 'neutral': 0}",0.0,0.0,1.0,0.0
USDT,2024-06-06,1.00009,1.0001,0.99948,0.99968,0.9995714285714287,0.9995885,0.9997402,0.9996165731238041,0.9996437289703293,-2.7155846525128702e-05,-0.00010225967300382118,7.510382647869248e-05,53.05343511450368,0.9995885,0.0004770333211791018,1.0005425666423582,0.9986344333576418,-0.0004199580041995832,0.00046025674561175146,0.0004207803917914993,0.32999999999999996,0.38183766184073564,2.0,0.65,0.21213203435596428,"{'positive': 2, 'negative': 0, 'neutral': 0}",0.0,0.0,1.0,0.0
USDT,2024-06-07,0.99968,0.99984,0.99885,0.99961,0.9996857142857143,0.9995605,0.9997264000000001,0.9996155618739881,0.9996412305280826,-2.5668654094479493e-05,-8.694146922195284e-05,6.127281512747335e-05,47.18162839248446,0.9995605,0.0004571245943705282,1.000474749188741,0.9986462508112589,-7.00224071703559e-05,0.00028234799705970613,0.0004178632475481098,0.32999999999999996,0.38183766184073564,2.0,0.65,0.21213203435596428,"{'positive': 2, 'negative': 0, 'neutral': 0}",0.0,0.0,1.0,0.0
USDT,2024-06-08,0.99962,0.9999,0.99947,0.99989,0.9997971428571428,0.9995585,0.9997179999999999,0.9996577831241438,0.9996596578963728,-1.8747722290157753e-06,-6.992812982336544e-05,6.805335759434966e-05,50.90180360721366,0.9995585,0.00045550752497049076,1.000469515049941,0.9986474849500591,0.0002801092426045759,0.00028022129578166125,0.0004201697697609497,0.32999999999999996,0.38183766184073564,2.0,0.65,0.21213203435596428,"{'positive': 2, 'negative': 0, 'neutral': 0}",0.0,0.0,1.0,0.0
USDT,2024-06-09,0.99988,0.99997,0.9998,0.99985,0.9998514285714286,0.999532,0.999709,0.9996873549511985,0.9996737573114562,1.3597639742291001e-05,-5.322297591023415e-05,6.682061565252515e-05,51.31313131313094,0.999532,0.00041916709397714716,1.0003703341879542,0.9986936658120457,-4.000440048401721e-05,0.0002611866362725764,0.0004194021420222306,0.32999999999999996,0.38183766184073564,2.0,0.65,0.21213203435596428,"{'positive': 2, 'negative': 0, 'neutral': 0}",0.0,0.0,1.0,0.0
USDT,2024-06-10,0.99985,0.99988,0.99963,0.99973,0.9998371428571428,0.9995315,0.9997001999999999,0.9996939157279372,0.9996779234365335,1.5992291403699177e-05,-3.9379922447447484e-05,5.537221385114666e-05,58.66050808314132,0.9995315,0.00041891181089201695,1.000369323621784,0.9986936763782159,-0.00012001800270045049,0.00022848006650440862,0.00041975970218560487,0.32999999999999996,0.38183766184073564,2.0,0.65,0.21213203435596428,"{'positive': 2, 'negative': 0, 'neutral': 0}",0.0,0.0,1.0,0.0
USDT,2024-06-11,0.99972,0.99985,0.99895,0.99979,0.9998071428571428,0.9995419999999999,0.9996902,0.9997086979236391,0.9996862254041977,2.2472519441429917e-05,-2.7009434069672006e-05,4.9481953511101926e-05,63.5696821515888,0.9995419999999999,0.0004228051685681607,1.0003876103371363,0.9986963896628636,6.0016204375124005e-05,0.00021719538984003351,0.0004180271341312214,0.32999999999999996,0.38183766184073564,2.0,0.65,0.21213203435596428,"{'positive': 2, 'negative': 0, 'neutral': 0}",0.0,0.0,1.0,0.0
USDT,2024-06-12,0.99979,1.00021,0.99948,0.99967,0.9997457142857142,0.9995575000000001,0.9996839999999999,0.9997027443969254,0.9996850235224053,1.7720874520121832e-05,-1.806337235171324e-05,3.5784246871835076e-05,59.649122807016916,0.9995575000000001,0.0004214620542818497,1.0004004241085638,0.9987145758914364,-0.00012002520529308391,0.0002110842647159013,0.00041438137701191297,0.32999999999999996,0.38183766184073564,2.0,0.65,0.21213203435596428,"{'positive': 2, 'negative': 0, 'neutral': 0}",0.0,0.0,1.0,0.0
USDT,2024-06-13,0.99967,1.00003,0.99953,0.9996,0.9997342857142856,0.9995434999999999,0.9996943999999999,0.9996869375666292,0.9996787254837086,8.212082920566743e-06,-1.2808281297257245e-05,2.102036421782399e-05,49.24471299093659,0.9995434999999999,0.0004147830758862179,1.0003730661517725,0.9987139338482275,-7.002310762538322e-05,0.00014222440108818056,0.0004120414287564301,0.32999999999999996,0.38183766184073564,2.0,0.65,0.21213203435596428,"{'positive': 2, 'negative': 0, 'neutral': 0}",0.0,0.0,1.0,0.0
USDT,2024-06-14,0.9996,0.99995,0.99907,0.9993,0.99969,0.9995185000000001,0.9996919999999999,0.9996274087102247,0.9996506717441747,-2.3263033949949552e-05,-1.4899231827795707e-05,-8.363802122153845e-06,58.84476534296066,0.9995185000000001,0.00041357586975272466,1.0003456517395055,0.9986913482604947,-0.00030012004801927006,0.00017968248712280137,0.00037394612636388415,0.32999999999999996,0.38183766184073564,2.0,0.65,0.21213203435596428,"{'positive': 2, 'negative': 0, 'neutral': 0}",0.0,0.0,1.0,0.0
USDT,2024-06-15,0.9993,0.9996,0.99923,0.99943,0.9996242857142857,0.9995040000000002,0.9996826,0.9995970381394209,0.9996343256890506,-3.728754962972758e-05,-1.937689538818208e-05,-1.7910654241545497e-05,56.153846153846324,0.9995040000000002,0.0004112164240521,1.0003264328481043,0.9986815671518959,0.00013009106374473056,0.00013884768947266849,0.00036498991944108026,0.32999999999999996,0.38183766184073564,2.0,0.65,0.21213203435596428,"{'positive': 2, 'negative': 0, 'neutral': 0}",0.0,0.0,1.0,0.0
USDT,2024-06-16,0.99943,0.99944,0.99885,0.9992,0.9995314285714285,0.9995149999999999,0.9996846,0.9995359553487407,0.9996021534157876,-6.619806704688536e-05,-2.8741129719922736e-05,-3.745693732696262e-05,44.534412955465676,0.9995149999999999,0.00039922952116301267,1.000313459042326,0.9987165409576739,-0.0002301311747696655,0.00015103831610405088,0.0003628988034276113,0.32999999999999996,0.38183766184073564,2.0,0.65,0.21213203435596428,"{'positive': 2, 'negative': 0, 'neutral': 0}",0.0,0.0,1.0,0.0
USDT,2024-06-17,0.9992,0.99962,0.99903,0.99954,0.9995042857142857,0.9995579999999998,0.9996874,0.9995365776027806,0.9995975494590627,-6.097185628206603e-05,-3.518727503235139e-05,-2.5784581249714635e-05,44.08163265306085,0.9995579999999998,0.00034752659881464237,1.000253053197629,0.9988629468023705,0.0003402722177743289,0.00022117101021553026,0.0003682850591776152,0.32999999999999996,0.38183766184073564,2.0,0.65,0.21213203435596428,"{'positive': 2, 'negative': 0, 'neutral': 0}",0.0,0.0,1.0,0.0
USDT,2024-06-18,0.99953,0.99992,0.99937,0.99945,0.9994557142857143,0.9995854999999999,0.9996764,0.9995232579715836,0.9995866198695025,-6.336189791888991e-05,-4.08221996096591e-05,-2.253969830923081e-05,38.3966244725727,0.9995854999999999,0.00031273790950484947,1.0002109758190096,0.9989600241809902,-9.004141905277763e-05,0.00021857336435505943,0.00036622200984180427,0.32999999999999996,0.38183766184073564,2.0,0.65,0.21213203435596428,"{'positive': 2, 'negative': 0, 'neutral': 0}",0.0,0.0,1.0,0.0
USDT,2024-06-19,0.99945,0.9999,0.99942,0.9996,0.9994457142857144,0.999583,0.9996946,0.9995350644374938,0.99958761099028,-5.254655278619236e-05,-4.316707024496575e-05,-9.379482541226607e-06,39.66942148760482,0.999583,0.00031239482447259297,1.0002077896489452,0.9989582103510548,0.0001500825454001653,0.00022751532189917335,0.00035704116043285835,0.32999999999999996,0.38183766184073564,2.0,0.65,0.21213203435596428,"{'positive': 2, 'negative': 0, 'neutral': 0}",0.0,0.0,1.0,0.0
USDT,2024-06-20,0.9996,0.99974,0.99912,0.99929,0.9994014285714287,0.9996070000000001,0.9997103999999999,0.9994973622163409,0.9995655657317408,-6.820351539993386e-05,-4.8174359275959375e-05,-2.002915612397448e-05,41.558441558442055,0.9996070000000001,0.00026467656536214597,1.0001363531307244,0.9990776468692758,-0.000310124049619831,0.000254566438816991,0.0003422662639643736,0.32999999999999996,0.38183766184073564,2.0,0.65,0.21213203435596428,"{'positive': 2, 'negative': 0, 'neutral': 0}",0.0,0.0,1.0,0.0
USDT,2024-06-21,0.99929,0.9998,0.99904,0.99938,0.9994128571428572,0.9996205,0.9996970000000001,0.99947930649075,0.9995518201219823,-7.251363123228494e-05,-5.304221366722449e-05,-1.9471417565060447e-05,45.0643776824048,0.9996205,0.00024407667052374186,1.0001086533410475,0.9991323466589526,9.006394540134188e-05,0.00023082126163261914,0.000341655765413562,0.32999999999999996,0.38183766184073564,2.0,0.65,0.21213203435596428,"{'positive': 2, 'negative': 0, 'neutral': 0}",0.0,0.0,1.0,0.0
USDT,2024-06-22,0.99938,1.0013,0.9993,0.9996,0.9994371428571428,0.999627,0.9996805999999999,0.9994978747229424,0.9995553890018355,-5.751427889311156e-05,-5.3936626712401904e-05,-3.5776521807096546e-06,43.612334801764895,0.999627,0.00024157596612601565,1.0001101519322522,0.999143848067748,0.00022013648462038127,0.000240826749807226,0.0003416245980763441,0.32999999999999996,0.38183766184073564,2.0,0.65,0.21213203435596428,"{'positive': 2, 'negative': 0, 'neutral': 0}",0.0,0.0,1.0,0.0
USDT,2024-06-23,0.99961,0.99961,0.99917,0.99931,0.9994528571428571,0.999601,0.9996649999999999,0.9994689709194128,0.9995372120387366,-6.82411193237975e-05,-5.679752523468103e-05,-1.1443594089116476e-05,39.28571428571586,0.999601,0.0002465103820581504,1.0000940207641162,0.9991079792358837,-0.0002901160464185981,0.00025218910199615197,0.00033161598366260656,0.32999999999999996,0.38183766184073564,2.0,0.65,0.21213203435596428,"{'positive': 2, 'negative': 0, 'neutral': 0}",0.0,0.0,1.0,0.0
USDT,2024-06-24,0.99931,0.99957,0.99918,0.99927,0.9994142857142858,0.9995645,0.999648,0.9994383600087339,0.9995174185543857,-7.905854565182224e-05,-6.124972931810928e-05,-1.7808816333712965e-05,40.573770491804225,0.9995645,0.0002382275560522014,1.0000409551121043,0.9990880448878956,-4.002761905719243e-05,0.0002076591625563175,0.0003314424437761972,0.32999999999999996,0.38183766184073564,2.0,0.65,0.21213203435596428,"{'positive': 2, 'negative': 0, 'neutral': 0}",0.0,0.0,1.0,0.0
USDT,2024-06-25,0.99926,0.99988,0.9992,0.99982,0.9994671428571429,0.9995505,0.9996441999999999,0.999497073853544,0.9995398319948016,-4.2758141257537297e-05,-5.755141170599488e-05,1.4793270448457587e-05,50.511945392492855,0.9995505,0.00021187074023547314,0.999974241480471,0.999126758519529,0.0005504017933091188,0.00030121523069983925,0.00034697106650287114,0.32999999999999996,0.38183766184073564,2.0,0.65,0.21213203435596428,"{'positive': 2, 'negative': 0, 'neutral': 0}",0.0,0.0,1.0,0.0
USDT,2024-06-26,0.99981,0.99992,0.99913,0.99921,0.9994114285714285,0.9995269999999999,0.9996290000000001,0.9994529086453064,0.9995153999951867,-6.249134988023375e-05,-5.853939934084266e-05,-3.951950539391091e-06,43.27485380117181,0.9995269999999999,0.00022254745215967385,0.9999720949043193,0.9990819050956806,-0.0006101098197676125,0.0003855711407083185,0.00033805524335827475,0.32999999999999996,0.38183766184073564,2.0,0.65,0.21213203435596428,"{'positive': 2, 'negative': 0, 'neutral': 0}",0.0,0.0,1.0,0.0
USDT,2024-06-27,0.99924,0.99945,0.99827,0.99866,0.9993214285714285,0.9994795,0.9996084000000001,0.9993309226998747,0.9994520370325802,-0.00012111433270556304,-7.105438601378675e-05,-5.00599466917763e-05,37.94871794871904,0.9994795,0.0002938577350742492,1.0000672154701484,0.9988917845298515,-0.0005504348435264594,0.0004210661586943383,0.0003488273293573464,0.32999999999999996,0.38183766184073564,2.0,0.65,0.21213203435596428,"{'positive': 2, 'negative': 0, 'neutral': 0}",0.0,0.0,1.0,0.0
USDT,2024-06-28,0.99865,0.99909,0.99792,0.99801,0.9991257142857144,0.9993855,0.9995717999999999,0.9991277038229709,0.9993452194746113,-0.00021751565164040976,-0.00010034663913911135,-0.0001171690125012984,34.823529411766444,0.9993855,0.000426423004761366,1.0002383460095228,0.9985326539904773,-0.0006508721687060737,0.0004596175908871224,0.00036565873950344116,0.32999999999999996,0.38183766184073564,2.0,0.65,0.21213203435596428,"{'positive': 2, 'negative': 0, 'neutral': 0}",0.0,0.0,1.0,0.0
USDT,2024-06-29,0.99801,0.99871,0.99797,0.9983,0.99894,0.9993080000000001,0.9995438,0.999000364773283,0.9992677958098253,-0.00026743103654225386,-0.00013376351861973986,-0.000133667517922514,37.18820861678055,0.9993080000000001,0.0004755783183502048,1.0002591566367005,0.9983568433632997,0.0002905782507189869,0.00047087688715360585,0.0003405790179388254,0.32999999999999996,0.38183766184073564,2.0,0.65,0.21213203435596428,"{'positive': 2, 'negative': 0, 'neutral': 0}",0.0,0.0,1.0,0.0
USDT,2024-06-30,0.99829,0.99858,0.99717,0.99844,0.9988157142857143,0.9992435000000001,0.999517,0.9989141548081626,0.9992064776016901,-0.000292322793527533,-0.0001654753736012985,-0.0001268474199262345,41.20370370370478,0.9992435000000001,0.0005020722846267941,1.0002476445692536,0.9982393554307465,0.00014023840528909481,0.00048292670377543046,0.0003070201042501017,0.32999999999999996,0.38183766184073564,2.0,0.65,0.21213203435596428,"{'positive': 2, 'negative': 0, 'neutral': 0}",0.0,0.0,1.0,0.0
USDT,2024-07-01,0.99845,0.99899,0.99807,0.99889,0.9987614285714285,0.9991985,0.9995034000000002,0.9989104386838299,0.9991830348163797,-0.0002725961325498183,-0.00018689952539100246,-8.569660715881583e-05,42.663656884876026,0.9991985,0.0004907167154072249,1.0001799334308143,0.9982170665691855,0.00045070309683103993,0.0005304795353481862,0.000313459238677344,0.32999999999999996,0.38183766184073564,2.0,0.65,0.21213203435596428,"{'positive': 2, 'negative': 0, 'neutral': 0}",0.0,0.0,1.0,0.0
USDT,2024-07-02,0.99893,0.999,0.99808,0.9984,0.9985585714285714,0.9991349999999999,0.9994736000000001,0.9988319096555484,0.9991250322373886,-0.00029312258184022166,-0.0002081441366808463,-8.497844515937536e-05,39.1304347826095,0.9991349999999999,0.0005083461316044417,1.0001516922632088,0.998118307736791,-0.0004905445043998924,0.0004758291857500107,0.0003175175088653046,0.32999999999999996,0.38183766184073564,2.0,0.65,0.21213203435596428,"{'positive': 2, 'negative': 0, 'neutral': 0}",0.0,0.0,1.0,0.0
USDT,2024-07-03,0.99841,1.0011,0.99832,0.99889,0.9985128571428571,0.9990995,0.9994586000000001,0.9988408466316179,0.9991076224420264,-0.00026677581040857046,-0.00021987047142639114,-4.690533898217932e-05,43.1334622823978,0.9990995,0.0004988668739638019,1.0000972337479277,0.9981017662520725,0.00049078525641022,0.0005001276251532815,0.0003239615047140697,0.32999999999999996,0.38183766184073564,2.0,0.65,0.21213203435596428,"{'positive': 2, 'negative': 0, 'neutral': 0}",0.0,0.0,1.0,0.0
USDT,2024-07-04,0.99888,1.001,0.99888,0.99943,0.9986228571428571,0.9991059999999999,0.9994354,0.998931485611369,0.9991315022611356,-0.00020001664976654343,-0.00021589970709442162,1.5883057327878186e-05,51.29629629629649,0.9991059999999999,0.0005024508355540015,1.0001109016711078,0.9981010983288919,0.0005406000660734822,0.0004864146271067178,0.0003386352518594795,0.32999999999999996,0.38183766184073564,2.0,0.65,0.21213203435596428,"{'positive': 2, 'negative': 0, 'neutral': 0}",0.0,0.0,1.0,0.0
USDT,2024-07-05,0.99944,1.00013,0.99943,1.00008,0.9989185714285715,0.9991384999999999,0.9994352000000001,0.9991081801326969,0.9992017613529033,-9.35812202064179e-05,-0.0001914360097168209,9.785478951040299e-05,55.8724832214765,0.9991384999999999,0.0005438292592362096,1.0002261585184724,0.9980508414815276,0.0006503707113054702,0.00038518943140520195,0.000359563200076918,0.32999999999999996,0.38183766184073564,2.0,0.65,0.21213203435596428,"{'positive': 2, 'negative': 0, 'neutral': 0}",0.0,0.0,1.0,0.0
USDT,2024-07-06,1.00009,1.00021,0.99993,1.00003,0.9991657142857143,0.9991800000000002,0.9994288,0.9992499985738205,0.9992631123637994,-1.311378997892465e-05,-0.00015577156576924165,0.000142657775790317,53.71329879101814,0.9991800000000002,0.0005792826780561878,1.0003385653561125,0.9980214346438878,-4.99960003200739e-05,0.0004069009434918754,0.0003509251138597314,0.32999999999999996,0.38183766184073564,2.0,0.65,0.21213203435596428,"{'positive': 2, 'negative': 0, 'neutral': 0}",0.0,0.0,1.0,0.0
USDT,2024-07-07,1.00002,1.00017,0.9997,0.99989,0.9993728571428572,0.9991975,0.9994232,0.9993484603316942,0.9993095484849994,3.891184669480019e-05,-0.00011683488327643329,0.00015574672997123348,55.14184397163005,0.9991975,0.0005957823251747246,1.0003890646503495,0.9980059353496505,-0.00013999580012602486,0.000432205970878609,0.00035171885307759353,0.32999999999999996,0.38183766184073564,2.0,0.65,0.21213203435596428,"{'positive': 2, 'negative': 0, 'neutral': 0}",0.0,0.0,1.0,0.0
USDT,2024-07-08,0.99989,1.00009,0.99956,0.99991,0.9995185714285714,0.9992205000000001,0.9994228,0.999434851049895,0.9993540263749995,8.082467489556322e-05,-7.730297164203399e-05,0.0001581276465375972,55.69395017793531,0.9992205000000001,0.0006146241898753803,1.0004497483797508,0.9979912516202493,2.0002200242119628e-05,0.000422344289764384,0.0003480016736244858,0.32999999999999996,0.38183766184073564,2.0,0.65,0.21213203435596428,"{'positive': 2, 'negative': 0, 'neutral': 0}",0.0,0.0,1.0,0.0
USDT,2024-07-09,0.99991,1.00009,0.9997,0.99998,0.9997442857142858,0.9992395000000001,0.9994147999999999,0.999518720119142,0.9994003947916662,0.00011832532747579894,-3.8177311818467406e-05,0.00015650263929426633,51.556420233462326,0.9992395000000001,0.0006325842985562256,1.0005046685971124,0.9979743314028876,7.000630056697155e-05,0.00032302496613865995,0.0003481372759537582,0.32999999999999996,0.38183766184073564,2.0,0.65,0.21213203435596428,"{'positive': 2, 'negative': 0, 'neutral': 0}",0.0,0.0,1.0,0.0
USDT,2024-07-10,0.99998,1.002,0.99975,0.99992,0.9998914285714287,0.9992709999999999,0.9994184,0.9995804554854278,0.9994388840663576,0.00014157141907022996,-2.227565640727931e-06,0.0001437989847109579,57.734204793027665,0.9992709999999999,0.0006506587755099797,1.00057231755102,0.99796968244898,-6.0001200023918067e-05,0.0003147439442202763,0.0003475696832947835,0.32999999999999996,0.38183766184073564,2.0,0.65,0.21213203435596428,"{'positive': 2, 'negative': 0, 'neutral': 0}",0.0,0.0,1.0,0.0
USDT,2024-07-11,0.99993,1.0028,0.99976,0.99997,0.9999685714285714,0.9993005,0.9994262,0.9996403854107466,0.9994782259873681,0.00016215942337849398,3.064983216311645e-05,0.00013150959121537752,66.01466992664976,0.9993005,0.0006689778141554608,1.000638455628311,0.9979625443716891,5.0004000319958664e-05,0.00026292097408145106,0.0003475212216030837,0.32999999999999996,0.38183766184073564,2.0,0.65,0.21213203435596428,"{'positive': 2, 'negative': 0, 'neutral': 0}",0.0,0.0,1.0,0.0
USDT,2024-07-12,0.99998,1.00029,0.99992,1.00019,0.9999842857142857,0.9993299999999999,0.9994428000000001,0.999724941501401,0.9995309499883038,0.00019399151309718032,6.331816834992923e-05,0.00013067334474725108,79.7814207650259,0.9993299999999999,0.0006953681342626063,1.000720736268525,0.9979392637314747,0.0002200066001978307,0.00011559516323556041,0.0003488098584630257,0.32999999999999996,0.38183766184073564,2.0,0.65,0.21213203435596428,"{'positive': 2, 'negative': 0, 'neutral': 0}",0.0,0.0,1.0,0.0
USDT,2024-07-13,1.0002,1.0028,0.99999,1.00018,1.0000057142857144,0.9993735000000001,0.9994488000000001,0.9997949505011855,0.999579027766948,0.00021592273423753916,9.383908152745122e-05,0.00012208365271008795,77.810650887576,0.9993735000000001,0.0007207983512746759,1.0008150967025495,0.9979319032974507,-9.998100360730788e-06,0.00011275924942039475,0.0003484631153168426,0.32999999999999996,0.38183766184073564,2.0,0.65,0.21213203435596428,"{'positive': 2, 'negative': 0, 'neutral': 0}",0.0,0.0,1.0,0.0
USDT,2024-07-14,1.00018,1.00043,1.00011,1.00037,1.0000742857142857,0.9994284999999999,0.9994602,0.9998834196548493,0.9996376183027296,0.0002458013521197122,0.00012423153564590343,0.00012156981647380878,78.13411078717328,0.9994284999999999,0.0007537015673817592,1.0009359031347635,0.9979210968652364,0.00018996580615482372,0.00010253379603587925,0.0003444320053987862,0.32999999999999996,0.38183766184073564,2.0,0.65,0.21213203435596428,"{'positive': 2, 'negative': 0, 'neutral': 0}",0.0,0.0,1.0,0.0
USDT,2024-07-15,1.00037,1.00091,0.99994,1.0005,1.0001585714285715,0.9994624999999999,0.9994758,0.9999782781694878,0.9997014984284534,0.0002767797410344608,0.00015474117672361492,0.00012203856431084587,75.88424437299173,0.9994624999999999,0.0007868984753882153,1.0010362969507764,0.9978887030492235,0.00012995191779041626,0.00010227506306596892,0.00034443069183659063,0.32999999999999996,0.38183766184073564,2.0,0.65,0.21213203435596428,"{'positive': 2, 'negative': 0, 'neutral': 0}",0.0,0.0,1.0,0.0
USDT,2024-07-16,1.0005,1.0009,1.00013,1.00025,1.0001971428571428,0.9995145000000001,0.9995012,1.0000200815280282,0.9997421281744938,0.0002779533535344214,0.00017938361208577624,9.856974144864517e-05,82.22996515679998,0.9995145000000001,0.0008035216893805154,1.001121543378761,0.997907456621239,-0.0002498750624686519,0.000163093539930168,0.00034497463546033274,0.32999999999999996,0.38183766184073564,2.0,0.65,0.21213203435596428,"{'positive': 2, 'negative': 0, 'neutral': 0}",0.0,0.0,1.0,0.0
USDT,2024-07-17,1.00025,1.0005,0.99994,1.00009,1.0002214285714286,0.9995860000000001,0.9995294,1.000030838216024,0.9997678964578647,0.0002629417581592186,0.00019609524130046472,6.684651685875389e-05,73.62204724409523,0.9995860000000001,0.0007869354283945373,1.0011598708567893,0.998012129143211,-0.00015996000999762838,0.00017695071437455863,0.0003417885247400144,0.32999999999999996,0.38183766184073564,2.0,0.65,0.21213203435596428,"{'positive': 2, 'negative': 0, 'neutral': 0}",0.0,0.0,1.0,0.0
USDT,2024-07-18,1.00008,1.00017,0.99975,0.9998,1.0001971428571428,0.9996755,0.9995474,0.9999953246443279,0.9997702744980228,0.0002250501463051391,0.00020188622230139962,2.316392400373947e-05,58.07860262008806,0.9996755,0.0006946371639314462,1.001064774327863,0.9982862256721372,-0.0002899739023486392,0.00021192141304091406,0.00034590024009072156,0.32999999999999996,0.38183766184073564,2.0,0.65,0.21213203435596428,"{'positive': 2, 'negative': 0, 'neutral': 0}",0.0,0.0,1.0,0.0
USDT,2024-07-19,0.9998,1.00066,0.99964,1.00042,1.00023,0.9997814999999999,0.9995628000000001,1.0000606593144314,0.9998184023129841,0.00024225700144731022,0.00020996037813058175,3.229662331672846e-05,57.52212389380644,0.9997814999999999,0.0006326824679914265,1.0010468649359827,0.998516135064017,0.0006201240248049356,0.0003167978640902793,0.0003626245579622622,0.32999999999999996,0.38183766184073564,2.0,0.65,0.21213203435596428,"{'positive': 2, 'negative': 0, 'neutral': 0}",0.0,0.0,1.0,0.0
USDT,2024-07-20,1.00043,1.0018,1.00026,1.00042,1.0002642857142858,0.9998805000000001,0.999595,1.0001159424968267,0.9998629651046149,0.00025297739221175064,0.00021856378094681553,3.441361126493511e-05,58.82352941176884,0.9998805000000001,0.0005627701690726145,1.0010060403381453,0.9987549596618548,0.0,0.000316594743445158,0.00035704847423916454,0.32999999999999996,0.38183766184073564,2.0,0.65,0.21213203435596428,"{'positive': 2, 'negative': 0, 'neutral': 0}",0.0,0.0,1.0,0.0
USDT,2024-07-21,1.00043,1.0016,1.00013,1.0002,1.00024,0.9999460000000001,0.9996168,1.0001288744203918,0.9998879306524212,0.0002409437679705695,0.00022303977835156635,1.790398961900314e-05,56.76855895196672,0.9999460000000001,0.0005156845221214329,1.000977369044243,0.9989146309557573,-0.00021990763879187192,0.0003208839758158645,0.00035995512676773386,0.32999999999999996,0.38183766184073564,2.0,0.65,0.21213203435596428,"{'positive': 2, 'negative': 0, 'neutral': 0}",0.0,0.0,1.0,0.0
USDT,2024-07-22,1.00021,1.0004,0.99986,1.0003,1.0002114285714285,1.000041,0.9996334,1.0001552014326391,0.9999184543077974,0.00023674712484178517,0.00022578124764961011,1.0965877192175059e-05,58.22784810126707,1.000041,0.00037044638796348065,1.0007818927759269,0.999300107224073,9.998000399913387e-05,0.0003186760694607515,0.0003584017614332787,0.32999999999999996,0.38183766184073564,2.0,0.65,0.21213203435596428,"{'positive': 2, 'negative': 0, 'neutral': 0}",0.0,0.0,1.0,0.0
USDT,2024-07-23,1.0003,1.00049,0.99802,1.00012,1.000192857142857,1.0001025000000001,0.9996392000000001,1.0001497858276178,0.9999333836183308,0.00021640220928698106,0.00022390543997708433,-7.503230690103263e-06,52.822580645159974,1.0001025000000001,0.00025268817904409134,1.0006078763580883,0.9995971236419119,-0.00017994601619519823,0.0003115978361042547,0.00035563232939338934,0.32999999999999996,0.38183766184073564,2.0,0.65,0.21213203435596428,"{'positive': 2, 'negative': 0, 'neutral': 0}",0.0,0.0,1.0,0.0
USDT,2024-07-24,1.00012,1.00022,0.99977,0.99983,1.0001557142857143,1.0001225,0.9996358000000001,1.0001005880079843,0.9999257255725286,0.00017486243545572489,0.00021409683907281244,-3.923440361708756e-05,48.3394833948331,1.0001225,0.0002086516866810771,1.0005398033733621,0.9997051966266379,-0.00028996520417534644,0.000325018049595215,0.00036015718744933844,0.32999999999999996,0.38183766184073564,2.0,0.65,0.21213203435596428,"{'positive': 2, 'negative': 0, 'neutral': 0}",0.0,0.0,1.0,0.0
USDT,2024-07-25,0.99982,0.99997,0.99954,0.99974,1.000147142857143,1.0001055,0.9996285999999999,1.000045112929833,0.9999119681227117,0.00013314480712123267,0.0001979064326824965,-6.476162556126383e-05,45.8181818181802,1.0001055,0.0002254696852938424,1.0005564393705877,0.9996545606294124,-9.001530260144275e-05,0.00030739839790137386,0.00034626940222096467,0.32999999999999996,0.38183766184073564,2.0,0.65,0.21213203435596428,"{'positive': 2, 'negative': 0, 'neutral': 0}",0.0,0.0,1.0,0.0
USDT,2024-07-26,0.99974,1.0012,0.99963,0.99999,1.0000857142857142,1.0001035,0.9996348,1.0000366340175508,0.99991774826177,0.00011888575578078431,0.00018210229730215407,-6.321654152136976e-05,46.402877697843984,1.0001035,0.00022635033404736355,1.0005562006680948,0.9996507993319053,0.0002500650169043883,0.00019107705254025085,0.00032943507210579176,0.32999999999999996,0.38183766184073564,2.0,0.65,0.21213203435596428,"{'positive': 2, 'negative': 0, 'neutral': 0}",0.0,0.0,1.0,0.0
USDT,2024-07-27,1.0,1.00031,0.99981,0.99997,1.0000214285714286,1.0001075,0.9996419999999999,1.0000263826302354,0.9999216187608981,0.00010476386933722104,0.00016663461170916748,-6.187074237194644e-05,46.23655913978426,1.0001075,0.000223061827721586,1.000553623655443,0.9996613763445568,-2.000020000203495e-05,0.00019015324589109718,0.00031115411882948684,0.32999999999999996,0.38183766184073564,2.0,0.65,0.21213203435596428,"{'positive': 2, 'negative': 0, 'neutral': 0}",0.0,0.0,1.0,0.0
USDT,2024-07-28,0.99992,1.00003,0.99978,0.99991,0.99998,1.0001075,0.9996424,1.0000084776101992,0.9999207581119427,8.771949825647773e-05,0.00015085158901862955,-6.313209076215181e-05,41.353383458647016,1.0001075,0.000223061827721586,1.000553623655443,0.9996613763445568,-6.0001800054054755e-05,0.00017752335339242157,0.00028310612393793905,0.32999999999999996,0.38183766184073564,2.0,0.65,0.21213203435596428,"{'positive': 2, 'negative': 0, 'neutral': 0}",0.0,0.0,1.0,0.0
USDT,2024-07-29,0.9999,1.00001,0.99956,0.99989,0.9999214285714285,1.000103,0.9996432,0.9999902502855531,0.9999184797332803,7.17705522728096e-05,0.00013503538166946557,-6.326482939665598e-05,38.03921568627581,1.000103,0.0002266483481593382,1.0005562966963186,0.9996497033036813,-2.000180016203945e-05,0.00016708153791920128,0.00028017720259053544,0.32999999999999996,0.38183766184073564,2.0,0.65,0.21213203435596428,"{'positive': 2, 'negative': 0, 'neutral': 0}",0.0,0.0,1.0,0.0
USDT,2024-07-30,0.99988,0.99989,0.9995,0.9997,0.9998614285714286,1.000092,0.9996426,0.999945596395468,0.9999022960493336,4.3300346134422796e-05,0.00011668837456245702,-7.338802842803423e-05,38.95582329317312,1.000092,0.00024088870554727994,1.0005737774110945,0.9996102225889054,-0.00019002090229913726,0.00016834018273944755,0.0002831077105623137,0.32999999999999996,0.38183766184073564,2.0,0.65,0.21213203435596428,"{'positive': 2, 'negative': 0, 'neutral': 0}",0.0,0.0,1.0,0.0
USDT,2024-07-31,0.9997,0.99986,0.99938,0.99964,0.9998342857142857,1.0000755,0.9996396,0.999898581565396,0.9998828667123458,1.571485305018605e-05,9.649367026000284e-05,-8.077881720981679e-05,40.585774058579325,1.0000755,0.00026021195821320967,1.0005959239164264,0.9995550760835735,-6.0018005401674124e-05,0.00013514739186569727,0.0002728587244249051,0.32999999999999996,0.38183766184073564,2.0,0.65,0.21213203435596428,"{'positive': 2, 'negative': 0, 'neutral': 0}",0.0,0.0,1.0,0.0
USDT,2024-08-01,0.99965,0.9997,0.9988,0.99918,0.9997542857142856,1.000025,0.9996298,0.999788030555335,0.9998308025114313,-4.2771956096254726e-05,6.864054498875133e-05,-0.00011141250108500606,37.890625000000334,1.000025,0.0003264078818022472,1.0006778157636045,0.9993721842363954,-0.00046016565963746814,0.00021353079725315498,0.00027092880587977343,0.32999999999999996,0.38183766184073564,2.0,0.65,0.21213203435596428,"{'positive': 2, 'negative': 0, 'neutral': 0}",0.0,0.0,1.0,0.0
USDT,2024-08-02,0.9992,1.0013,0.99876,0.99885,0.9995914285714286,0.9999585,0.9996148000000001,0.9996437181622065,0.9997581504735475,-0.00011443231134100618,3.202597372279983e-05,-0.000146458285063806,15.418502202644888,0.9999585,0.00041627767812229155,1.0007910553562445,0.9991259446437554,-0.00033027082207404135,0.00017278522118459338,0.00026374054058217586,0.32999999999999996,0.38183766184073564,2.0,0.65,0.21213203435596428,"{'positive': 2, 'negative': 0, 'neutral': 0}",0.0,0.0,1.0,0.0
USDT,2024-08-03,0.99886,0.99948,0.99854,0.99937,0.9995057142857142,0.9999084999999999,0.9996162000000001,0.9996016076757133,0.9997293985866181,-0.00012779091090486805,6.259679726625708e-08,-0.0001278535077021343,31.182795698924053,0.9999084999999999,0.000424230262745835,1.0007569605254916,0.9990600394745082,0.0005205986884917468,0.0003120247274700031,0.00026234501400846456,0.32999999999999996,0.38183766184073564,2.0,0.65,0.21213203435596428,"{'positive': 2, 'negative': 0, 'neutral': 0}",0.0,0.0,1.0,0.0
USDT,2024-08-04,0.99937,0.99973,0.99903,0.99971,0.9994771428571428,0.999869,0.9996218,0.9996182834179113,0.999727961654276,-0.00010967823636476304,-2.1885569835139603e-05,-8.779266652962343e-05,41.580756013746104,0.999869,0.0004024778516797119,1.0006739557033595,0.9990640442966405,0.0003402143350310638,0.000351666296229471,0.00024099354070725192,0.32999999999999996,0.38183766184073564,2.0,0.65,0.21213203435596428,"{'positive': 2, 'negative': 0, 'neutral': 0}",0.0,0.0,1.0,0.0
USDT,2024-08-05,0.99971,1.0009,0.99932,1.00019,0.9995200000000001,0.9998659999999999,0.9996415999999999,0.9997062398151557,0.9997621867169222,-5.5946901766468216e-05,-2.869783622140533e-05,-2.7249065545062887e-05,48.32826747720283,0.9998659999999999,0.00039970252101187626,1.0006654050420236,0.9990665949579761,0.0004801392403797067,0.0004010290476968217,0.0002570370222247396,0.32999999999999996,0.38183766184073564,2.0,0.65,0.21213203435596428,"{'positive': 2, 'negative': 0, 'neutral': 0}",0.0,0.0,1.0,0.0
USDT,2024-08-06,1.00019,1.0008,1.00007,1.00038,0.9996171428571428,0.9998805,0.9996584,0.9998098952282087,0.9998079506638169,1.9445643918425404e-06,-2.2569356098755755e-05,2.4513920490598295e-05,53.9393939393961,0.9998805,0.0004132856155735877,1.0007070712311472,0.9990539287688528,0.00018996390685788178,0.0003898023652300732,0.0002576612971899224,0.32999999999999996,0.38183766184073564,2.0,0.65,0.21213203435596428,"{'positive': 2, 'negative': 0, 'neutral': 0}",0.0,0.0,1.0,0.0
USDT,2024-08-07,1.00039,1.00062,0.99997,1.0001,0.9996828571428572,0.9998954999999998,0.9996714,0.9998545267315613,0.9998295839479786,2.494278358267099e-05,-1.3066928162470406e-05,3.8009711745141395e-05,54.103343465045185,0.9998954999999998,0.000415647560773335,1.0007267951215464,0.9990642048784532,-0.0002798936404166952,0.00041276603954779767,0.0002632717242099946,0.32999999999999996,0.38183766184073564,2.0,0.65,0.21213203435596428,"{'positive': 2, 'negative': 0, 'neutral': 0}",0.0,0.0,1.0,0.0
USDT,2024-08-08,1.0001,1.002,1.00008,1.0003,0.9998428571428571,0.9998895000000001,0.9996854,0.9999230610805518,0.9998644295814617,5.8631499090133765e-05,1.2727572880504279e-06,5.735874180208334e-05,58.235294117646696,0.9998895000000001,0.000408482106852854,1.0007064642137058,0.9990725357862944,0.00019998000199983323,0.00034189808607487134,0.0002654158089664055,0.32999999999999996,0.38183766184073564,2.0,0.65,0.21213203435596428,"{'positive': 2, 'negative': 0, 'neutral': 0}",0.0,0.0,1.0,0.0
USDT,2024-08-09,1.00029,1.00054,0.9999,1.00031,1.0000514285714286,0.999884,0.9997058000000001,0.9999825901450823,0.9998974347976497,8.515534743258613e-05,1.8049275316957566e-05,6.710607211562856e-05,55.063291139240036,0.999884,0.00040164661089073776,1.0006872932217814,0.9990807067782185,9.997000899764075e-06,0.00027895333506532414,0.0002650803137106422,0.32999999999999996,0.38183766184073564,2.0,0.65,0.21213203435596428,"{'positive': 2, 'negative': 0, 'neutral': 0}",0.0,0.0,1.0,0.0
USDT,2024-08-10,1.0003,1.0007,1.00008,1.00019,1.0001685714285713,0.9998834999999999,0.999722,1.0000144993535311,0.9999191062941201,9.539305941108633e-05,3.351803213578332e-05,6.187502727530301e-05,53.374233128832344,0.9998834999999999,0.0004012385430901017,1.0006859770861802,0.9990810229138197,-0.00011996281152859556,0.00026426925724591476,0.0002660773500021196,0.32999999999999996,0.38183766184073564,2.0,0.65,0.21213203435596428,"{'positive': 2, 'negative': 0, 'neutral': 0}",0.0,0.0,1.0,0.0
USDT,2024-08-11,1.00019,1.00031,1.0,1.0001,1.0002242857142858,0.9998735,0.9997320000000001,1.0000276532991417,0.999932505827889,9.514747125272116e-05,4.584391995917089e-05,4.930355129355027e-05,52.88753799392122,0.9998735,0.00039271356916775247,1.0006589271383355,0.9990880728616645,-8.998290324835345e-05,0.0002535695023440401,0.0002635419099105119,0.32999999999999996,0.38183766184073564,2.0,0.65,0.21213203435596428,"{'positive': 2, 'negative': 0, 'neutral': 0}",0.0,0.0,1.0,0.0
USDT,2024-08-12,1.0001,1.00037,1.0,1.00011,1.0002128571428572,0.999873,0.999748,1.0000403220223506,0.9999456535443416,9.46684780089857e-05,5.560883156913385e-05,3.905964643985185e-05,53.35365853658685,0.999873,0.0003923894414026327,1.0006577788828053,0.9990882211171948,9.999000100124888e-06,0.0001713644592413657,0.000263548799460059,0.32999999999999996,0.38183766184073564,2.0,0.65,0.21213203435596428,"{'positive': 2, 'negative': 0, 'neutral': 0}",0.0,0.0,1.0,0.0
USDT,2024-08-13,1.0001,1.00039,1.00001,1.00012,1.0001757142857142,0.9998875,0.999765,1.0000525801727582,0.9999585680966125,9.401207614567753e-05,6.32894804844426e-05,3.072259566123493e-05,56.774193548384694,0.9998875,0.0003960578772670244,1.0006796157545341,0.999095384245466,9.998900120766763e-06,0.00014802774064373667,0.00026105798326288515,0.32999999999999996,0.38183766184073564,2.0,0.65,0.21213203435596428,"{'positive': 2, 'negative': 0, 'neutral': 0}",0.0,0.0,1.0,0.0
USDT,2024-08-14,1.00011,1.00058,1.0,1.00008,1.0001728571428572,0.9999044999999999,0.9997702,1.0000567986077185,0.9999675630524191,8.923555529938287e-05,6.847869544743066e-05,2.0756859851952215e-05,57.1428571428592,0.9999044999999999,0.00039668992270635195,1.0006978798454125,0.9991111201545871,-3.999520057573758e-05,0.00010353949771696627,0.0002597953888206857,0.32999999999999996,0.38183766184073564,2.0,0.65,0.21213203435596428,"{'positive': 2, 'negative': 0, 'neutral': 0}",0.0,0.0,1.0,0.0
USDT,2024-08-15,1.00009,1.0004,0.99984,1.00019,1.000157142857143,0.9999144999999998,0.9997898,1.0000772911296079,0.9999840398633509,9.325126625692182e-05,7.343320960932889e-05,1.9818056647592926e-05,68.49816849816986,0.9999144999999998,0.0004014509867676569,1.0007174019735352,0.9991115980264645,0.00010999120070387391,7.611222612001683e-05,0.0002568180082511736,0.32999999999999996,0.38183766184073564,2.0,0.65,0.21213203435596428,"{'positive': 2, 'negative': 0, 'neutral': 0}",0.0,0.0,1.0,0.0
USDT,2024-08-16,1.00019,1.0004,0.99994,1.00028,1.0001528571428573,0.99993,0.9998222,1.0001084771096682,1.0000059628364362,0.0001025142732320461,7.924942233387234e-05,2.3264850898173752e-05,78.71485943775323,0.99993,0.00040960828532665016,1.0007492165706533,0.9991107834293467,8.99829032485755e-05,8.597892680058381e-05,0.00025556699267340624,0.32999999999999996,0.38183766184073564,2.0,0.65,0.21213203435596428,"{'positive': 2, 'negative': 0, 'neutral': 0}",0.0,0.0,1.0,0.0
USDT,2024-08-17,1.00028,1.00028,1.00004,1.00009,1.0001385714285715,0.999939,0.9998638,1.0001056344774115,1.000012187811515,9.344666589661266e-05,8.208887104642041e-05,1.135779485019225e-05,66.66666666666495,0.999939,0.0004111204203633984,1.000761240840727,0.9991167591592732,-0.0001899468148919281,0.0001038781739225921,0.0002521978195167354,0.32999999999999996,0.38183766184073564,2.0,0.65,0.21213203435596428,"{'positive': 2, 'negative': 0, 'neutral': 0}",0.0,0.0,1.0,0.0
USDT,2024-08-18,1.00009,1.0002,1.00001,1.0002,1.000152857142857,0.9999545,0.9999018000000001,1.0001201522501175,1.0000260998254769,9.40524246406671e-05,8.448158176526975e-05,9.570842875397345e-06,62.69430051813382,0.9999545,0.00041500126827672274,1.0007845025365534,0.9991244974634466,0.0001099901008909665,0.0001070381789314452,0.0002253940968291942,0.32999999999999996,0.38183766184073564,2.0,0.65,0.21213203435596428,"{'positive': 2, 'negative': 0, 'neutral': 0}",0.0,0.0,1.0,0.0
USDT,2024-08-19,1.0002,1.00071,0.9998,1.00022,1.0001685714285713,0.9999805,0.9999374,1.000135513442407,1.0000404628013675,9.50506410395402e-05,8.659539362012385e-05,8.455247419416348e-06,51.02040816327178,0.9999805,0.00041450636467415896,1.0008095127293484,0.9991514872706517,1.999600080004882e-05,0.00010703809868418597,0.00022544600856158378,0.32999999999999996,0.38183766184073564,2.0,0.65,0.21213203435596428,"{'positive': 2, 'negative': 0, 'neutral': 0}",0.0,0.0,1.0,0.0
USDT,2024-08-20,1.00022,1.00063,0.99995,1.00001,1.0001528571428573,0.9999990000000001,0.9999597999999998,1.0001162036820368,1.0000382062975626,7.799738447422655e-05,8.487579179094439e-05,-6.878407316717841e-06,37.583892617452065,0.9999990000000001,0.0004066926940675652,1.0008123853881352,0.999185614611865,-0.00020995381016175596,0.0001370681775385643,0.00022512841519283612,0.32999999999999996,0.38183766184073564,2.0,0.65,0.21213203435596428,"{'positive': 2, 'negative': 0, 'neutral': 0}",0.0,0.0,1.0,0.0
USDT,2024-08-21,1.00001,1.0006,0.99996,1.00007,1.0001514285714286,1.0000435,0.9999932,1.0001090954232619,1.000040561386632,6.853403662976376e-05,8.160744075870826e-05,-1.3073404128944503e-05,48.818897637796375,1.0000435,0.00035815719870844955,1.000759814397417,0.9993271856025832,5.999940000589454e-05,0.00013930712750848356,0.00022459523240296242,0.32999999999999996,0.38183766184073564,2.0,0.65,0.21213203435596428,"{'positive': 2, 'negative': 0, 'neutral': 0}",0.0,0.0,1.0,0.0
USDT,2024-08-22,1.00008,1.00029,1.0,1.00005,1.0001314285714287,1.0001035,1.0000164,1.0001000038196832,1.0000412605431779,5.874327650534639e-05,7.703460790803589e-05,-1.8291331402689502e-05,38.53211009174985,1.0001035,0.000222527940379589,1.0005485558807592,0.9996584441192409,-1.999860009793686e-05,0.00013035695776399792,0.00022225012331205095,0.32999999999999996,0.38183766184073564,2.0,0.65,0.21213203435596428,"{'positive': 2, 'negative': 0, 'neutral': 0}",0.0,0.0,1.0,0.0
USDT,2024-08-23,1.00005,1.00085,0.99981,1.00079,1.0002042857142857,1.0001745000000002,1.0000436000000001,1.0002061570781935,1.0000967227251647,0.00010943435302879223,8.351455693218716e-05,2.5919796096605068e-05,63.18681318681466,1.0001745000000002,0.0002017417579006911,1.0005779835158015,0.9997710164841989,0.0007399630018498637,0.0003180772572757156,0.00025361674626413867,0.32999999999999996,0.38183766184073564,2.0,0.65,0.21213203435596428,"{'positive': 2, 'negative': 0, 'neutral': 0}",0.0,0.0,1.0,0.0
USDT,2024-08-24,1.00079,1.0008,1.00021,1.00035,1.0002414285714285,1.0002065,1.000049,1.0002282867584713,1.0001154840047821,0.00011280275368918957,8.937219628358765e-05,2.3430557405601925e-05,53.73831775701342,1.0002065,0.0001728788746544224,1.000552257749309,0.9998607422506911,-0.00043965267438728084,0.00036325729727271515,0.0002670936140447437,0.32999999999999996,0.38183766184073564,2.0,0.65,0.21213203435596428,"{'positive': 2, 'negative': 0, 'neutral': 0}",0.0,0.0,1.0,0.0
USDT,2024-08-25,1.00029,1.00057,1.00026,1.00035,1.0002628571428571,1.0002145,1.0000554000000001,1.0002470118725526,1.0001328555599835,0.00011415631256905812,9.432901954068175e-05,1.982729302837637e-05,56.09756097561213,1.0002145,0.0001757532661571435,1.0005660065323143,0.9998629934676857,0.0,0.0003619600776588298,0.00026355659150022,0.32999999999999996,0.38183766184073564,2.0,0.65,0.21213203435596428,"{'positive': 2, 'negative': 0, 'neutral': 0}",0.0,0.0,1.0,0.0
USDT,2024-08-26,1.00035,1.0004,0.99999,1.00018,1.000257142857143,1.0002045000000002,1.0000612000000002,1.0002367023536984,1.0001363477407255,0.00010035461297297488,9.553413822714038e-05,4.8204747458344935e-06,51.58371040724026,1.0002045000000002,0.00017147886178368445,1.0005474577235676,0.9998615422764328,-0.00016994052081775735,0.0003691377656942131,0.00026559877988100865,0.32999999999999996,0.38183766184073564,2.0,0.65,0.21213203435596428,"{'positive': 2, 'negative': 0, 'neutral': 0}",0.0,0.0,1.0,0.0
USDT,2024-08-27,1.00018,1.0002,0.99975,1.0,1.0002557142857145,1.0001995000000001,1.0000630000000001,1.0002002866069757,1.000126247908079,7.403869889666126e-05,9.123505036104456e-05,-1.7196351464383302e-05,47.478991596640846,1.0001995000000001,0.00017608236719969403,1.0005516647343995,0.9998473352656008,-0.0001799676058310551,0.0003665366176547428,0.0002675388867459405,0.32999999999999996,0.38183766184073564,2.0,0.65,0.21213203435596428,"{'positive': 2, 'negative': 0, 'neutral': 0}",0.0,0.0,1.0,0.0
USDT,2024-08-28,1.00001,1.0004,0.9999,1.00009,1.0002585714285714,1.000189,1.0000652,1.0001833194366718,1.0001235628778509,5.9756558820955874e-05,8.493935205302683e-05,-2.518279323207096e-05,50.205761316869186,1.000189,0.00017603528365450332,1.000541070567309,0.999836929432691,8.999999999992347e-05,0.0003675477995121092,0.000267965743537198,0.32999999999999996,0.38183766184073564,2.0,0.65,0.21213203435596428,"{'positive': 2, 'negative': 0, 'neutral': 0}",0.0,0.0,1.0,0.0
USDT,2024-08-29,1.00009,1.00023,0.99998,0.99999,1.00025,1.000173,1.0000666,1.0001535779848763,1.0001136693313435,3.990865353276085e-05,7.593321234897364e-05,-3.602455881621279e-05,45.86776859504441,1.000173,0.00017897662310395717,1.0005309532462079,0.9998150467537921,-9.999100080981815e-05,0.00036961664317805055,0.0002661848570811682,0.32999999999999996,0.38183766184073564,2.0,0.65,0.21213203435596428,"{'positive': 2, 'negative': 0, 'neutral': 0}",0.0,0.0,1.0,0.0
USDT,2024-08-30,0.99998,1.0005,0.99969,0.99987,1.0001185714285714,1.000157,1.0000646,1.0001099506025877,1.000095619751244,1.433085134361356e-05,6.361274014790163e-05,-4.928188880428807e-05,41.63265306122427,1.000157,0.0001912589868184172,1.0005395179736367,0.9997744820263631,-0.00012000120001198766,0.0001664653439936987,0.0002669507980381772,0.32999999999999996,0.38183766184073564,2.0,0.65,0.21213203435596428,"{'positive': 2, 'negative': 0, 'neutral': 0}",0.0,0.0,1.0,0.0
USDT,2024-08-31,0.99986,0.99996,0.99969,0.9998,1.00004,1.0001419999999999,1.0000568,1.0000622658944973,1.0000737219918927,-1.145609739539033e-05,4.859897263924324e-05,-6.005507003463357e-05,43.77682403433673,1.0001419999999999,0.0002070748657825605,1.000556149731565,0.9997278502684347,-7.000910118315495e-05,9.614904057059833e-05,0.0002524830574337954,0.32999999999999996,0.38183766184073564,2.0,0.65,0.21213203435596428,"{'positive': 2, 'negative': 0, 'neutral': 0}",0.0,0.0,1.0,0.0
USDT,2024-09-01,0.9998,0.9999,0.99966,0.99982,0.9999642857142857,1.0001275,1.0000495999999999,1.0000249942184207,1.000054927770271,-2.9933551850325202e-05,3.289246774132955e-05,-6.282601959165475e-05,41.517857142858226,1.0001275,0.00021923011231166038,1.0005659602246233,0.9996890397753767,2.0004000800266653e-05,9.912432473810557e-05,0.00024363678344973888,0.32999999999999996,0.38183766184073564,2.0,0.65,0.21213203435596428,"{'positive': 2, 'negative': 0, 'neutral': 0}",0.0,0.0,1.0,0.0
USDT,2024-09-02,0.99982,0.99998,0.9997,0.99983,0.9999142857142856,1.0001130000000003,1.0000388,0.9999949951078945,1.0000382664539547,-4.3271346060191895e-05,1.7659704981025263e-05,-6.0931051041217155e-05,41.25560538116234,1.0001130000000003,0.00022911959652691956,1.0005712391930541,0.9996547608069464,1.0001800323955479e-05,9.380119654374359e-05,0.00022551586236609485,0.32999999999999996,0.38183766184073564,2.0,0.65,0.21213203435596428,"{'positive': 2, 'negative': 0, 'neutral': 0}",0.0,0.0,1.0,0.0
USDT,2024-09-03,0.99984,1.0001,0.9993,0.99972,0.9998742857142858,1.0000950000000002,1.0000232,0.9999526881682184,1.0000146911610692,-6.200299285086253e-05,1.727165414647705e-06,-6.373015826551024e-05,43.192488262909336,1.0000950000000002,0.0002454105047232309,1.0005858210094467,0.9996041789905538,-0.00011001870317950413,8.041863097871959e-05,0.00021800830082986604,0.32999999999999996,0.38183766184073564,2.0,0.65,0.21213203435596428,"{'positive': 2, 'negative': 0, 'neutral': 0}",0.0,0.0,1.0,0.0
USDT,2024-09-04,0.99972,1.00007,0.99964,0.99989,0.9998457142857143,1.00008,1.000016,0.9999430438346463,1.0000054547787678,-6.241094412151593e-05,-1.1100456492585022e-05,-5.131048762893091e-05,45.98214285714055,1.00008,0.00024844781308872585,1.0005768956261776,0.9995831043738226,0.00017004761333172524,0.00010416964339633092,0.00020117750454913858,0.32999999999999996,0.38183766184073564,2.0,0.65,0.21213203435596428,"{'positive': 2, 'negative': 0, 'neutral': 0}",0.0,0.0,1.0,0.0
USDT,2024-09-05,0.99989,1.0022,0.99963,0.99964,0.9997957142857145,1.000048,1.000007,0.9998964217062392,0.9999783840544146,-8.196234817547943e-05,-2.5272834829163906e-05,-5.668951334631552e-05,41.7004048582957,1.000048,0.00026216908974584647,1.0005723381794918,0.9995236618205083,-0.0002500275030252741,0.00013281284271156915,0.00020213442312945143,0.32999999999999996,0.38183766184073564,2.0,0.65,0.21213203435596428,"{'positive': 2, 'negative': 0, 'neutral': 0}",0.0,0.0,1.0,0.0
USDT,2024-09-06,0.99964,1.0021,0.99892,0.99948,0.99974,1.0000175,1.0000006000000001,0.9998323568283563,0.9999414667170506,-0.00010910988869439198,-4.204024560220952e-05,-6.706964309218246e-05,15.343915343907383,1.0000175,0.00029093090161241776,1.0005993618032247,0.9994356381967752,-0.00016005762074344787,0.0001371244975231639,0.00019805935845194217,0.32999999999999996,0.38183766184073564,2.0,0.65,0.21213203435596428,"{'positive': 2, 'negative': 0, 'neutral': 0}",0.0,0.0,1.0,0.0
USDT,2024-09-07,0.99948,0.99994,0.99944,0.9999,0.9997542857142857,1.0000025000000001,0.9999902,0.9998427634701476,0.9999383951083802,-9.563163823267384e-05,-5.275852412830239e-05,-4.2873114104371453e-05,37.967914438498426,1.0000025000000001,0.0002887518512812266,1.0005800037025625,0.9994249962974376,0.00042021851362705753,0.00022538963188802923,0.00021022723333565308,0.32999999999999996,0.38183766184073564,2.0,0.65,0.21213203435596428,"{'positive': 2, 'negative': 0, 'neutral': 0}",0.0,0.0,1.0,0.0
USDT,2024-09-08,0.99989,0.99992,0.99972,0.9999,0.9997657142857143,0.9999865,0.9999798,0.9998515690901248,0.999935551026278,-8.398193615311023e-05,-5.900320653326396e-05,-2.4978729619846267e-05,37.967914438498426,0.9999865,0.0002849058016764896,1.000556311603353,0.999416688396647,0.0,0.00022543221259639615,0.00021019693531279824,0.32999999999999996,0.38183766184073564,2.0,0.65,0.21213203435596428,"{'positive': 2, 'negative': 0, 'neutral': 0}",0.0,0.0,1.0,0.0
USDT,2024-09-09,1.0004,1.0015,0.9994,1.00018,0.9998157142857144,0.999995,0.9999794,0.9999020969224134,0.9999536583576648,-5.156143525142376e-05,-5.751485227689592e-05,5.953417025472161e-06,50.0,0.999995,0.00028816113919937327,1.0005713222783987,0.9994186777216012,0.0002800280028003588,0.0002471951813751805,0.0002158308800133842,0.32999999999999996,0.38183766184073564,2.0,0.65,0.21213203435596428,"{'positive': 2, 'negative': 0, 'neutral': 0}",0.0,0.0,1.0,0.0
USDT,2024-09-10,1.00018,1.00018,0.99966,0.99993,0.9998457142857143,0.9999879999999999,0.999972,0.9999063897035806,0.9999519058867267,-4.551618314607708e-05,-5.511511845073216e-05,9.598935304655074e-06,48.29268292682863,0.9999879999999999,0.00028794370801740667,1.0005638874160347,0.9994121125839651,-0.0002499550080986568,0.0002671484991409941,0.00022005753288151196,0.32999999999999996,0.38183766184073564,2.0,0.65,0.21213203435596428,"{'positive': 2, 'negative': 0, 'neutral': 0}",0.0,0.0,1.0,0.0
USDT,2024-09-11,0.99992,1.0001,0.9997,1.00009,0.9998742857142856,0.99999,0.9999714000000001,0.9999346374414912,0.9999621350803024,-2.7497638811158076e-05,-4.9591622522817346e-05,2.209398371165927e-05,50.0,0.99999,0.00028853532126653646,1.0005670706425331,0.999412929357467,0.00016001120078401598,0.0002662974027599931,0.0002221199415719305,0.32999999999999996,0.38183766184073564,2.0,0.65,0.21213203435596428,"{'positive': 2, 'negative': 0, 'neutral': 0}",0.0,0.0,1.0,0.0
USDT,2024-09-12,1.00009,1.0001,0.99971,0.99992,0.9999142857142858,0.9999464999999998,0.9999732,0.9999323855274157,0.9999590139632429,-2.6628435827236174e-05,-4.499898518370112e-05,1.8370549356464943e-05,48.40182648401771,0.9999464999999998,0.00021871093645221623,1.0003839218729043,0.9995090781270954,-0.00016998470137674637,0.0002537626095434909,0.00022424312781007963,0.32999999999999996,0.38183766184073564,2.0,0.65,0.21213203435596428,"{'positive': 2, 'negative': 0, 'neutral': 0}",0.0,0.0,1.0,0.0
USDT,2024-09-13,0.99992,1.0015,0.99968,1.0004,1.0000457142857144,0.9999490000000002,0.9999864,1.0000043262155056,0.9999916795955953,1.264661991029481e-05,-3.346986416490193e-05,4.611648407519674e-05,60.39215686274512,0.9999490000000002,0.0002237926672934502,1.000396585334587,0.9995014146654133,0.00048003840307209167,0.0002832560826464418,0.0002410462489959931,0.32999999999999996,0.38183766184073564,2.0,0.65,0.21213203435596428,"{'positive': 2, 'negative': 0, 'neutral': 0}",0.0,0.0,1.0,0.0
USDT,2024-09-14,1.0004,1.0006,1.00003,1.00018,1.0000857142857142,0.9999404999999999,0.9999902,1.0000313529515816,1.0000056292551809,2.5723696400747897e-05,-2.1631152051771968e-05,4.7354848452519865e-05,57.03703703703926,0.9999404999999999,0.0002106000200870416,1.0003617000401739,0.9995192999598258,-0.0002199120351857875,0.0002777803889473778,0.00024386865521103428,0.32999999999999996,0.38183766184073564,2.0,0.65,0.21213203435596428,"{'positive': 2, 'negative': 0, 'neutral': 0}",0.0,0.0,1.0,0.0
USDT,2024-09-15,1.00019,1.0004,1.0,1.00001,1.0001014285714285,0.999932,0.999991,1.0000280678821076,1.0000059530140564,2.2114868051259506e-05,-1.2881948031165673e-05,3.4996816082425176e-05,53.333333333334366,0.999932,0.00020374390539844,1.000339487810797,0.9995245121892031,-0.0001699694055070644,0.00028906247913813783,0.00024516479682367543,0.32999999999999996,0.38183766184073564,2.0,0.65,0.21213203435596428,"{'positive': 2, 'negative': 0, 'neutral': 0}",0.0,0.0,1.0,0.0
USDT,2024-09-16,1.0004,1.0008,0.9988,0.99981,1.0000485714285714,0.9999225,0.999989,0.999994518977168,0.9999914379759781,3.081001189841892e-06,-9.68935818696416e-06,1.2770359376806052e-05,49.671052631578576,0.9999225,0.00020483305150059374,1.0003321661030011,0.9995128338969989,-0.00019999800002012957,0.0002723753756058909,0.00024542737390726165,0.32999999999999996,0.38183766184073564,2.0,0.65,0.21213203435596428,"{'positive': 2, 'negative': 0, 'neutral': 0}",0.0,0.0,1.0,0.0
USDT,2024-09-17,0.99981,1.00018,0.99972,1.00009,1.0000714285714287,0.9999224999999999,0.999993,1.000009208365296,0.9999987388666464,1.0469498649690046e-05,-5.657586819633319e-06,1.6127085469323364e-05,55.7632398753881,0.9999224999999999,0.00020483305150059374,1.0003321661030011,0.9995128338969987,0.0002800532101099318,0.0002819418061491835,0.0002501955073053937,0.32999999999999996,0.38183766184073564,2.0,0.65,0.21213203435596428,"{'positive': 2, 'negative': 0, 'neutral': 0}",0.0,0.0,1.0,0.0
USDT,2024-09-18,1.0001,1.00012,0.99981,1.00003,1.0000628571428571,0.9999245,0.9999995999999999,1.0000124070783274,1.000001054506154,1.1352572173439768e-05,-2.2555550210187023e-06,1.360812719445847e-05,52.25806451612974,0.9999245,0.00020572017284007895,1.0003359403456802,0.9995130596543198,-5.999460048589089e-05,0.00027631522468448934,0.0002503611543817477,0.32999999999999996,0.38183766184073564,2.0,0.65,0.21213203435596428,"{'positive': 2, 'negative': 0, 'neutral': 0}",0.0,0.0,1.0,0.0
USDT,2024-09-19,1.00003,1.0003,0.99995,1.00011,1.00009,0.9999365000000001,1.000009,1.0000274213739693,1.0000091245427352,1.82968312341103e-05,1.8549222300070981e-06,1.64419090041032e-05,58.02047781570169,0.9999365000000001,0.00020934170011740146,1.0003551834002349,0.9995178165997654,7.999760007204593e-05,0.00026800090448338934,0.00024781192969602895,0.32999999999999996,0.38183766184073564,2.0,0.65,0.21213203435596428,"{'positive': 2, 'negative': 0, 'neutral': 0}",0.0,0.0,1.0,0.0
USDT,2024-09-20,1.0001,1.00014,0.99988,1.00009,1.0000457142857144,0.999951,1.0000272000000001,1.000037048854897,1.0000151153173473,2.1933537549756466e-05,5.870645293956972e-06,1.6062892255799494e-05,60.931899641575214,0.999951,0.00020943281811293784,1.0003698656362259,0.9995321343637742,-1.9997800242088637e-05,0.0001790558842777014,0.0002476118012728243,0.32999999999999996,0.38183766184073564,2.0,0.65,0.21213203435596428,"{'positive': 2, 'negative': 0, 'neutral': 0}",0.0,0.0,1.0,0.0
USDT,2024-09-21,1.0001,1.0001,0.99999,1.0001,1.0000342857142857,0.9999650000000001,1.0000521999999998,1.0000467336464514,1.000021403071618,2.5330574833448694e-05,9.762631201855317e-06,1.5567943631593378e-05,54.20168067226836,0.9999650000000001,0.00020957350183431407,1.0003841470036687,0.9995458529963315,9.999100081037327e-06,0.0001617123135297993,0.00024758591619354777,0.32999999999999996,0.38183766184073564,2.0,0.65,0.21213203435596428,"{'positive': 2, 'negative': 0, 'neutral': 0}",0.0,0.0,1.0,0.0
USDT,2024-09-22,1.0001,1.00013,0.99989,1.0,1.0000328571428572,0.9999735,1.0000647999999999,1.0000395438546896,1.0000198176589055,1.9726195784164346e-05,1.1755344118317124e-05,7.970851665847222e-06,52.016129032257815,0.9999735,0.00020724445275418523,1.0003879889055083,0.9995590110944916,-9.999000099991662e-05,0.00015215768965106001,0.00020506093103302186,0.32999999999999996,0.38183766184073564,2.0,0.65,0.21213203435596428,"{'positive': 2, 'negative': 0, 'neutral': 0}",0.0,0.0,1.0,0.0
USDT,2024-09-23,1.0,1.00008,0.99972,0.99995,1.000052857142857,0.9999849999999999,1.0000696,1.000025767877045,1.000014645980468,1.112189657703766e-05,1.1628654610061232e-05,-5.067580330235717e-07,44.888888888887415,0.9999849999999999,0.00019864011371394338,1.0003822802274278,0.999587719772572,-4.999999999999449e-05,0.00012820813931774228,0.00018974498567301174,0.32999999999999996,0.38183766184073564,2.0,0.65,0.21213203435596428,"{'positive': 2, 'negative': 0, 'neutral': 0}",0.0,0.0,1.0,0.0
USDT,2024-09-24,0.99996,0.99997,0.99974,0.99995,1.0000328571428572,0.9999880000000001,1.0000648,1.0000141112805765,1.0000098573893221,4.253891254357711e-06,1.0153701938920528e-05,-5.899810684562817e-06,50.50000000000053,0.9999880000000001,0.00019758009711576846,1.0003831601942317,0.9995928398057685,0.0,5.80192989893549e-05,0.00018974498567301174,0.32999999999999996,0.38183766184073564,2.0,0.65,0.21213203435596428,"{'positive': 2, 'negative': 0, 'neutral': 0}",0.0,0.0,1.0,0.0
USDT,2024-09-25,0.99994,0.99998,0.99974,0.99983,1.000004285714286,0.9999974999999999,1.0000538,0.9999857864681801,0.9999965346197427,-1.074815156254516e-05,5.973331238627391e-06,-1.672148280117255e-05,43.36734693877724,0.9999974999999999,0.00018407306912266735,1.0003656461382453,0.9996293538617546,-0.0001200060003000436,6.84164092932387e-05,0.00018853882919465917,0.32999999999999996,0.38183766184073564,2.0,0.65,0.21213203435596428,"{'positive': 2, 'negative': 0, 'neutral': 0}",0.0,0.0,1.0,0.0
USDT,2024-09-26,0.99984,1.00015,0.99966,1.0001,1.0000028571428572,1.0000285,1.0000538,1.0000033577807679,1.0000041987219839,-8.409412159959828e-07,4.610476747702716e-06,-5.451417963698699e-06,54.368932038833805,1.0000285,0.00013902953127158013,1.000306559062543,0.9997504409374568,0.0002700459078042172,0.00012929938577034455,0.00019254471949682118,0.32999999999999996,0.38183766184073564,2.0,0.65,0.21213203435596428,"{'positive': 2, 'negative': 0, 'neutral': 0}",0.0,0.0,1.0,0.0
USDT,2024-09-27,1.0001,1.00045,0.99997,1.00018,1.0000157142857142,1.0000425,1.0000514,1.0000305335068036,1.000017221038874,1.3312467929571525e-05,6.350874984076478e-06,6.961592945495047e-06,43.373493975907884,1.0000425,0.00013950570649436597,1.0003215114129886,0.9997634885870113,7.999200080011093e-05,0.0001323912996594099,0.00019239803014387707,0.32999999999999996,0.38183766184073564,2.0,0.65,0.21213203435596428,"{'positive': 2, 'negative': 0, 'neutral': 0}",0.0,0.0,1.0,0.0
USDT,2024-09-28,1.00018,1.0026,1.00004,1.00011,1.000017142857143,1.0000529999999999,1.0000474000000001,1.0000427591211416,1.000024093554513,1.8665566628550678e-05,8.81381331297132e-06,9.851753315579359e-06,47.68211920529806,1.0000529999999999,0.00013607660395693842,1.0003251532079138,0.999780846792086,-6.99874022676017e-05,0.00013608009132640663,0.0001919215012004312,0.32999999999999996,0.38183766184073564,2.0,0.65,0.21213203435596428,"{'positive': 2, 'negative': 0, 'neutral': 0}",0.0,0.0,1.0,0.0
USDT,2024-09-29,0.9999,1.0022,0.9983,0.9996,0.99996,1.000024,1.0000356000000001,0.9999746423332737,0.9999926792171417,-1.803688386803337e-05,3.4436738767703814e-06,-2.1480557744803753e-05,38.91891891892045,1.000024,0.00016608178086122857,1.0003561635617224,0.9996918364382775,-0.0005099439061703182,0.000237458883937391,0.00021269123482021854,0.32999999999999996,0.38183766184073564,2.0,0.65,0.21213203435596428,"{'positive': 2, 'negative': 0, 'neutral': 0}",0.0,0.0,1.0,0.0
USDT,2024-09-30,1.0,1.0016,0.9985,0.99968,0.9999214285714286,1.0000115,1.0000272,0.9999293127435392,0.9999695177936497,-4.0205050110486695e-05,-5.2860709206810345e-06,-3.491897918980566e-05,46.242774566475546,1.0000115,0.00018215883767912805,1.0003758176753583,0.9996471823246418,8.003201280515349e-05,0.00024312789552945706,0.0002129705824058772,0.32999999999999996,0.38183766184073564,2.0,0.65,0.21213203435596428,"{'positive': 2, 'negative': 0, 'neutral': 0}",0.0,0.0,1.0,0.0
USDT,2024-10-01,0.99968,0.99991,0.99923,0.99974,0.9998914285714287,0.999994,1.0000198,0.9999001877060717,0.9999525164756016,-5.232876952987464e-05,-1.4694610642519758e-05,-3.7634158887354885e-05,38.41059602649313,0.999994,0.00019082645749875758,1.0003756529149976,0.9996123470850026,6.0019206145955906e-05,0.00024575818418262304,0.00021325109218076773,0.32999999999999996,0.38183766184073564,2.0,0.65,0.21213203435596428,"{'positive': 2, 'negative': 0, 'neutral': 0}",0.0,0.0,1.0,0.0
USDT,2024-10-02,0.99974,1.0,0.9995,0.99974,0.9998785714285715,0.999985,1.0000122,0.9998755434435991,0.9999367745144458,-6.123107084676782e-05,-2.4001902683369373e-05,-3.722916816339845e-05,40.00000000000153,0.999985,0.00019858711474998183,1.0003821742295,0.9995878257705001,0.0,0.00024259667365220773,0.0002132384561045564,0.32999999999999996,0.38183766184073564,2.0,0.65,0.21213203435596428,"{'positive': 2, 'negative': 0, 'neutral': 0}",0.0,0.0,1.0,0.0
USDT,2024-10-03,0.99973,0.99992,0.99968,0.99988,0.9998471428571428,0.9999589999999999,1.0000082,0.9998762290676607,0.9999325689948573,-5.6339927196558115e-05,-3.0469507586007123e-05,-2.5870419610550992e-05,42.38410596026398,0.9999589999999999,0.00017389954764504556,1.00030679909529,0.9996112009047098,0.0001400364094665818,0.00022137916283683075,0.00021379655370455073,0.32999999999999996,0.38183766184073564,2.0,0.65,0.21213203435596428,"{'positive': 2, 'negative': 0, 'neutral': 0}",0.0,0.0,1.0,0.0
USDT,2024-10-04,0.99988,1.0,0.99959,0.99999,0.9998199999999999,0.9999495000000002,1.0000042,0.9998937322880206,0.9999368231433864,-4.3090855365801595e-05,-3.299377714196602e-05,-1.0097078223835573e-05,46.87500000000412,0.9999495000000002,0.00016621086808987876,1.00028192173618,0.9996170782638204,0.0001100132015843247,0.00022417017651555366,0.0002124787819328457,0.32999999999999996,0.38183766184073564,2.0,0.65,0.21213203435596428,"{'positive': 2, 'negative': 0, 'neutral': 0}",0.0,0.0,1.0,0.0
USDT,2024-10-05,0.99998,0.99999,0.99983,0.99985,0.9997828571428572,0.9999414999999999,0.9999956,0.9998870042437097,0.9999303917994319,-4.3387555722196325e-05,-3.507253285801208e-05,-8.315022864184244e-06,42.774566473989736,0.9999414999999999,0.0001669943271575519,1.000275488654315,0.9996075113456848,-0.00014000140001402261,0.00022793204945497985,0.00020887337453330844,0.32999999999999996,0.38183766184073564,2.0,0.65,0.21213203435596428,"{'positive': 2, 'negative': 0, 'neutral': 0}",0.0,0.0,1.0,0.0
USDT,2024-10-06,0.99985,0.99998,0.9997,0.99983,0.9998157142857143,0.9999424999999998,0.9999904,0.9998782343600621,0.9999229553698443,-4.4721009782255905e-05,-3.7002228242860846e-05,-7.71878153939506e-06,44.84848484848522,0.9999424999999998,0.00016622353382579716,1.0002749470676515,0.9996100529323483,-2.0003000450130592e-05,9.500663111081106e-05,0.0002065626036679365,0.32999999999999996,0.38183766184073564,2.0,0.65,0.21213203435596428,"{'positive': 2, 'negative': 0, 'neutral': 0}",0.0,0.0,1.0,0.0
USDT,2024-10-07,0.99984,0.99988,0.99959,0.9997,0.9998185714285714,0.9999229999999999,0.9999804,0.9998508136892833,0.9999064401572633,-5.56264679799634e-05,-4.072707619028136e-05,-1.4899391789682044e-05,42.774566473989736,0.9999229999999999,0.00017082154442495505,1.0002646430888498,0.99958135691115,-0.0001300221037575655,0.00010966941248166377,0.0001930223594712617,0.32999999999999996,0.38183766184073564,2.0,0.65,0.21213203435596428,"{'positive': 2, 'negative': 0, 'neutral': 0}",0.0,0.0,1.0,0.0
USDT,2024-10-08,0.9997,0.99981,0.99923,0.99928,0.9997528571428572,0.9998854999999999,0.9999616,0.9997629961986243,0.9998600371826512,-9.704098402685268e-05,-5.1989857757595623e-05,-4.505112626925706e-05,34.41860465116291,0.9998854999999999,0.00022103762489414169,1.0003275752497882,0.9994434247502116,-0.0004201260378113858,0.0001892454960417092,0.0002072401582972811,0.32999999999999996,0.38183766184073564,2.0,0.65,0.21213203435596428,"{'positive': 2, 'negative': 0, 'neutral': 0}",0.0,0.0,1.0,0.0
USDT,2024-10-09,0.99927,0.9997,0.99899,0.99912,0.9996642857142858,0.999836,0.9999438,0.9996640737065282,0.9998052196135658,-0.00014114590703762087,-6.982106761360068e-05,-7.132483942402019e-05,33.78995433790081,0.999836,0.00027288709837799355,1.000381774196756,0.999290225803244,-0.00016011528300374778,0.00018965284246580852,0.00020069603948378884,0.32999999999999996,0.38183766184073564,2.0,0.65,0.21213203435596428,"{'positive': 2, 'negative': 0, 'neutral': 0}",0.0,0.0,1.0,0.0
USDT,2024-10-10,0.99915,0.99918,0.99857,0.99892,0.9995271428571428,0.9997775000000001,0.9999208,0.9995496008286008,0.9997396477903387,-0.0001900469617379663,-9.38662464384738e-05,-9.61807152994925e-05,22.16981132075729,0.9997775000000001,0.0003341111539566728,1.0004457223079135,0.9991092776920868,-0.00020017615501644048,0.00016301693307318912,0.00019905946382131235,0.32999999999999996,0.38183766184073564,2.0,0.65,0.21213203435596428,"{'positive': 2, 'negative': 0, 'neutral': 0}",0.0,0.0,1.0,0.0
USDT,2024-10-11,0.99892,0.99996,0.99891,0.99986,0.9995085714285714,0.9997655,0.9999170000000001,0.9995973545472776,0.9997485627688322,-0.00015120822155456626,-0.00010533464146169231,-4.587358009287395e-05,44.630872483219804,0.9997655,0.00032613324696703394,1.000417766493934,0.999113233506066,0.0009410162976013492,0.00044012084351713554,0.00026530908176933217,0.32999999999999996,0.38183766184073564,2.0,0.65,0.21213203435596428,"{'positive': 2, 'negative': 0, 'neutral': 0}",0.0,0.0,1.0,0.0
USDT,2024-10-12,0.99987,0.99987,0.9995,0.9997,0.999487142857143,0.9997505,0.9998952,0.9996131461553888,0.9997449655266964,-0.00013181937130768429,-0.0001106315874308907,-2.118778387679358e-05,43.32247557003202,0.9997505,0.00032164830423838964,1.0003937966084768,0.9991072033915233,-0.00016002240313639504,0.0004411060515931591,0.0002651050215153743,0.32999999999999996,0.38183766184073564,2.0,0.65,0.21213203435596428,"{'positive': 2, 'negative': 0, 'neutral': 0}",0.0,0.0,1.0,0.0
USDT,2024-10-13,0.99969,1.0016,0.999,0.99959,0.9994528571428571,0.9997325,0.99988,0.9996095852084059,0.999733486598793,-0.00012390139038709336,-0.00011328554802213124,-1.0615842364962118e-05,49.81273408239577,0.9997325,0.00031996504749661376,1.0003724300949932,0.9990925699050068,-0.00011003300990297671,0.0004423709366402164,0.0002491079144107248,0.32999999999999996,0.38183766184073564,2.0,0.65,0.21213203435596428,"{'positive': 2, 'negative': 0, 'neutral': 0}",0.0,0.0,1.0,0.0
USDT,2024-10-14,0.9993,1.0002,0.9979,0.99984,0.9994728571428572,0.999727,0.9998697999999999,0.9996450336378819,0.9997413764803639,-9.634284248194458e-05,-0.00010989700691409391,1.3554164432149333e-05,52.81690140844967,0.999727,0.0003169608975361177,1.0003609217950722,0.9990930782049278,0.0002501025420422742,0.0004518784448573675,0.00025132520569764045,0.32999999999999996,0.38183766184073564,2.0,0.65,0.21213203435596428,"{'positive': 2, 'negative': 0, 'neutral': 0}",0.0,0.0,1.0,0.0
USDT,2024-10-15,0.99985,1.00001,0.9991,0.99975,0.9995399999999999,0.999723,0.9998612,0.999661182308977,0.9997420152595962,-8.083295061911411e-05,-0.00010408419565509796,2.3251245035983852e-05,50.1742160278757,0.999723,0.0003160962545584271,1.000355192509117,0.9990908074908832,-9.00144023042726e-05,0.0004139098972624582,0.000250005083825836,0.32999999999999996,0.38183766184073564,2.0,0.65,0.21213203435596428,"{'positive': 2, 'negative': 0, 'neutral': 0}",0.0,0.0,1.0,0.0
USDT,2024-10-16,0.99974,0.99995,0.99956,0.9998,0.9996371428571429,0.999708,0.9998572,0.9996825388768268,0.999746310425552,-6.377154872516666e-05,-9.602166626911171e-05,3.225011754394505e-05,51.02739726027503,0.999708,0.0003041571616583038,1.0003163143233167,0.9990996856766834,5.001250312575145e-05,0.0004021240382311019,0.00024756128975401954,0.32999999999999996,0.38183766184073564,2.0,0.65,0.21213203435596428,"{'positive': 2, 'negative': 0, 'neutral': 0}",0.0,0.0,1.0,0.0
USDT,2024-10-17,0.99979,0.99986,0.99941,0.99964,0.9997400000000001,0.999681,0.9998482,0.999675994434238,0.9997384355792147,-6.244114497666597e-05,-8.930556201062257e-05,2.6864417033956595e-05,45.91836734693839,0.999681,0.0002833056746765518,1.0002476113493532,0.999114388650647,-0.00016003200640135606,0.00039743393400066125,0.00024337911402402132,0.32999999999999996,0.38183766184073564,2.0,0.65,0.21213203435596428,"{'positive': 2, 'negative': 0, 'neutral': 0}",0.0,0.0,1.0,0.0
USDT,2024-10-18,0.99965,1.0,0.99946,0.99987,0.9997414285714286,0.9996690000000001,0.9998457999999999,0.9997058414443553,0.9997481810918655,-4.233964751021446e-05,-7.991237911054095e-05,3.757273160032649e-05,48.03921568627433,0.9996690000000001,0.00026889442271483367,1.0002067888454298,0.9991312111545705,0.00023008282981873407,0.00017767167640664192,0.0002472601000125633,0.32999999999999996,0.38183766184073564,2.0,0.65,0.21213203435596428,"{'positive': 2, 'negative': 0, 'neutral': 0}",0.0,0.0,1.0,0.0
USDT,2024-10-19,0.99988,0.99994,0.99947,0.99977,0.9997514285714286,0.9996775,0.9998438000000001,0.9997157119913775,0.9997497973072829,-3.4085315905318936e-05,-7.074696646949654e-05,3.666165056417761e-05,48.6754966887422,0.9996775,0.0002692851160480343,1.0002160702320961,0.999138929767904,-0.00010001300169015792,0.00016985838678740974,0.0002473028608033265,0.32999999999999996,0.38183766184073564,2.0,0.65,0.21213203435596428,"{'positive': 2, 'negative': 0, 'neutral': 0}",0.0,0.0,1.0,0.0
USDT,2024-10-20,0.9997,1.0015,0.9986,0.99967,0.9997628571428571,0.9996769999999999,0.9998411999999999,0.9997086793773194,0.9997438863956323,-3.5207018312832794e-05,-6.36389768381638e-05,2.8431958525331006e-05,47.419354838708884,0.9996769999999999,0.00026928951362067185,1.0002155790272413,0.9991384209727586,-0.00010002300529132757,0.00016871759031260842,0.0002478308928685882,0.32999999999999996,0.38183766184073564,2.0,0.65,0.21213203435596428,"{'positive': 2, 'negative': 0, 'neutral': 0}",0.0,0.0,1.0,0.0
USDT,2024-10-21,0.99967,0.99969,0.99898,0.99958,0.9997257142857142,0.9996689999999999,0.9998364,0.9996888825500395,0.9997317466626224,-4.286411258291878e-05,-5.94840039871148e-05,1.661989140419602e-05,48.03921568627433,0.9996689999999999,0.00026969573506919196,1.0002083914701383,0.9991296085298615,-9.002970980420688e-05,0.0001339193508182089,0.0002481699256409551,0.32999999999999996,0.38183766184073564,2.0,0.65,0.21213203435596428,"{'positive': 2, 'negative': 0, 'neutral': 0}",0.0,0.0,1.0,0.0
USDT,2024-10-22,0.99959,0.99959,0.99911,0.99928,0.9996585714285714,0.999646,0.9998254,0.9996259775423411,0.9996982839468727,-7.230640453159687e-05,-6.204848409601122e-05,-1.0257920435585653e-05,50.0,0.999646,0.00028262677646989545,1.0002112535529397,0.9990807464470602,-0.00030012605294227335,0.00016716429404378002,0.00025311005914604095,0.32999999999999996,0.38183766184073564,2.0,0.65,0.21213203435596428,"{'positive': 2, 'negative': 0, 'neutral': 0}",0.0,0.0,1.0,0.0
USDT,2024-10-23,0.99929,0.9994,0.99851,0.99894,0.9995357142857143,0.9995989999999999,0.9998098,0.9995204425358271,0.9996421147656228,-0.0001216722297957551,-7.397323323596e-05,-4.76989965597951e-05,47.115384615385196,0.9995989999999999,0.00031765423114988423,1.0002343084622998,0.9989636915377001,-0.000340244976382853,0.00018563009954829292,0.0002596028991656708,0.32999999999999996,0.38183766184073564,2.0,0.65,0.21213203435596428,"{'positive': 2, 'negative': 0, 'neutral': 0}",0.0,0.0,1.0,0.0
USDT,2024-10-24,0.99893,0.99971,0.99874,0.99939,0.9994999999999999,0.9995689999999999,0.9997998,0.9995003744533921,0.9996234395977989,-0.0001230651444067421,-8.379161547011643e-05,-3.9273528936625675e-05,56.973293768545815,0.9995689999999999,0.0003069356182091585,1.0001828712364182,0.9989551287635816,0.00045047750615645477,0.00028310869194224023,0.0002742325397471061,0.32999999999999996,0.38183766184073564,2.0,0.65,0.21213203435596428,"{'positive': 2, 'negative': 0, 'neutral': 0}",0.0,0.0,1.0,0.0
USDT,2024-10-25,0.9994,0.99953,0.99691,0.9982,0.9992614285714286,0.9994865,0.999771,0.999300316845178,0.9995179996275916,-0.0002176827824136307,-0.00011056984885881929,-0.00010711293355481142,27.071823204419687,0.9994865,0.0004260624491408155,1.0003386248982817,0.9986343751017184,-0.0011907263430692705,0.0004926074461612611,0.00034771200807928233,0.32999999999999996,0.38183766184073564,2.0,0.65,0.21213203435596428,"{'positive': 2, 'negative': 0, 'neutral': 0}",0.0,0.0,1.0,0.0
USDT,2024-10-26,0.9982,0.99888,0.99794,0.99869,0.9991071428571429,0.9994295000000001,0.9997552000000001,0.9992064219459198,0.999456666321844,-0.00025024437592424675,-0.0001385047542719048,-0.00011173962165234196,37.21518987341692,0.9994295000000001,0.00045308852398631406,1.0003356770479728,0.9985233229520275,0.0004908835904628983,0.0005655549903210576,0.0003570287699700851,0.32999999999999996,0.38183766184073564,2.0,0.65,0.21213203435596428,"{'positive': 2, 'negative': 0, 'neutral': 0}",0.0,0.0,1.0,0.0
USDT,2024-10-27,0.99869,0.9989,0.99844,0.99862,0.9989571428571429,0.9993755,0.9997296,0.999116203185009,0.9993946910387445,-0.00027848785373540963,-0.00016650137416460576,-0.00011198647957080387,37.595907928388314,0.9993755,0.0004825532422654882,1.000340606484531,0.998410393515469,-7.009182028461236e-05,0.000566146192235827,0.00035623909276495344,0.32999999999999996,0.38183766184073564,2.0,0.65,0.21213203435596428,"{'positive': 2, 'negative': 0, 'neutral': 0}",0.0,0.0,1.0,0.0
USDT,2024-10-28,0.999,1.001,0.9981,0.9993,0.9989171428571428,0.9993765000000001,0.9997176,0.9991444796180846,0.9993876768877263,-0.00024319726964172617,-0.00018184055326002987,-6.13567163816963e-05,43.778801843318156,0.9993765000000001,0.00048236560717919365,1.0003412312143585,0.9984117687856418,0.0006809396967815129,0.0006487229357344142,0.00038048588952743875,0.32999999999999996,0.38183766184073564,2.0,0.65,0.21213203435596428,"{'positive': 2, 'negative': 0, 'neutral': 0}",0.0,0.0,1.0,0.0
USDT,2024-10-29,0.9993,0.99997,0.99892,0.99969,0.9989757142857142,0.999405,0.9997078,0.999228405830687,0.9994100711923392,-0.0001816653616522057,-0.00018180551493846505,1.401532862593455e-07,49.35344827586144,0.999405,0.0004832510517207846,1.0003715021034416,0.9984384978965584,0.00039027319123396964,0.0006550071058390019,0.00037655757567551493,0.32999999999999996,0.38183766184073564,2.0,0.65,0.21213203435596428,"{'positive': 2, 'negative': 0, 'neutral': 0}",0.0,0.0,1.0,0.0
USDT,2024-10-30,0.99969,0.99987,0.99947,0.99968,0.9990814285714286,0.999443,0.9997028,0.9992978818567351,0.9994300659188325,-0.00013218406209747346,-0.00017188122437026675,3.969716227279329e-05,48.69565217391296,0.999443,0.0004728758600194196,1.0003887517200387,0.9984972482799611,-1.0003100961220035e-05,0.0006329996420911324,0.00037628172221036563,0.32999999999999996,0.38183766184073564,2.0,0.65,0.21213203435596428,"{'positive': 2, 'negative': 0, 'neutral': 0}",0.0,0.0,1.0,0.0
USDT,2024-10-31,0.99968,0.99988,0.99812,0.99869,0.9989814285714286,0.9993845,0.9996748,0.9992043615710835,0.9993752462211413,-0.00017088465005776765,-0.00017168190950776695,7.972594499992987e-07,41.25230202578271,0.9993845,0.000490611594730554,1.0003657231894612,0.9984032768105389,-0.0009903169014084945,0.0007292370419128381,0.00041715562281719766,0.32999999999999996,0.38183766184073564,2.0,0.65,0.21213203435596428,"{'positive': 2, 'negative': 0, 'neutral': 0}",0.0,0.0,1.0,0.0
USDT,2024-11-01,0.99869,1.0001,0.99845,0.99931,0.9991399999999999,0.9993649999999998,0.9996626,0.9992206136370707,0.9993704131677233,-0.00014979953065263896,-0.00016730543373674135,1.750590308410239e-05,45.18900343642611,0.9993649999999998,0.0004851315611470421,1.000335263122294,0.9983947368777057,0.0006208132653777731,0.0005847080410863656,0.00043400673758483947,0.32999999999999996,0.38183766184073564,2.0,0.65,0.21213203435596428,"{'positive': 2, 'negative': 0, 'neutral': 0}",0.0,0.0,1.0,0.0
USDT,2024-11-02,0.99931,1.007,0.99931,0.99972,0.9992871428571428,0.9993715000000002,0.999649,0.9992974423082907,0.9993963084886327,-9.886618034204986e-05,-0.00015361758305780306,5.4751402715753206e-05,49.592169657422566,0.9993715000000002,0.0004891590528543526,1.0003498181057089,0.9983931818942915,0.0004102830953358616,0.0005778347242349653,0.0004400816015263654,0.32999999999999996,0.38183766184073564,2.0,0.65,0.21213203435596428,"{'positive': 2, 'negative': 0, 'neutral': 0}",0.0,0.0,1.0,0.0
USDT,2024-11-03,0.99972,0.99976,0.99946,0.9996,0.9994271428571428,0.9993595,0.9996374,0.9993439896454768,0.999411396748734,-6.740710325725541e-05,-0.00013637548709769353,6.896838384043812e-05,49.43089430894387,0.9993595,0.0004799174819859422,1.0003193349639719,0.9983996650360281,-0.00012003360941059693,0.0005812659937821447,0.00044000832799803957,0.32999999999999996,0.38183766184073564,2.0,0.65,0.21213203435596428,"{'positive': 2, 'negative': 0, 'neutral': 0}",0.0,0.0,1.0,0.0
USDT,2024-11-04,0.9996,0.99964,0.9989,0.99922,0.9994157142857143,0.999333,0.9996216000000001,0.9993249143154034,0.9993972192117908,-7.230489638743176e-05,-0.0001235613689556412,5.125647256820943e-05,47.204968944099214,0.999333,0.00047178384885680254,1.0002765676977137,0.9983894323022864,-0.00038015206082442354,0.0005545134699375784,0.0004445611982965205,0.32999999999999996,0.38183766184073564,2.0,0.65,0.21213203435596428,"{'positive': 2, 'negative': 0, 'neutral': 0}",0.0,0.0,1.0,0.0
USDT,2024-11-05,0.99922,0.99999,0.99919,0.99988,0.9994428571428572,0.999337,0.999623,0.9994103121130337,0.9994329807516582,-2.26686386245456e-05,-0.00010338282288942208,8.071418426487648e-05,54.41176470588266,0.999337,0.00047626949474123315,1.0002895389894826,0.9983844610105176,0.0006605152018575033,0.0005950568030390467,0.00046164298887454053,0.32999999999999996,0.38183766184073564,2.0,0.65,0.21213203435596428,"{'positive': 2, 'negative': 0, 'neutral': 0}",0.0,0.0,1.0,0.0
USDT,2024-11-06,0.99987,1.00158,0.99985,1.0006,0.9995742857142857,0.999385,0.9996332,0.9995933410187208,0.9995194266219057,7.391439681503353e-05,-6.792337894853097e-05,0.00014183777576356452,61.559888579386254,0.999385,0.0005509370009259735,1.000486874001852,0.9982831259981481,0.0007200864103691362,0.0006489695179539832,0.00047903758323345044,0.32999999999999996,0.38183766184073564,2.0,0.65,0.21213203435596428,"{'positive': 2, 'negative': 0, 'neutral': 0}",0.0,0.0,1.0,0.0
USDT,2024-11-07,1.0006,1.00156,1.00022,1.00049,0.9998314285714286,0.9994159999999999,0.9996424,0.9997312885543023,0.9995913209462091,0.00013996760809320552,-2.6345181540183672e-05,0.0001663127896333892,58.04093567251541,0.9994159999999999,0.0005953185790550702,1.00060663715811,0.9982253628418897,-0.00010993403957604286,0.0004501640574990855,0.0004722845306115626,0.32999999999999996,0.38183766184073564,2.0,0.65,0.21213203435596428,"{'positive': 2, 'negative': 0, 'neutral': 0}",0.0,0.0,1.0,0.0
USDT,2024-11-08,1.00049,1.0014,0.99999,1.00065,1.000022857142857,0.99946,0.9996531999999999,0.9998726287767173,0.9996697416168603,0.00020288715985705696,1.9501286739264455e-05,0.00018338587311779252,71.0843373493986,0.99946,0.0006526222410517162,1.0007652444821034,0.9981547555178966,0.00015992163839717577,0.0004209005884617356,0.0004712113058233947,0.32999999999999996,0.38183766184073564,2.0,0.65,0.21213203435596428,"{'positive': 2, 'negative': 0, 'neutral': 0}",0.0,0.0,1.0,0.0
USDT,2024-11-09,1.00065,1.00065,1.00024,1.00029,1.0001042857142857,0.9994909999999999,0.9996571999999999,0.9999368397341454,0.9997156866822781,0.0002211530518673177,5.9831639764875113e-05,0.00016132141210244258,64.08450704225291,0.9994909999999999,0.0006773780721821027,1.0008457561443642,0.9981362438556357,-0.00035976615200128403,0.0004535604310269902,0.00047503138554993903,0.32999999999999996,0.38183766184073564,2.0,0.65,0.21213203435596428,"{'positive': 2, 'negative': 0, 'neutral': 0}",0.0,0.0,1.0,0.0
USDT,2024-11-10,1.0003,1.00114,1.00021,1.00056,1.0002414285714285,0.99954,0.9996664,1.0000327105442768,0.9997782284095167,0.0002544821347600923,9.876173876391855e-05,0.00015572039599617374,66.4965986394553,0.99954,0.0007183607069603249,1.0009767214139207,0.9981032785860793,0.00026992172270046133,0.00044859975399449406,0.0004463564694348514,0.32999999999999996,0.38183766184073564,2.0,0.65,0.21213203435596428,"{'positive': 2, 'negative': 0, 'neutral': 0}",0.0,0.0,1.0,0.0
USDT,2024-11-11,1.00056,1.00237,1.00052,1.00114,1.0005157142857144,0.9996329999999999,0.9996892,1.0002030627682341,0.9998791003791822,0.0003239623890519683,0.0001438018688215285,0.0001801605202304398,65.91695501730061,0.9996329999999999,0.0007988221592734556,1.0012306443185468,0.998035355681453,0.00057967538178616,0.00040904748627607155,0.00045619535732496216,0.32999999999999996,0.38183766184073564,2.0,0.65,0.21213203435596428,"{'positive': 2, 'negative': 0, 'neutral': 0}",0.0,0.0,1.0,0.0
USDT,2024-11-12,1.00113,1.002,1.00018,1.00065,1.0006257142857142,0.9997185,0.9997032,1.000271822342352,0.9999362040547983,0.00033561828755357404,0.00018216515256793761,0.00015345313498563642,58.163265306123215,0.9997185,0.0008121464413183264,1.0013427928826366,0.9980942071173633,-0.0004894420360787022,0.00045629841534549097,0.0004658860665380064,0.32999999999999996,0.38183766184073564,2.0,0.65,0.21213203435596428,"{'positive': 2, 'negative': 0, 'neutral': 0}",0.0,0.0,1.0,0.0
USDT,2024-11-13,1.00065,1.00252,1.00064,1.0011,1.000697142857143,0.9998039999999999,0.9997261999999999,1.0003992342896824,1.0000224111618503,0.00037682312783204885,0.00022109674762075987,0.00015572638021128899,61.23417721519058,0.9998039999999999,0.0008640930749321788,1.0015321861498643,0.9980758138501356,0.0004497076900016328,0.00040456511411000656,0.0004704604039440972,0.32999999999999996,0.38183766184073564,2.0,0.65,0.21213203435596428,"{'positive': 2, 'negative': 0, 'neutral': 0}",0.0,0.0,1.0,0.0
USDT,2024-11-14,1.0011,1.00129,0.99976,1.00012,1.0006442857142857,0.9998999999999999,0.9997320000000001,1.0003562751681927,1.0000296399646762,0.000326635203516501,0.0002422044387999081,8.44307647165929e-05,61.33122028526068,0.9998999999999999,0.0007789736837917971,1.0014579473675835,0.9983420526324163,-0.0009789231844972157,0.0005692871950688918,0.0005057371264969362,0.32999999999999996,0.38183766184073564,2.0,0.65,0.21213203435596428,"{'positive': 2, 'negative': 0, 'neutral': 0}",0.0,0.0,1.0,0.0
USDT,2024-11-15,1.00012,1.00051,0.99973,1.0003,1.0005942857142858,0.9999804999999998,0.999736,1.0003476174500092,1.0000496666339593,0.0002979508160498856,0.00025335371424990363,4.459710179998197e-05,58.432708688244546,0.9999804999999998,0.0007289319873247144,1.0014383639746494,0.9985226360253504,0.0001799784025917628,0.0005705846857036265,0.0005066257864099267,0.32999999999999996,0.38183766184073564,2.0,0.65,0.21213203435596428,"{'positive': 2, 'negative': 0, 'neutral': 0}",0.0,0.0,1.0,0.0
USDT,2024-11-16,1.0003,1.01047,1.00008,1.00035,1.0006028571428571,1.000067,0.9997394,1.0003479839961615,1.0000719135499623,0.00027607044619926135,0.0002578970606397752,1.8173385559486156e-05,55.71687840290374,1.000067,0.000658204095716947,1.001383408191434,0.9987505918085662,4.9985004498820373e-05,0.0005542747879156288,0.0005055480659200349,0.32999999999999996,0.38183766184073564,2.0,0.65,0.21213203435596428,"{'positive': 2, 'negative': 0, 'neutral': 0}",0.0,0.0,1.0,0.0
USDT,2024-11-17,1.00035,1.00045,0.99976,1.00004,1.0005285714285714,1.0001039999999999,0.999738,1.000300601842906,1.0000695495832983,0.00023105225960762255,0.0002525281004333447,-2.1475840825722166e-05,53.859649122806815,1.0001039999999999,0.0006331408756829229,1.0013702817513657,0.998837718248634,-0.0003098915379617928,0.0005520509206792218,0.0005075585508045806,0.32999999999999996,0.38183766184073564,2.0,0.65,0.21213203435596428,"{'positive': 2, 'negative': 0, 'neutral': 0}",0.0,0.0,1.0,0.0
USDT,2024-11-18,1.00004,1.00113,0.99976,1.0009,1.0004942857142858,1.0001645,0.999764,1.0003928169439973,1.0001310644289798,0.0002617525150174771,0.0002543729833501712,7.379531667305896e-06,63.5922330097078,1.0001645,0.0006491084979759011,1.0014627169959518,0.9988662830040481,0.0008599656013759116,0.0006140590664029807,0.000530405018038037,0.32999999999999996,0.38183766184073564,2.0,0.65,0.21213203435596428,"{'positive': 2, 'negative': 0, 'neutral': 0}",0.0,0.0,1.0,0.0
USDT,2024-11-19,1.0009,1.0015,1.00038,1.00127,1.0005828571428572,1.000244,0.9997958,1.0005277681833824,1.000215430026833,0.00031233815654929664,0.0002659660179899963,4.6372138559300355e-05,61.79966044142654,1.000244,0.000683122860212032,1.001610245720424,0.9988777542795758,0.0003696672994306649,0.0005933864473265692,0.0005331219301652611,0.32999999999999996,0.38183766184073564,2.0,0.65,0.21213203435596428,"{'positive': 2, 'negative': 0, 'neutral': 0}",0.0,0.0,1.0,0.0
USDT,2024-11-20,1.00126,1.00164,1.00049,1.00069,1.0005242857142858,1.000344,0.9998147999999999,1.0005527269244006,1.0002505833581787,0.00030214356622182414,0.0002732015276363619,2.8942038585462254e-05,50.78260869565339,1.000344,0.000582665382022201,1.0015093307640444,0.9991786692359556,-0.0005792643342954484,0.0006160518281609435,0.0005450121985177588,0.32999999999999996,0.38183766184073564,2.0,0.65,0.21213203435596428,"{'positive': 2, 'negative': 0, 'neutral': 0}",0.0,0.0,1.0,0.0
USDT,2024-11-21,1.00069,1.00117,0.99936,1.00094,1.0006414285714287,1.0004255,0.9998388,1.0006123073975697,1.0003016512575729,0.0003106561399968122,0.00028069245010845195,2.9963689888360236e-05,53.82003395585577,1.0004255,0.0005430757919736823,1.0015116515839473,0.9993393484160527,0.0002498276189428772,0.00046707588478509676,0.0005425202168176878,0.32999999999999996,0.38183766184073564,2.0,0.65,0.21213203435596428,"{'positive': 2, 'negative': 0, 'neutral': 0}",0.0,0.0,1.0,0.0
USDT,2024-11-22,1.00094,1.0072,0.99906,1.00103,1.0007457142857143,1.0004909999999998,0.9998618,1.0006765677979437,1.0003556030162712,0.00032096478167242815,0.0002887469164212472,3.2217865251180945e-05,53.26460481099663,1.0004909999999998,0.0005324017082856867,1.0015558034165712,0.9994261965834285,8.991547944936507e-05,0.00046629755403885143,0.0005373608777328404,0.32999999999999996,0.38183766184073564,2.0,0.65,0.21213203435596428,"{'positive': 2, 'negative': 0, 'neutral': 0}",0.0,0.0,1.0,0.0
USDT,2024-11-23,1.00104,1.00262,1.00087,1.00108,1.00085,1.0005650000000001,0.9998836,1.0007386342905678,1.000409262052103,0.0003293722384647424,0.00029687198082994627,3.2500257634796123e-05,57.168784029038285,1.0005650000000001,0.0005041459688747375,1.0015732919377496,0.9995567080622507,4.9948552990342066e-05,0.0004662982620913611,0.000532530839573801,0.32999999999999996,0.38183766184073564,2.0,0.65,0.21213203435596428,"{'positive': 2, 'negative': 0, 'neutral': 0}",0.0,0.0,1.0,0.0
USDT,2024-11-24,1.00108,1.00137,0.99848,1.001,1.0009871428571429,1.000654,0.9999065999999999,1.0007788443997112,1.000453020418614,0.00032582398109726185,0.00030266238088340943,2.316160021385242e-05,54.13533834586429,1.000654,0.0004007151502209299,1.0014554303004417,0.999852569699558,-7.991369321136421e-05,0.0004395877368237897,0.00047872244842030474,0.32999999999999996,0.38183766184073564,2.0,0.65,0.21213203435596428,"{'positive': 2, 'negative': 0, 'neutral': 0}",0.0,0.0,1.0,0.0
USDT,2024-11-25,1.001,1.00138,0.99958,0.99975,1.0008228571428572,1.0006475,0.9999049999999999,1.0006205606459095,1.0004009448320499,0.00021961581385965268,0.0002860530674786581,-6.643725361900544e-05,38.39732888147055,1.0006475,0.00041473993123880283,1.0014769798624774,0.9998180201375223,-0.0012487512487511232,0.0005660537869379957,0.0005313897918836014,0.32999999999999996,0.38183766184073564,2.0,0.65,0.21213203435596428,"{'positive': 2, 'negative': 0, 'neutral': 0}",0.0,0.0,1.0,0.0
USDT,2024-11-26,0.99976,1.00077,0.99927,0.99962,1.000587142857143,1.0005985000000002,0.9999033999999999,1.0004666282388466,1.0003430970667129,0.00012353117213370624,0.00025354868840966774,-0.0001300175162759615,40.8525754884547,1.0005985000000002,0.0004742670245379992,1.0015470340490762,0.9996499659509241,-0.0001300325081271536,0.0005168980399400408,0.0005319129303540989,0.32999999999999996,0.38183766184073564,2.0,0.65,0.21213203435596428,"{'positive': 2, 'negative': 0, 'neutral': 0}",0.0,0.0,1.0,0.0
USDT,2024-11-27,0.99963,1.00155,0.99947,1.001,1.0006314285714286,1.000624,0.9999378,1.0005486854328702,1.0003917565432527,0.0001569288896174914,0.00023422472865123248,-7.729583903374107e-05,49.237804878047214,1.000624,0.00048177741097102,1.001587554821942,0.999660445178058,0.0013805245993476767,0.0007689443596543563,0.0005748760796547513,0.32999999999999996,0.38183766184073564,2.0,0.65,0.21213203435596428,"{'positive': 2, 'negative': 0, 'neutral': 0}",0.0,0.0,1.0,0.0
USDT,2024-11-28,1.001,1.00109,0.99996,1.00005,1.0005042857142856,1.000594,0.9999564,1.0004719645970441,1.0003664412437525,0.00010552335329161444,0.00020848445357930887,-0.00010296110028769443,49.46401225115012,1.000594,0.0004984650122715471,1.0015909300245431,0.9995970699754569,-0.0009490509490507337,0.0008453118844776763,0.0005995625932344498,0.32999999999999996,0.38183766184073564,2.0,0.65,0.21213203435596428,"{'positive': 2, 'negative': 0, 'neutral': 0}",0.0,0.0,1.0,0.0
USDT,2024-11-29,1.00004,1.00128,1.0,1.00073,1.0004614285714284,1.0006160000000002,0.9999926000000001,1.000511662351345,1.000393371521993,0.00011829082935199686,0.00019044572873384648,-7.215489938184962e-05,53.05832147937377,1.0006160000000002,0.0004940317484320208,1.0016040634968641,0.9996279365031361,0.0006799660016996167,0.0008982799569613824,0.0006117912545184151,0.32999999999999996,0.38183766184073564,2.0,0.65,0.21213203435596428,"{'positive': 2, 'negative': 0, 'neutral': 0}",0.0,0.0,1.0,0.0
USDT,2024-11-30,1.00073,1.00073,1.00028,1.0004,1.0003642857142856,1.0006080000000002,1.0000034,1.0004944835280611,1.0003938625203639,0.00010062100769725468,0.00017248078452652813,-7.185977682927345e-05,50.34199726402111,1.0006080000000002,0.00049627666311601,1.0016005533262322,0.9996154466737681,-0.00032975927572864716,0.0009032198214767814,0.0005849069281500104,0.32999999999999996,0.38183766184073564,2.0,0.65,0.21213203435596428,"{'positive': 2, 'negative': 0, 'neutral': 0}",0.0,0.0,1.0,0.0
USDT,2024-12-01,1.0004,1.00079,1.00015,1.00051,1.0002942857142858,1.0005765,1.0000196,1.00049687067759,1.0004024652966332,9.440538095684126e-05,0.00015686570381259076,-6.246032285574951e-05,53.30520393811536,1.0005765,0.00048047427231191666,1.0015374485446238,0.9996155514553762,0.00010995601759300477,0.0009066529548841406,0.0005752895591232276,0.32999999999999996,0.38183766184073564,2.0,0.65,0.21213203435596428,"{'positive': 2, 'negative': 0, 'neutral': 0}",0.0,0.0,1.0,0.0
USDT,2024-12-02,1.00051,1.0008,0.99996,1.00036,1.0003814285714285,1.000562,1.000035,1.0004758136502685,1.0003993197191048,7.64939311637125e-05,0.00014079134928281513,-6.429741811910263e-05,45.78124999999994,1.000562,0.0004825109761893369,1.0015270219523786,0.9995969780476213,-0.00014992353899523359,0.0007500740248536433,0.0005719437132008837,0.32999999999999996,0.38183766184073564,2.0,0.65,0.21213203435596428,"{'positive': 2, 'negative': 0, 'neutral': 0}",0.0,0.0,1.0,0.0
USDT,2024-12-03,1.00035,1.00083,0.99916,1.00065,1.0005285714285714,1.0005395,1.0000512000000001,1.0005026115502271,1.0004178886288007,8.47229214264722e-05,0.00012957766371154655,-4.485474228507435e-05,45.09493670885998,1.0005395,0.0004663235267675623,1.001472147053535,0.9996068529464648,0.0002898956375705364,0.0007465718118974566,0.0005733410643911117,0.32999999999999996,0.38183766184073564,2.0,0.65,0.21213203435596428,"{'positive': 2, 'negative': 0, 'neutral': 0}",0.0,0.0,1.0,0.0
USDT,2024-12-04,1.00065,1.00251,1.00024,1.00135,1.0005785714285713,1.000601,1.0000832,1.0006329790040382,1.0004869339155562,0.00014604508848203857,0.00013287114866564496,1.3173939816393603e-05,55.12422360248391,1.000601,0.0004886598214406524,1.0015783196428814,0.9996236803571188,0.0006995452955578241,0.0005862593519428863,0.0005802186073848092,0.32999999999999996,0.38183766184073564,2.0,0.65,0.21213203435596428,"{'positive': 2, 'negative': 0, 'neutral': 0}",0.0,0.0,1.0,0.0
USDT,2024-12-05,1.00135,1.00258,1.0,1.00207,1.000867142857143,1.0006894999999998,1.0001285999999998,1.0008540591572632,1.0006041980699594,0.0002498610873038487,0.00015626913639328572,9.359195091056298e-05,58.17655571635395,1.0006894999999998,0.0005825395853146293,1.001854579170629,0.9995244208293705,0.0007190293104308854,0.00043087099700773356,0.0005823625499818518,0.32999999999999996,0.38183766184073564,2.0,0.65,0.21213203435596428,"{'positive': 2, 'negative': 0, 'neutral': 0}",0.0,0.0,1.0,0.0
USDT,2024-12-06,1.002,1.00223,1.00027,1.00143,1.000967142857143,1.0007435,1.0001643999999998,1.0009426654407612,1.0006653685832958,0.0002772968574653589,0.00018047468060770037,9.682217685765855e-05,52.68096514745294,1.0007435,0.0005992299883889996,1.001941959976778,0.999545040023222,-0.0006386779366710504,0.000511796057687165,0.0005831460720613093,0.32999999999999996,0.38183766184073564,2.0,0.65,0.21213203435596428,"{'positive': 2, 'negative': 0, 'neutral': 0}",0.0,0.0,1.0,0.0
USDT,2024-12-07,1.00143,1.00161,1.00045,1.0007,1.0010100000000002,1.0007765,1.000181,1.0009053322960286,1.0006679338734221,0.00023739842260650512,0.00019185942900746134,4.553899359904378e-05,47.66584766584732,1.0007765,0.0005761786547091695,1.0019288573094183,0.9996241426905816,-0.000728957590645507,0.0005847122851317603,0.0005989261493882722,0.32999999999999996,0.38183766184073564,2.0,0.65,0.21213203435596428,"{'positive': 2, 'negative': 0, 'neutral': 0}",0.0,0.0,1.0,0.0
USDT,2024-12-08,1.0007,1.00086,1.00028,1.00056,1.0010171428571428,1.0007595,1.0001967999999999,1.0008522042504857,1.0006599387716872,0.0001922654787984701,0.0001919406389656631,3.248398328070093e-07,47.31707317073165,1.0007595,0.0005773576379875153,1.001914215275975,0.999604784724025,-0.00013990206855207798,0.0005875617525550009,0.0005987908402596012,0.32999999999999996,0.38183766184073564,2.0,0.65,0.21213203435596428,"{'positive': 2, 'negative': 0, 'neutral': 0}",0.0,0.0,1.0,0.0
USDT,2024-12-09,1.00055,1.0007,0.99915,1.0003,1.0010085714285715,1.000711,1.0002094000000001,1.000767249750411,1.000633276640451,0.00013397310995988398,0.00018034713316450728,-4.6374023204623295e-05,53.814147018030184,1.000711,0.0005729416246883775,1.0018568832493766,0.9995651167506232,-0.0002598544814902404,0.0005938989669460526,0.0005970123328275175,0.32999999999999996,0.38183766184073564,2.0,0.65,0.21213203435596428,"{'positive': 2, 'negative': 0, 'neutral': 0}",0.0,0.0,1.0,0.0
USDT,2025-01-27,0.99984,1.00017,0.9992,0.99975,1.00088,1.000664,1.0002128000000001,1.0006107497888093,1.0005678487411584,4.290104765081182e-05,0.0001528579160617682,-0.00010995686841095637,50.85190039318532,1.000664,0.0006119803918734089,1.0018879607837468,0.9994400392162531,-0.0005498350494851367,0.0006082355515564362,0.0006029861791197173,0.32999999999999996,0.38183766184073564,2.0,0.65,0.21213203435596428,"{'positive': 2, 'negative': 0, 'neutral': 0}",0.0,0.0,1.0,0.0
USDT,2025-01-28,0.99975,1.0001,0.99922,0.99935,1.0005942857142858,1.0005845,1.0002142,1.0004167882828385,1.000477637723295,-6.084944045636753e-05,0.00011011644475814106,-0.0001709658852145086,37.59398496240622,1.0005845,0.0006743376867914456,1.001933175373583,0.9992358246264171,-0.00040010002500634467,0.000489103099852163,0.0005954911289184589,0.32999999999999996,0.38183766184073564,2.0,0.65,0.21213203435596428,"{'positive': 2, 'negative': 0, 'neutral': 0}",0.0,0.0,1.0,0.0
USDT,2025-01-29,0.99935,1.0001,0.99934,0.99996,1.000292857142857,1.000531,1.0002346,1.0003465131624019,1.000439294188236,-9.278102583420988e-05,6.953695063967087e-05,-0.00016231797647388074,49.28684627575163,1.000531,0.0006795579058522696,1.0018901158117046,0.9991718841882955,0.0006103967578925396,0.00045225423011308004,0.0006019286369760018,0.32999999999999996,0.38183766184073564,2.0,0.65,0.21213203435596428,"{'positive': 2, 'negative': 0, 'neutral': 0}",0.0,0.0,1.0,0.0
USDT,2025-01-30,0.99998,1.00027,0.99981,1.00009,1.0001014285714285,1.0004814999999998,1.0002486,1.0003070495989554,1.000413420544663,-0.0001063709457076456,3.4355371370207575e-05,-0.00014072631707785318,44.44444444444487,1.0004814999999998,0.0006734926639979665,1.0018284853279957,0.9991345146720039,0.00013000520020800543,0.00044991047269367634,0.000596076022178026,0.32999999999999996,0.38183766184073564,2.0,0.65,0.21213203435596428,"{'positive': 2, 'negative': 0, 'neutral': 0}",0.0,0.0,1.0,0.0
USDT,2025-01-31,1.0001,1.00024,0.99941,0.99971,0.9999599999999998,1.0004170000000001,1.0002788,1.0002151958145007,1.0003613153191324,-0.0001461195046317254,-1.7396038301790225e-06,-0.00014437990080154637,44.06196213425177,1.0004170000000001,0.0006829279071424598,1.001782855814285,0.9990511441857152,-0.00037996580307764205,0.00039655839176774003,0.0005728969518240464,0.32999999999999996,0.38183766184073564,2.0,0.65,0.21213203435596428,"{'positive': 2, 'negative': 0, 'neutral': 0}",0.0,0.0,1.0,0.0
USDT,2025-02-01,0.99972,0.99995,0.99943,0.99976,0.9998457142857143,1.0004174999999997,1.0003001999999999,1.0001451656891929,1.0003167734436411,-0.00017160775444824417,-3.571323395379205e-05,-0.00013589452049445213,43.47826086956513,1.0004174999999997,0.0006824173364524285,1.0017823346729047,0.9990526653270949,5.0014504206163934e-05,0.00040311422180307665,0.0005718738532451984,0.32999999999999996,0.38183766184073564,2.0,0.65,0.21213203435596428,"{'positive': 2, 'negative': 0, 'neutral': 0}",0.0,0.0,1.0,0.0
USDT,2025-02-02,0.99976,1.0001,0.99905,0.9997,0.99976,1.0004214999999999,1.0003218,1.0000766786600863,1.00027108652189,-0.00019440786180369152,-6.745215952377195e-05,-0.00012695570227991957,44.169611307421526,1.0004214999999999,0.000677715007667029,1.0017769300153339,0.9990660699846658,-6.001440345682063e-05,0.00039812449184100886,0.0005717766101135598,0.32999999999999996,0.38183766184073564,2.0,0.65,0.21213203435596428,"{'positive': 2, 'negative': 0, 'neutral': 0}",0.0,0.0,1.0,0.0
USDT,2025-02-03,0.99971,1.00209,0.99946,1.001,0.9999385714285715,1.0004215,1.0003558,1.000218728096996,1.0003250801128611,-0.00010635201586506327,-7.523213079203022e-05,-3.111988507303305e-05,52.62368815592102,1.0004215,0.000677715007667029,1.001776930015334,0.9990660699846661,0.0013003901170349774,0.0006010523355430836,0.0006175240298484797,0.32999999999999996,0.38183766184073564,2.0,0.65,0.21213203435596428,"{'positive': 2, 'negative': 0, 'neutral': 0}",0.0,0.0,1.0,0.0
USDT,2025-02-04,1.00101,1.00122,1.00007,1.00049,1.0001014285714285,1.0004434999999998,1.0003718,1.0002604622359197,1.0003372964007973,-7.683416487758166e-05,-7.555253760914051e-05,-1.2816272684411449e-06,43.36419753086486,1.0004434999999998,0.0006721393574457599,1.0017877787148914,0.9990992212851083,-0.0005094905094903401,0.000619739901501313,0.0006047049370043994,0.32999999999999996,0.38183766184073564,2.0,0.65,0.21213203435596428,"{'positive': 2, 'negative': 0, 'neutral': 0}",0.0,0.0,1.0,0.0
USDT,2025-02-05,1.00049,1.00054,0.99997,1.00008,1.0001185714285714,1.000411,1.0003798000000002,1.000232698815009,1.0003182374081456,-8.553859313664702e-05,-7.754974871464181e-05,-7.988844422005212e-06,33.87358184764929,1.000411,0.0006732708847475398,1.001757541769495,0.9990644582305048,-0.00040979919839279066,0.0006169565828295368,0.0006044201546774033,0.32999999999999996,0.38183766184073564,2.0,0.65,0.21213203435596428,"{'positive': 2, 'negative': 0, 'neutral': 0}",0.0,0.0,1.0,0.0
USDT,2025-02-06,1.00008,1.00062,1.0,1.00007,1.0001157142857144,1.0003945,1.0004074,1.0002076682280845,1.0002998494519868,-9.21812239023101e-05,-8.047604375217547e-05,-1.1705180150134621e-05,37.72563176895206,1.0003945,0.0006775845257323511,1.0017496690514647,0.9990393309485354,-9.999200064059188e-06,0.0006149602636306666,0.00059576285626812,0.32999999999999996,0.38183766184073564,2.0,0.65,0.21213203435596428,"{'positive': 2, 'negative': 0, 'neutral': 0}",0.0,0.0,1.0,0.0
USDT,2025-02-07,1.00007,1.0007,0.99999,1.00003,1.0001614285714286,1.0003705,1.0004218,1.000180334654533,1.0002798606036916,-9.952594915851876e-05,-8.428602483344414e-05,-1.5239924325074618e-05,43.09278350515457,1.0003705,0.0006817660889471629,1.0017340321778945,0.9990069678221057,-3.999720019598474e-05,0.0005932402078528775,0.0005935741741814005,0.32999999999999996,0.38183766184073564,2.0,0.65,0.21213203435596428,"{'positive': 2, 'negative': 0, 'neutral': 0}",0.0,0.0,1.0,0.0
USDT,2025-02-08,1.00004,1.0003,0.99975,1.00008,1.0002071428571429,1.0003565,1.000429,1.0001648985538356,1.0002650561145292,-0.00010015756069359227,-8.746033200547377e-05,-1.2697228688118508e-05,44.9579831932789,1.0003565,0.0006848609156044407,1.001726221831209,0.9989867781687912,4.999850004505646e-05,0.0005932401892580254,0.0005933404507685944,0.32999999999999996,0.38183766184073564,2.0,0.65,0.21213203435596428,"{'positive': 2, 'negative': 0, 'neutral': 0}",0.0,0.0,1.0,0.0
USDT,2025-02-09,1.00008,1.00024,1.00002,1.00012,1.0002671428571428,1.00033,1.0004393999999999,1.0001579910840148,1.0002543112171567,-9.632013314186949e-05,-8.923229223275292e-05,-7.087840909116572e-06,48.0176211453735,1.00033,0.0006831583002469496,1.0016963166004937,0.998963683399506,3.9996800255792664e-05,0.0005914667760559114,0.0005932961369627323,0.32999999999999996,0.38183766184073564,2.0,0.65,0.21213203435596428,"{'positive': 2, 'negative': 0, 'neutral': 0}",0.0,0.0,1.0,0.0
USDT,2025-02-10,1.00011,1.0003,1.0,1.00017,1.0001485714285716,1.0002710000000001,1.0004584,1.000159838609551,1.0002480659418118,-8.822733226088175e-05,-8.90313002383787e-05,8.039679774969437e-07,55.19801980198027,1.0002710000000001,0.00064002384826999,1.0015510476965401,0.9989909523034601,4.999400071992177e-05,0.00023719440593832972,0.0005934070047395457,0.32999999999999996,0.38183766184073564,2.0,0.65,0.21213203435596428,"{'positive': 2, 'negative': 0, 'neutral': 0}",0.0,0.0,1.0,0.0
USDT,2025-02-11,1.00017,1.00026,0.99969,0.99989,1.0000628571428571,1.000162,1.0004586,1.0001183249773122,1.0002215425387146,-0.00010321756140241334,-9.186855247118563e-05,-1.1349008931227708e-05,56.887755102041154,1.000162,0.00048417700116777846,1.0011303540023355,0.9991936459976645,-0.0002799524080906446,0.0001840381631433013,0.0005493813874976421,0.32999999999999996,0.38183766184073564,2.0,0.65,0.21213203435596428,"{'positive': 2, 'negative': 0, 'neutral': 0}",0.0,0.0,1.0,0.0
USDT,2025-02-12,0.99988,1.0001,0.99963,1.00007,1.0000614285714284,1.000094,1.000448,1.0001108903654181,1.0002103171654766,-9.942680005847748e-05,-9.338020198864401e-05,-6.046598069833474e-06,51.57593123209258,1.000094,0.0003812914343827539,1.0008565828687654,0.9993314171312345,0.00018001980217841052,0.0001408693958850842,0.0005496734716575458,0.32999999999999996,0.38183766184073564,2.0,0.65,0.21213203435596428,"{'positive': 2, 'negative': 0, 'neutral': 0}",0.0,0.0,1.0,0.0
USDT,2025-02-13,1.00007,1.00013,0.99991,1.00002,1.0000542857142858,1.00006,1.0004385999999998,1.000096907232277,1.0001962195976635,-9.931236538651689e-05,-9.456663466821859e-05,-4.745730718298298e-06,48.97360703812293,1.00006,0.00035373198304434046,1.0007674639660886,0.9993525360339113,-4.999650024506419e-05,0.0001420813479897009,0.00048543850052799284,0.32999999999999996,0.38183766184073564,2.0,0.65,0.21213203435596428,"{'positive': 2, 'negative': 0, 'neutral': 0}",0.0,0.0,1.0,0.0
USDT,2025-02-14,1.00002,1.00042,0.99997,1.00017,1.0000742857142857,1.0000405,1.000429,1.0001081522734652,1.000194277405244,-8.612513177874703e-05,-9.287833409032428e-05,6.753202311577248e-06,57.232704402515814,1.0000405,0.00033497014798196227,1.0007104402959641,0.9993705597040362,0.00014999700006002037,0.0001525210017882076,0.00045436275302539983,0.32999999999999996,0.38183766184073564,2.0,0.65,0.21213203435596428,"{'positive': 2, 'negative': 0, 'neutral': 0}",0.0,0.0,1.0,0.0
USDT,2025-02-15,1.00016,1.00017,0.99998,1.00008,1.0000742857142857,1.0000295,1.0004248,1.0001038211544706,1.000185812412263,-8.1991257792291e-05,-9.070091883071763e-05,8.709661038426635e-06,54.9689440993804,1.0000295,0.0003295686974742554,1.0006886373949484,0.9993703626050514,-8.99847026004652e-05,0.0001570433167931446,0.00043625423881919154,0.32999999999999996,0.38183766184073564,2.0,0.65,0.21213203435596428,"{'positive': 2, 'negative': 0, 'neutral': 0}",0.0,0.0,1.0,0.0
USDT,2025-02-16,1.00008,1.00015,0.9999,1.00011,1.0000728571428572,1.0000475,1.0004157999999999,1.0001047717460905,1.0001801966780213,-7.542493193080091e-05,-8.76457214507343e-05,1.2220789519933387e-05,56.42633228840154,1.0000475,0.0003232707029835227,1.000694041405967,0.9994009585940329,2.9997600192066542e-05,0.00015666400354670169,0.00043241807640773507,0.32999999999999996,0.38183766184073564,2.0,0.65,0.21213203435596428,"{'positive': 2, 'negative': 0, 'neutral': 0}",0.0,0.0,1.0,0.0
USDT,2025-02-17,1.0001,1.00012,0.99989,1.00003,1.000052857142857,1.0000814999999998,1.0003936,1.0000932684005381,1.0001690709981679,-7.580259762973718e-05,-8.527709668653488e-05,9.474499056797702e-06,25.38071065990374,1.0000814999999998,0.0002787429490012051,1.0006389858980023,0.9995240141019974,-7.999120096802148e-05,0.00015725695928627752,0.00043199796290254545,0.32999999999999996,0.38183766184073564,2.0,0.65,0.21213203435596428,"{'positive': 2, 'negative': 0, 'neutral': 0}",0.0,0.0,1.0,0.0
USDT,2025-02-18,1.00004,1.0016,0.99932,0.99939,0.9999814285714287,1.0000529999999999,1.0003684,0.9999850732619938,1.0001113620353406,-0.00012628877334674993,-9.34794320185779e-05,-3.280934132817203e-05,23.809523809526823,1.0000529999999999,0.0003181707585840897,1.000689341517168,0.9994166584828317,-0.0006399808005759233,0.00027284655505351095,0.0004462699438913971,0.32999999999999996,0.38183766184073564,2.0,0.65,0.21213203435596428,"{'positive': 2, 'negative': 0, 'neutral': 0}",0.0,0.0,1.0,0.0
USDT,2025-02-19,0.99939,1.0003,0.99935,0.99986,0.9999514285714286,1.0000415,1.0003436,0.999965831221687,1.0000927426253154,-0.0001269114036284158,-0.00010016582634054548,-2.6745577287870314e-05,44.90740740740579,1.0000415,0.00032090784057782945,1.0006833156811556,0.9993996843188444,0.00047028687499373056,0.0003328811839508932,0.0004519393625814979,0.32999999999999996,0.38183766184073564,2.0,0.65,0.21213203435596428,"{'positive': 2, 'negative': 0, 'neutral': 0}",0.0,0.0,1.0,0.0
USDT,2025-02-20,0.99986,1.00048,0.9993,1.00015,0.99997,1.0000635,1.0003442,0.999994164879889,1.000096983912329,-0.00010281903244002688,-0.00010069646756044177,-2.122564879585115e-06,51.639344262296426,1.0000635,0.0003119425555029912,1.000687385111006,0.999439614888994,0.00029004060568493806,0.00035363249329877525,0.00043513438010483807,0.32999999999999996,0.38183766184073564,2.0,0.65,0.21213203435596428,"{'positive': 2, 'negative': 0, 'neutral': 0}",0.0,0.0,1.0,0.0
USDT,2025-02-21,1.00016,1.0008,0.99901,0.99935,0.9998528571428571,1.0000430000000002,1.0003252,0.9998950625906753,1.000041651770675,-0.0001465891799996566,-0.00010987501004828474,-3.671416995137185e-05,39.37500000000156,1.0000430000000002,0.0003446905554064844,1.0007323811108133,0.9993536188891873,-0.0007998800179974674,0.00046081986710902554,0.0004321428823908318,0.32999999999999996,0.38183766184073564,2.0,0.65,0.21213203435596428,"{'positive': 2, 'negative': 0, 'neutral': 0}",0.0,0.0,1.0,0.0
USDT,2025-02-22,0.99936,1.0004,0.99935,0.99987,0.9998228571428571,1.0000515,1.0003156,0.9998912068074944,1.000028936824699,-0.00013773001720462918,-0.00011544601147955364,-2.2284005725075543e-05,47.13896457765647,1.0000515,0.00033781457080706885,1.0007271291416142,0.999375870858386,0.0005203382198428752,0.0005206527409833072,0.00043325322289802196,0.32999999999999996,0.38183766184073564,2.0,0.65,0.21213203435596428,"{'positive': 2, 'negative': 0, 'neutral': 0}",0.0,0.0,1.0,0.0
USDT,2025-02-23,1.00016,1.0005,0.9997,0.99999,0.9998057142857143,1.000001,1.0003146,0.9999064057601876,1.000026052615462,-0.00011964685527443564,-0.00011628618023853005,-3.360675035905586e-06,48.266666666668954,1.000001,0.00025354123517470786,1.0005080824703494,0.9994939175296506,0.00012001560202823391,0.0005234822756450765,0.00041483778534045287,0.32999999999999996,0.38183766184073564,2.0,0.65,0.21213203435596428,"{'positive': 2, 'negative': 0, 'neutral': 0}",0.0,0.0,1.0,0.0
USDT,2025-02-24,1.0,1.0006,0.99953,0.99994,0.9997928571428571,0.9999735000000001,1.0002954,0.9999115741047742,1.00001967834765,-0.00010810424287588383,-0.00011464979276600081,6.545549890116988e-06,46.93333333333444,0.9999735000000001,0.0002260478524963131,1.0004255957049928,0.9995214042950075,-5.000050000503187e-05,0.0005230035484564946,0.0004142928407319363,0.32999999999999996,0.38183766184073564,2.0,0.65,0.21213203435596428,"{'positive': 2, 'negative': 0, 'neutral': 0}",0.0,0.0,1.0,0.0
USDT,2025-02-25,0.99994,0.99995,0.99837,0.999,0.9997371428571429,0.9999195000000001,1.00025,0.9997713319348089,0.9999441466181945,-0.00017281468338559147,-0.00012628277088991895,-4.653191249567252e-05,39.90929705215613,0.9999195000000001,0.0003119459299258242,1.0005433918598516,0.9992956081401484,-0.0009400564033842373,0.0005908775021071402,0.00044529271726615545,0.32999999999999996,0.38183766184073564,2.0,0.65,0.21213203435596428,"{'positive': 2, 'negative': 0, 'neutral': 0}",0.0,0.0,1.0,0.0
USDT,2025-02-26,0.99902,0.9995,0.9978,0.9979,0.9994571428571428,0.999811,1.0001942,0.9994834347140691,0.9997927283501801,-0.0003092936361109855,-0.00016288494393413227,-0.0001464086921768532,29.64352720450468,0.999811,0.0005462397777318457,1.0009034795554637,0.9987185204445364,-0.0011011011011010652,0.0006530130751567688,0.00047715288250041465,0.32999999999999996,0.38183766184073564,2.0,0.65,0.21213203435596428,"{'positive': 2, 'negative': 0, 'neutral': 0}",0.0,0.0,1.0,0.0
USDT,2025-02-27,0.9979,0.9995,0.9977,0.9986,0.9992357142857143,0.9997395000000001,1.0001474000000001,0.9993475216811354,0.9997043781020186,-0.00035685642088323366,-0.00020167923932395255,-0.00015517718155928111,38.12709030100531,0.9997395000000001,0.0006063477810785159,1.0009521955621572,0.998526804437843,0.0007014730934964408,0.0007271855414848721,0.0004923511827449931,0.32999999999999996,0.38183766184073564,2.0,0.65,0.21213203435596428,"{'positive': 2, 'negative': 0, 'neutral': 0}",0.0,0.0,1.0,0.0
USDT,2025-02-28,0.9986,0.99986,0.9982,0.9993,0.9992285714285715,0.9997005,1.0001128,0.9993402106532684,0.9996744241685358,-0.00033421351526741194,-0.00022818609451264444,-0.0001060274207547675,43.33843797856047,0.9997005,0.0006083755332964034,1.000917251066593,0.9984837489334072,0.0007009813739233817,0.0007490984320296701,0.0004966408085179991,0.32999999999999996,0.38183766184073564,2.0,0.65,0.21213203435596428,"{'positive': 2, 'negative': 0, 'neutral': 0}",0.0,0.0,1.0,0.0
USDT,2025-03-01,0.9993,0.9998,0.9989,0.9994,0.9991614285714286,0.9996645000000001,1.0000792,0.999349409014304,0.9996540964523479,-0.00030468743804390463,-0.0002434863632188965,-6.120107482500813e-05,44.80122324158951,0.9996645000000001,0.0006035288769423228,1.0008715577538847,0.9984574422461154,0.0001000700490343398,0.0007159044461075558,0.0004963550938894103,0.32999999999999996,0.38183766184073564,2.0,0.65,0.21213203435596428,"{'positive': 2, 'negative': 0, 'neutral': 0}",0.0,0.0,1.0,0.0
USDT,2025-03-02,0.9994,1.0005,0.999,0.9994,0.9990771428571428,0.9996259999999999,1.0000472,0.9993571922428727,0.9996352744929148,-0.00027808225004211096,-0.0002504055405835394,-2.767670945857156e-05,44.54685099846343,0.9996259999999999,0.000594070702896727,1.0008141414057934,0.9984378585942064,0.0,0.0007121077452737672,0.000491755781630023,0.32999999999999996,0.38183766184073564,2.0,0.65,0.21213203435596428,"{'positive': 2, 'negative': 0, 'neutral': 0}",0.0,0.0,1.0,0.0
USDT,2025-03-03,0.9994,1.0,0.9989,0.999,0.9989428571428572,0.9995815,1.0000322,0.999302239590123,0.9995882171230692,-0.0002859775329462355,-0.0002575199390560786,-2.8457593890156903e-05,42.45973645680863,0.9995815,0.0006064588761502246,1.0007944177523005,0.9983685822476995,-0.00040024014408646114,0.0007215549347548612,0.000496700065234702,0.32999999999999996,0.38183766184073564,2.0,0.65,0.21213203435596428,"{'positive': 2, 'negative': 0, 'neutral': 0}",0.0,0.0,1.0,0.0
USDT,2025-03-04,0.9991,1.003,0.9988,0.99978,0.9990542857142858,0.9995669999999999,1.0000354,0.9993757411916425,0.9996024232621011,-0.000226682070458617,-0.0002513523653365863,2.4670294877969284e-05,52.797704447632626,0.9995669999999999,0.0005975661161731613,1.0007621322323461,0.9983718677676535,0.0007807807807806988,0.0006938221791652748,0.0005179367456249504,0.32999999999999996,0.38183766184073564,2.0,0.65,0.21213203435596428,"{'positive': 2, 'negative': 0, 'neutral': 0}",0.0,0.0,1.0,0.0
USDT,2025-03-05,0.99978,1.0,0.9995,0.99996,0.9993485714285715,0.999564,1.0000145999999999,0.999465627162159,0.9996289104278714,-0.00016328326571235507,-0.00023373854541174004,7.045527969938497e-05,50.748502994011865,0.999564,0.0005953185790538607,1.0007546371581078,0.9983733628418923,0.00018003960871393332,0.00044490095168324596,0.0004580815797565073,0.32999999999999996,0.38183766184073564,2.0,0.65,0.21213203435596428,"{'positive': 2, 'negative': 0, 'neutral': 0}",0.0,0.0,1.0,0.0
USDT,2025-03-06,0.99997,1.0002,0.9998,0.99999,0.9995471428571429,0.999555,1.0000134,0.9995462999064423,0.9996556578035847,-0.00010935789714239252,-0.00020886241575787055,9.950451861547802e-05,48.75389408099654,0.999555,0.0005869770909529415,1.0007289541819058,0.9983810458180941,3.0001200048035415e-05,0.0004138942872184466,0.0004492989857204974,0.32999999999999996,0.38183766184073564,2.0,0.65,0.21213203435596428,"{'positive': 2, 'negative': 0, 'neutral': 0}",0.0,0.0,1.0,0.0
USDT,2025-03-07,0.99999,1.0001,0.99953,0.99957,0.9995857142857142,0.9995295000000001,0.9999902,0.999549946074682,0.9996493127810969,-9.93667064149717e-05,-0.00018696327388929078,8.759656747431909e-05,51.82119205298007,0.9995295000000001,0.0005739014678299129,1.00067730293566,0.9983816970643402,-0.00042000420004206784,0.0004039551122629861,0.0004496107267111248,0.32999999999999996,0.38183766184073564,2.0,0.65,0.21213203435596428,"{'positive': 2, 'negative': 0, 'neutral': 0}",0.0,0.0,1.0,0.0
USDT,2025-03-08,0.99957,0.99982,0.99952,0.99967,0.9996242857142857,0.9995075,0.9999756,0.9995684159093463,0.9996508451676823,-8.242925833601422e-05,-0.0001660564707786355,8.362721244262127e-05,48.22064056939425,0.9995075,0.0005587097448478147,1.0006249194896957,0.9983900805103043,0.00010004301849786401,0.0004039544275625523,0.00045011760499894416,0.32999999999999996,0.38183766184073564,2.0,0.65,0.21213203435596428,"{'positive': 2, 'negative': 0, 'neutral': 0}",0.0,0.0,1.0,0.0
USDT,2025-03-09,0.9992,0.99993,0.999,0.9995,0.9996385714285714,0.999481,0.9999554,0.9995578903848316,0.9996396714515577,-8.178106672618313e-05,-0.00014920138996814503,6.74203232419619e-05,45.67901234567906,0.999481,0.0005450243838471624,1.0005710487676942,0.9983909512323056,-0.00017005611851905744,0.00041170612800105064,0.00045100967823623984,0.32999999999999996,0.38183766184073564,2.0,0.65,0.21213203435596428,"{'positive': 2, 'negative': 0, 'neutral': 0}",0.0,0.0,1.0,0.0
USDT,2025-03-10,0.9994,0.9997,0.9989,0.9993,0.9996814285714285,0.9994765000000001,0.9999342,0.9995182149410113,0.9996145106032942,-9.629566228286368e-05,-0.00013862024443108876,4.2324582148225076e-05,44.501718213057735,0.9994765000000001,0.0005461855767512991,1.0005688711535028,0.9983841288464975,-0.00020010005002513154,0.0003841411698686004,0.0004520279111098306,0.32999999999999996,0.38183766184073564,2.0,0.65,0.21213203435596428,"{'positive': 2, 'negative': 0, 'neutral': 0}",0.0,0.0,1.0,0.0
USDT,2025-03-11,0.9992,0.99986,0.9991,0.99973,0.9996742857142857,0.99947,0.9999158,0.9995507972577788,0.9996230653734206,-7.226811564176039e-05,-0.0001253498186732231,5.3081703031462705e-05,56.87382297551792,0.99947,0.0005421400091436945,1.0005542800182874,0.9983857199817125,0.0004303012108475279,0.000280918366355295,0.0004595445258481858,0.32999999999999996,0.38183766184073564,2.0,0.65,0.21213203435596428,"{'positive': 2, 'negative': 0, 'neutral': 0}",0.0,0.0,1.0,0.0
USDT,2025-03-12,0.99973,0.99987,0.9995,0.99976,0.9996457142857142,0.9994504999999998,0.999884,0.9995829822950436,0.9996332086790931,-5.022638404950097e-05,-0.00011032513174847867,6.00987476989777e-05,71.93396226415051,0.9994504999999998,0.0005230726527363883,1.0004966453054727,0.998404354694527,3.0008102187562002e-05,0.00026976152560169426,0.0004594646866122419,0.32999999999999996,0.38183766184073564,2.0,0.65,0.21213203435596428,"{'positive': 2, 'negative': 0, 'neutral': 0}",0.0,0.0,1.0,0.0
USDT,2025-03-13,0.9995,1.0001,0.9991,0.99953,0.99958,0.9994594999999998,0.9998332000000001,0.9995748311727293,0.9996255635917529,-5.073241902364689e-05,-9.840658920351232e-05,4.767417017986543e-05,62.33421750663132,0.9994594999999998,0.0005228009081039767,1.0005051018162079,0.9984138981837919,-0.00023005521325114575,0.00027813236213046873,0.00045855654031583693,0.32999999999999996,0.38183766184073564,2.0,0.65,0.21213203435596428,"{'positive': 2, 'negative': 0, 'neutral': 0}",0.0,0.0,1.0,0.0
USDT,2025-03-14,0.99953,1.00013,0.99949,1.00001,0.999642857142857,0.9994665000000001,0.9998048,0.9996417802230786,0.9996540403627342,-1.2260139655606572e-05,-8.117729929393118e-05,6.89171596383246e-05,60.00000000000125,0.9994665000000001,0.0005294811263855752,1.0005254622527713,0.998407537747229,0.00048022570608186044,0.0002946371246297742,0.0004661027101876646,0.32999999999999996,0.38183766184073564,2.0,0.65,0.21213203435596428,"{'positive': 2, 'negative': 0, 'neutral': 0}",0.0,0.0,1.0,0.0
USDT,2025-03-15,1.00002,1.00016,0.99988,0.99998,0.9996871428571428,0.999466,0.9997904,0.9996938140349126,0.9996781855210501,1.562851386249786e-05,-6.181613666264537e-05,7.744465052514323e-05,58.33333333333334,0.999466,0.0005289652262360495,1.000523930452472,0.9984080695475279,-2.9999700003058294e-05,0.00029600212995773925,0.0004660458444050492,0.32999999999999996,0.38183766184073564,2.0,0.65,0.21213203435596428,"{'positive': 2, 'negative': 0, 'neutral': 0}",0.0,0.0,1.0,0.0
USDT,2025-03-16,0.99999,1.00011,0.99979,0.99993,0.9997485714285714,0.9994655,0.9997777999999999,0.9997301503372338,0.9996968384454168,3.331189181698946e-05,-4.279053096671841e-05,7.610242278370787e-05,57.507082152974625,0.9994655,0.0005284981203358542,1.0005224962406718,0.9984085037593283,-5.0001000019950226e-05,0.0002847750528193359,0.00046523777780465935,0.32999999999999996,0.38183766184073564,2.0,0.65,0.21213203435596428,"{'positive': 2, 'negative': 0, 'neutral': 0}",0.0,0.0,1.0,0.0
